timestamp_id,symbol,type,price,size,ema_200_val,trend_dir,atr_volatility,session_context,whale_strength,ml_confidence,Whale_ID,user_decision,final_pnl,outcome_label,exit_reason,signal_id
1775756126.9104,MES,SELL_SIGNAL,6602.5,1.0,,BULLISH,1.341555246803496,,0.23116042533518258,90.13%,,PENDING,6.25,WIN,Exit Detected,d0d9239e-d82a-4752-a0d3-4e31ed5d3253
1775756129.0068,MES,SELL_SIGNAL,6603.5,1.0,,BULLISH,1.4078259374143158,,0.28686173264486514,85.32%,,PENDING,,,,6e3063ae-f874-47cd-9d63-0de750d463dc
1775756141.933345,MES,SELL,6602.5,1,,,,,,,,APPROVED,6.25,WIN,Exit Executed,d0d9239e-d82a-4752-a0d3-4e31ed5d3253
1775757537.4659257,MES,SELL,6602.0,1,,,,,,,,APPROVED,-36.25,LOSS,Exit Executed,
1775778470.6898,MES,BUY_SIGNAL,6611.25,3.74,,BULLISH,2.4991912533665674,,0.4553201850499148,88.39%,,PENDING,3.75,WIN,Exit Detected,b1a74c82-0931-4880-9830-56dab86dc4b5
1775778485.8119605,MES,BUY,6611.25,1,,,,,,,,APPROVED,3.75,WIN,Exit Executed,b1a74c82-0931-4880-9830-56dab86dc4b5
1775778807.008572,MES,BUY,6618.75,1,,,,,,,,APPROVED,7.5,WIN,Exit Executed,
1775782441.7497,MES,SELL_SIGNAL,6613.5,1.0,,BULLISH,1.316313064869358,,0.22799817601459188,85.83%,,PENDING,-22.5,LOSS,Exit Detected,6b377293-e466-42a8-912f-4da2a846c823
1775782610.6501782,MES,SELL,6613.5,1,,,,,,,,APPROVED,-22.5,LOSS,Exit Executed,6b377293-e466-42a8-912f-4da2a846c823
1775792190.6578,MES,SELL_SIGNAL,6651.0,1.0,,SIDEWAYS,1.0,,47.45,80.82959705341679,,PENDING,-10.0,LOSS,Exit Detected,0b56bc92-c3a5-4600-aafa-87573fbcec81
1775792219.848577,MES,SELL,6651.0,1,,,,,,,,APPROVED,-10.0,LOSS,Exit Executed,0b56bc92-c3a5-4600-aafa-87573fbcec81
1775820956.3238,MES,SELL_SIGNAL,6602.75,1.0,,BULLISH,1.5825897748564617,,0.2590673575129534,86.82%,,PENDING,135.0,WIN,Exit Detected,776207b7-50a1-4c4e-abe6-5bc4f87f9f6f
1775821153.1242428,MES,SELL,6602.75,1,,,,,,,,APPROVED,135.0,WIN,Exit Executed,776207b7-50a1-4c4e-abe6-5bc4f87f9f6f
1775829676.9676,MES,SELL_SIGNAL,6519.75,1.0,,SIDEWAYS,1.5,,23.28,81.38296184636647,,PENDING,,,,b9a1bec9-a9f5-4bdf-9227-7156f3a443fc
1775830714.4328,MES,SELL_SIGNAL,6527.75,1.0,,BULLISH,1.3267670234307443,,0.26413100898045433,87.40%,,PENDING,,,,b9f05958-01cc-44ad-8bf5-4b17a4d02474
1775831964.8721,MES,BUY_SIGNAL,6551.75,3.56,,BULLISH,1.3570021378980532,,0.43659553593328426,85.92%,,PENDING,,,,0aa9b365-973f-4198-8f62-b4f1945f1555
1775832246.7461,MES,SELL_SIGNAL,6558.75,1.0,,BULLISH,1.3541302689589116,,0.0924727205474385,85.01%,,PENDING,,,,7b566c52-ff24-4bf1-891a-7b50735a3c5c
1775832247.7427,MES,SELL_SIGNAL,6558.5,1.0,,BULLISH,1.3658142063720393,,0.27731558513588467,87.22%,,PENDING,,,,414cadc0-a26b-4f9a-9e52-9fdc8ff7b6e0
1775834627.8846,MES,SELL_SIGNAL,6615.5,1.0,,BULLISH,3.0252118569880384,,0.28868360277136257,88.52%,,PENDING,,,,8dea9667-3226-4c4c-847b-3f8e7bdd6e60
1775858921.5109,MES,SELL_SIGNAL,6531.5,1.0,,BULLISH,1.3103981691004918,,0.09379103357719001,87.00%,,PENDING,-8.75,LOSS,Exit Detected,70ca392e-5026-473d-bbfa-0c055d8578b1
1775858969.101424,MES,SELL,6531.5,1,,,,,,,,APPROVED,-8.75,LOSS,Exit Executed,70ca392e-5026-473d-bbfa-0c055d8578b1
1775859331.9156,MES,SELL_SIGNAL,6520.0,1.0,,BULLISH,1.4203425225472666,,0.22331397945511391,85.58%,,PENDING,-8.75,LOSS,Exit Detected,3d81cd75-3144-45ae-a0bc-3e4e885db346
1775859439.5998743,MES,SELL,6520.0,1,,,,,,,,APPROVED,-8.75,LOSS,Exit Executed,3d81cd75-3144-45ae-a0bc-3e4e885db346
1775863050.6038,MES,SELL_SIGNAL,6616.0,1.0,,BULLISH,2.4429363178575376,,0.2545824847250509,85.00%,,PENDING,-21.25,LOSS,Exit Detected,207f81a9-10f5-4250-9585-cdab7f845eee
1775863051.6409,MES,SELL_SIGNAL,6617.5,1.0,,BULLISH,2.452641116496191,,0.2639915522703274,88.71%,,PENDING,,,,26281224-05f6-49b8-a482-89d747e23385
1775863158.4091136,MES,SELL,6616.0,1,,,,,,,,APPROVED,-21.25,LOSS,Exit Executed,207f81a9-10f5-4250-9585-cdab7f845eee
1775949297.8085,MES,BUY_SIGNAL,6628.0,1.43,,BULLISH,1.8021879357969866,,0.14654642344742777,89.85%,,PENDING,66.25,WIN,Exit Detected,41dbd8b9-27df-45e9-b8af-9e882c078962
1775949422.8198957,MES,BUY,6628.25,1,,,,,,,,APPROVED,66.25,WIN,Exit Executed,41dbd8b9-27df-45e9-b8af-9e882c078962
1776019880.0946,MES,SELL_SIGNAL,6614.0,1.0,,BULLISH,1.2709820928030373,,0.1092896174863388,87.53%,,PENDING,16.25,WIN,Exit Detected,5e0c757d-ca1e-4696-a037-d5689e5f73c5
1776019881.1395,MES,SELL_SIGNAL,6614.25,1.0,,BULLISH,1.2957448831694791,,0.22696323195642304,86.28%,,PENDING,,,,242c6525-7dc3-4b9e-93c1-14ce041ada09
1776019971.5897825,MES,SELL,6614.0,1,,,,,,,,APPROVED,16.25,WIN,Exit Executed,5e0c757d-ca1e-4696-a037-d5689e5f73c5
1776021198.7685,MES,SELL_SIGNAL,6589.25,1.0,,BULLISH,1.257014218600057,,0.3146633102580239,90.81%,,PENDING,11.25,WIN,Exit Detected,828bc6fd-62c0-4556-bb8f-1cfd927b9222
1776021247.9403162,MES,SELL,6589.25,1,,,,,,,,APPROVED,11.25,WIN,Exit Executed,828bc6fd-62c0-4556-bb8f-1cfd927b9222
1776305169.9401,MES,BUY_SIGNAL,6609.5,1.0,,BULLISH,1.8168234525201172,,0.28425241614553726,97.75%,,PENDING,-2.5,LOSS,Exit Detected,67820fd5-afe9-42fc-a664-aaae139e8361
1776305178.3886774,MES,BUY,6609.0,1,,,,,,,,APPROVED,-2.5,LOSS,Exit Executed,67820fd5-afe9-42fc-a664-aaae139e8361
1776305488.8109,MES,BUY_SIGNAL,6616.75,1.18,,BULLISH,1.4579499092400627,,0.1372093023255814,98.36%,Whale_26_208s,PENDING,15.0,WIN,Exit Detected,385237f3-4f45-4984-977a-6550887c09b7
1776305491.9298,MES,BUY_SIGNAL,6618.0,3.87,,BULLISH,1.4302213786999534,,0.38008249852681203,100.00%,Whale_26_208s,PENDING,,,,a6f92250-2357-4f1b-9d0e-6a46502bc454
1776305492.9898,MES,BUY_SIGNAL,6618.25,3.54,,BULLISH,1.4187692107761318,,0.3134407650079688,100.00%,Whale_26_208s,PENDING,,,,79a547e6-92bb-4e98-8391-7fb2bd6e4223
1776305525.6732602,MES,BUY,6616.75,1,,,,,,,,APPROVED,15.0,WIN,Exit Executed,385237f3-4f45-4984-977a-6550887c09b7
1776305924.3353,MES,SELL_SIGNAL,6609.5,1.0,,BEARISH,4.326478307818334,,0.2220248667850799,87.89%,,PENDING,18.75,WIN,Exit Detected,c7db1143-e0fa-49bc-8756-bfa3c7f0b41f
1776305946.8068638,MES,SELL,6609.5,1,,,,,,,,APPROVED,18.75,WIN,Exit Executed,c7db1143-e0fa-49bc-8756-bfa3c7f0b41f
1776306256.6562,MES,SELL_SIGNAL,6598.5,1.0,,BEARISH,1.4180223656129445,,0.273972602739726,99.81%,,PENDING,-12.5,LOSS,Exit Detected,b24cdac6-6c21-474c-ba23-92052b4d52b4
1776306293.7539287,MES,SELL,6598.5,1,,,,,,,,APPROVED,-12.5,LOSS,Exit Executed,b24cdac6-6c21-474c-ba23-92052b4d52b4
1776306600.2363,MES,BUY_SIGNAL,6612.25,4.57,,BULLISH,1.5309599200619715,,0.36519098609557293,92.53%,Whale_26_208s,PENDING,-18.75,LOSS,Exit Detected,a768e046-74b3-4465-9264-ac35e7ccb580
1776306643.6803248,MES,BUY,6612.25,1,,,,,,,,APPROVED,-18.75,LOSS,Exit Executed,a768e046-74b3-4465-9264-ac35e7ccb580
1776310245.5597,MES,BUY_SIGNAL,6634.75,1.0,,BEARISH,0.8911048179704616,,0.07726781023025807,100.00%,,PENDING,-8.75,LOSS,Exit Detected,0a2f92b1-864b-4420-9f7a-499f368bbbd0
1776310300.0327656,MES,BUY,6634.75,1,,,,,,,,APPROVED,-8.75,LOSS,Exit Executed,0a2f92b1-864b-4420-9f7a-499f368bbbd0
1776312435.8354,MES,SELL_SIGNAL,6628.5,1.0,,BEARISH,1.583950221782473,,0.10497585555322277,100.00%,,PENDING,1.25,WIN,Exit Detected,05a3f0e0-2805-418e-949e-2f956dee88e0
1776312443.8252535,MES,SELL,6628.5,1,,,,,,,,APPROVED,1.25,WIN,Exit Executed,05a3f0e0-2805-418e-949e-2f956dee88e0
1776312806.0114,MES,BUY_SIGNAL,6639.25,1.0,,BULLISH,0.6630241237696898,,0.24570024570024568,100.00%,,PENDING,11.25,WIN,Exit Detected,fe0e15fb-818e-4eeb-826d-f10c87f504e4
1776312807.0334,MES,BUY_SIGNAL,6640.25,1.0,,BULLISH,0.7550559338730053,,0.29325513196480935,100.00%,,PENDING,,,,42b49ae4-651c-4463-9053-5632b787b049
1776312808.052,MES,BUY_SIGNAL,6639.75,4.99,,BULLISH,0.831611922612049,,0.4113089350478074,100.00%,Whale_26_208s,PENDING,,,,e11658ce-593f-4b86-afc8-de347c4a36ae
1776312809.1478,MES,BUY_SIGNAL,6640.0,1.0,,BULLISH,0.8929652880429998,,0.22967386311437757,100.00%,,PENDING,,,,a72a9459-719a-4a57-b80b-cbf7a4575cda
1776312823.723301,MES,BUY,6639.0,1,,,,,,,,APPROVED,11.25,WIN,Exit Executed,fe0e15fb-818e-4eeb-826d-f10c87f504e4
1776313211.2084,MES,BUY_SIGNAL,6640.25,1.0,,BULLISH,0.500635189754315,,0.07926442612555486,100.00%,,PENDING,5.0,WIN,Exit Detected,99001cb3-e85a-4f69-98ef-bee72dcf1d85
1776313281.0413594,MES,BUY,6639.75,1,,,,,,,,APPROVED,5.0,WIN,Exit Executed,99001cb3-e85a-4f69-98ef-bee72dcf1d85
1776314013.0873,MES,BUY_SIGNAL,6648.0,1.0,,BULLISH,1.1617962300790912,,0.2729257641921397,100.00%,,PENDING,1.25,WIN,Exit Detected,04f27d85-8923-44a9-86e3-e236cc5c4116
1776314066.8920925,MES,BUY,6647.75,1,,,,,,,,APPROVED,1.25,WIN,Exit Executed,04f27d85-8923-44a9-86e3-e236cc5c4116
1776316131.5576,MES,SELL_SIGNAL,6636.75,1.0,,BEARISH,1.0506253182376837,,0.14413375612568463,100.00%,,PENDING,-13.75,LOSS,Exit Detected,0819dc0f-76ae-437c-9d59-6a8c4148a887
1776316142.463744,MES,SELL,6636.75,1,,,,,,,,APPROVED,-13.75,LOSS,Exit Executed,0819dc0f-76ae-437c-9d59-6a8c4148a887
1776318073.8125,MES,BUY_SIGNAL,6651.25,1.0,,BULLISH,1.3922961971380126,,0.09703085581214825,93.33%,,PENDING,1.25,WIN,Exit Detected,d99bdd11-c8b3-417f-89ab-4d4f68760962
1776318097.2306418,MES,BUY,6651.0,1,,,,,,,,APPROVED,1.25,WIN,Exit Executed,d99bdd11-c8b3-417f-89ab-4d4f68760962
1776319009.9176,MES,SELL_SIGNAL,6651.0,1.0,,SIDEWAYS,0.9375,,41.53,80.88632594759987,,PENDING,-10.0,LOSS,Exit Detected,3d3bd556-28e8-4b16-b91f-da7d0055e996
1776319039.0830874,MES,SELL,6651.0,1,,,,,,,,APPROVED,-10.0,LOSS,Exit Executed,3d3bd556-28e8-4b16-b91f-da7d0055e996
1776320067.0003,MES,SELL_SIGNAL,6646.25,1.0,,BEARISH,0.9160661875033952,,0.11820330969267141,90.40%,,PENDING,-3.75,LOSS,Exit Detected,520c179b-860f-4c3c-9b92-47360e5ce82e
1776320112.4715893,MES,SELL,6646.25,1,,,,,,,,APPROVED,-3.75,LOSS,Exit Executed,520c179b-860f-4c3c-9b92-47360e5ce82e
1776323799.3863,MES,BUY_SIGNAL,6610.0,1.0,,BULLISH,1.1834770542148705,,0.27746947835738067,99.33%,,PENDING,21.25,WIN,Exit Detected,d7055e89-d0b1-4b6b-aae0-3daf5bea4e51
1776323800.4235,MES,BUY_SIGNAL,6610.0,1.0,,BULLISH,1.239724716572738,,0.08496176720475786,98.50%,,PENDING,,,,8fdbc569-b1ae-47e7-ab20-1c5c2857d271
1776323801.4627,MES,BUY_SIGNAL,6610.25,1.0,,BULLISH,1.2924910800815592,,0.0944822373393802,97.50%,,PENDING,,,,992e3059-036d-44b4-b5a9-92c4d19ac436
1776323802.5158,MES,BUY_SIGNAL,6611.25,1.0,,BULLISH,1.3844054282725522,,0.07521058965102285,93.50%,,PENDING,,,,bfbba266-d2bb-4f8d-8f61-2819fdce3388
1776323837.2384965,MES,BUY,6609.75,1,,,,,,,,APPROVED,21.25,WIN,Exit Executed,d7055e89-d0b1-4b6b-aae0-3daf5bea4e51
1776324188.784,MES,SELL_SIGNAL,6614.25,1.0,,BULLISH,0.8324607013000912,,0.22341376228775692,88.45%,,PENDING,7.5,WIN,Exit Detected,36c4e09f-8e4d-43f0-bc70-5b0bdedcaf71
1776324211.0766988,MES,SELL,6614.25,1,,,,,,,,APPROVED,7.5,WIN,Exit Executed,36c4e09f-8e4d-43f0-bc70-5b0bdedcaf71
1776324546.007,MES,SELL_SIGNAL,6609.25,1.0,,BEARISH,1.1784538731208134,,0.2610966057441253,95.08%,,PENDING,-12.5,LOSS,Exit Detected,c25371c2-b3b8-4bcf-b47b-f2b723de8e59
1776324591.1042318,MES,SELL,6609.25,1,,,,,,,,APPROVED,-12.5,LOSS,Exit Executed,c25371c2-b3b8-4bcf-b47b-f2b723de8e59
1776325455.8051,MES,BUY_SIGNAL,6619.75,3.94,,BULLISH,0.6859542201126803,,0.29866585809581564,100.00%,Whale_26_208s,PENDING,0.0,LOSS,Exit Detected,4e8cd704-52b7-44fe-b810-b51f27ba5a8c
1776325500.953599,MES,BUY,6619.75,1,,,,,,,,APPROVED,0.0,LOSS,Exit Executed,4e8cd704-52b7-44fe-b810-b51f27ba5a8c
1776326602.2319,MES,BUY_SIGNAL,6628.5,1.0,,BULLISH,1.1544788121414857,,0.22271714922048996,96.75%,,PENDING,1.25,WIN,Exit Detected,21287f41-7197-4b8f-a18f-799a2b7b2285
1776326654.6515503,MES,BUY,6628.25,1,,,,,,,,APPROVED,1.25,WIN,Exit Executed,21287f41-7197-4b8f-a18f-799a2b7b2285
1776327047.3511,MES,SELL_SIGNAL,6624.5,1.0,,BEARISH,1.1035622212957394,,0.23969319271332695,92.81%,,PENDING,-5.0,LOSS,Exit Detected,94e37958-837a-46e3-b758-aebee7bf2ccd
1776327108.028633,MES,SELL,6624.5,1,,,,,,,,APPROVED,-5.0,LOSS,Exit Executed,94e37958-837a-46e3-b758-aebee7bf2ccd
1776327559.9438,MES,BUY_SIGNAL,6633.25,2.22,,BULLISH,0.5446192885782924,,0.273938795656466,100.00%,Whale_26_208s,PENDING,-1.25,LOSS,Exit Detected,d4e275ad-1162-4c66-b9a4-73f64dad9812
1776327561.0093,MES,BUY_SIGNAL,6634.5,1.0,,BULLISH,0.6417116060277658,,0.24752475247524752,100.00%,,PENDING,,,,3744dfbf-ea23-41c4-aeaf-9b2fc7452947
1776327570.3648,MES,BUY_SIGNAL,6633.25,1.0,,BEARISH,1.0869994464626784,,0.09648784253184099,99.75%,,PENDING,,,,13868278-f449-4978-950a-c63626db6d1f
1776327570.447861,MES,BUY,6633.5,1,,,,,,,,APPROVED,-1.25,LOSS,Exit Executed,d4e275ad-1162-4c66-b9a4-73f64dad9812
1777049412.8284,MES,SELL_SIGNAL,6596.75,1.0,,BEARISH,1.2906867068120145,,0.032051282051282055,80.75%,,PENDING,0.0,LOSS,Exit Detected,d27c1690-96c8-4cac-9268-5999bc36ac77
1777049413.2418706,MES,SHORT,6596.75,1,,,,,,,,APPROVED,0.0,LOSS,Exit Executed,d27c1690-96c8-4cac-9268-5999bc36ac77
1777049614.858828,MES,SELL,6601.75,1,,,,,,,,APPROVED,-11.25,LOSS,Exit Executed,
1777050702.3407,MES,SELL_SIGNAL,6596.75,1.0,,BEARISH,1.2647156398643586,,0.032051282051282055,81.33%,,PENDING,0.0,LOSS,Exit Detected,86e6d227-f3bf-4e2b-92a6-cce5043c2ec7
1777050702.7561872,MES,SHORT,6596.75,1,,,,,,,,APPROVED,0.0,LOSS,Exit Executed,86e6d227-f3bf-4e2b-92a6-cce5043c2ec7
1777052383.2738,MES,SELL_SIGNAL,6592,1.0,,BEARISH,20.757458583950175,,0.02293577981651376,81.67%,,PENDING,3.75,WIN,Exit Detected,b10c86e6-a107-4d4a-9225-b8f5814ab0a2
1777052398.3570154,MES,SHORT,6592,1,,,,,,,,APPROVED,3.75,WIN,Exit Executed,b10c86e6-a107-4d4a-9225-b8f5814ab0a2
1777053260.0847,MES,BUY_SIGNAL,6597.5,1.0,,BULLISH,1.021865470376616,,0.0273224043715847,80.00%,,PENDING,,,,0fc3cd73-1477-47cd-84c5-4a150ff85401
1777053853.2686,MES,SELL_SIGNAL,6595.5,1.0,,BEARISH,1.3413973130331034,,0.03424657534246575,80.93%,,PENDING,-3.75,LOSS,Exit Detected,a943e491-b81f-4aef-928d-4bf3e33f5203
1777053858.3243465,MES,SHORT,6595.5,1,,,,,,,,APPROVED,-3.75,LOSS,Exit Executed,a943e491-b81f-4aef-928d-4bf3e33f5203
1777054528.5388,MES,SELL_SIGNAL,6593.25,1.0,,BEARISH,1.0078785685981957,,0.03105590062111801,80.41%,,PENDING,5.0,WIN,Exit Detected,fe0333a7-0073-4e8c-b1ea-d6367a9b4c1f
1777054529.5068,MES,SELL_SIGNAL,6593.25,1.0,,BEARISH,1.024970717509243,,0.03105590062111801,83.04%,,PENDING,,,,d14e3193-bdad-4281-aba4-4a0fec6ee5ac
1777054531.5929,MES,SELL_SIGNAL,6593.5,1.0,,BEARISH,1.0639426065613207,,0.042735042735042736,80.18%,,PENDING,,,,a23e580c-bc65-4419-bc90-94b34c4e78b2
1777054543.5990658,MES,SHORT,6593.25,1,,,,,,,,APPROVED,5.0,WIN,Exit Executed,fe0333a7-0073-4e8c-b1ea-d6367a9b4c1f
1777055818.7236,MES,BUY_SIGNAL,6593.75,1.0,,BULLISH,0.8231296209476099,,0.028089887640449437,80.04%,,PENDING,-10.0,LOSS,Exit Detected,bd21a7e9-fd17-4f61-b72d-a0b20dbd7418
1777055852.3331234,MES,BUY,6593.5,1,,,,,,,,APPROVED,-10.0,LOSS,Exit Executed,bd21a7e9-fd17-4f61-b72d-a0b20dbd7418
1777056483.7484,MES,BUY_SIGNAL,6595.75,1.0,,BULLISH,1.275004154197287,,0.034482758620689655,80.75%,,PENDING,-1.25,LOSS,Exit Detected,91ef165f-ef49-436e-8c81-17ca98ed1caf
1777056500.0404117,MES,BUY,6595.75,1,,,,,,,,APPROVED,-1.25,LOSS,Exit Executed,91ef165f-ef49-436e-8c81-17ca98ed1caf
1777057768.5324,MES,BUY_SIGNAL,6612,1.0,,BULLISH,2.537052401312525,,0.03067484662576687,80.75%,,PENDING,,,,f106ca88-56af-4432-8f81-68b28e18978f
1777061930.7477,MES,BUY_SIGNAL,6618.25,1.0,,BULLISH,1.0252032318846185,,0.023696682464454975,80.09%,,PENDING,,,,fa1ae8f7-8187-43a9-9c48-781cd8b5c211
1777063149.1228,MES,SELL_SIGNAL,6596.75,1.0,,BEARISH,1.2647156398643586,,0.032051282051282055,81.33%,,PENDING,,,,c7faaf9c-0b43-4fc0-8627-b505c32ba683
1777064297.9959,MES,BUY_SIGNAL,6618.75,1.0,,BULLISH,0.8000154482971715,,0.021551724137931036,80.29%,,PENDING,,,,2ba302ed-1973-4cec-b7c9-4c44ba233359
1777064884.8609,MES,SELL_SIGNAL,6604.5,1.0,,BEARISH,2.302034840479106,,0.030487804878048783,80.83%,,PENDING,-1.25,LOSS,Exit Detected,aab335e3-c75f-465c-a703-d3b795f8a609
1777064918.9212668,MES,SHORT,6604.5,1,,,,,,,,APPROVED,-1.25,LOSS,Exit Executed,aab335e3-c75f-465c-a703-d3b795f8a609
1777065239.7549,MES,SELL_SIGNAL,6599.75,1.0,,BEARISH,1.3234093959839228,,0.022831050228310504,83.20%,,PENDING,,,,05a078fb-bc83-490b-b163-f5a3624e4643
1777068085.6094,MES,SELL_SIGNAL,6607.5,1.0,,BEARISH,1.9447297678743176,,0.01984126984126984,91.88%,,PENDING,,,,375696db-5846-46d0-baad-9d1db7e23f59
1777068710.6475,MES,SELL_SIGNAL,6620.5,1.0,,BEARISH,1.5631933489903556,,0.02293577981651376,83.65%,,PENDING,,,,2b5a9a21-b381-400b-bfc6-dd8013d8f618
1777071342.2089,MES,SELL_SIGNAL,6628.5,1.0,,BEARISH,1.60300741369514,,0.015673981191222573,81.20%,,PENDING,1.25,WIN,Exit Detected,2a293424-f77c-4ef6-9fb9-0d87efda8163
1777071350.714253,MES,SHORT,6628.5,1,,,,,,,,APPROVED,1.25,WIN,Exit Executed,2a293424-f77c-4ef6-9fb9-0d87efda8163
1777072201.8923,MES,BUY_SIGNAL,6640.75,1.0,,BULLISH,0.37135707000988644,,0.012755102040816325,81.14%,,PENDING,,,,4a085470-6709-437a-b5c9-ec034835ae90
1777075042.4032,MES,SELL_SIGNAL,6636.25,1.0,,BEARISH,1.1406321346808823,,0.011160714285714286,93.21%,,PENDING,,,,3c46bc09-ba17-456c-97fb-07e05b710917
1777075355.6589,MES,BUY_SIGNAL,6644.75,1.0,,BULLISH,0.3638648085073033,,0.015197568389057751,81.64%,,PENDING,,,,afff3b75-bcef-4ff7-8643-cf0a7542bb8d
1777078978.7611,MES,SELL_SIGNAL,6646.5,1.0,,BEARISH,0.9612091461273504,,0.013333333333333334,83.60%,,PENDING,-3.75,LOSS,Exit Detected,d4c0d23b-8568-4b3b-818f-8438226086b7
1777079023.6353362,MES,SHORT,6646.5,1,,,,,,,,APPROVED,-3.75,LOSS,Exit Executed,d4c0d23b-8568-4b3b-818f-8438226086b7
1777079858.7344,MES,SELL_SIGNAL,6643.25,1.0,,BEARISH,0.6496413612948954,,0.01072961373390558,80.84%,,PENDING,,,,857392ff-985e-49cd-bb8c-b7dc39040527
1777080225.6414,MES,SELL_SIGNAL,6638.25,1.0,,BEARISH,0.7653329100965385,,0.01059322033898305,81.84%,,PENDING,,,,2356de54-c41d-4399-848e-f8ffc50d593b
1777080585.5732,MES,SELL_SIGNAL,6625.75,1.0,,BEARISH,1.2090466431493594,,0.010869565217391304,89.16%,,PENDING,-7.5,LOSS,Exit Detected,9adbd267-ca5c-423b-aff7-c272468db0e1
1777080610.265603,MES,SHORT,6625.75,1,,,,,,,,APPROVED,-7.5,LOSS,Exit Executed,9adbd267-ca5c-423b-aff7-c272468db0e1
1777085933.842,MES,SELL_SIGNAL,6627.5,1.0,,BEARISH,0.6473953681575614,,0.01582278481012658,80.22%,,PENDING,,,,379192c8-851b-4415-bf56-21af7c0f9867
1777086773.6291,MES,SELL_SIGNAL,6627.75,1.0,,BEARISH,0.7025980841111156,,0.01457725947521866,83.84%,,PENDING,,,,07e4c4f4-71d3-487d-9b69-2d9d1831e178
1777087148.4253,MES,SELL_SIGNAL,6619.5,1.0,,BEARISH,0.9888056340458947,,0.01858736059479554,86.52%,,PENDING,,,,e48810d3-0eb8-4fd6-bf92-c3d9f3dedb6b
1777104639.2521,MES,BUY_SIGNAL,6622,1.0,,BULLISH,0.7918636388917413,,0.03164556962025316,80.42%,,PENDING,,,,a988259d-19a1-43cf-a916-c17df295d709
1777106477.6524,MES,SELL_SIGNAL,6609,1.0,,BEARISH,1.8338661269982093,,0.09803921568627452,81.63%,,PENDING,,,,4a113ea1-5274-4da7-b0a0-b3545259d1e2
1777117336.5826,MES,BUY_SIGNAL,6536.75,1.0,,BULLISH,0.795511774300574,,0.03875968992248062,80.75%,,PENDING,1.25,WIN,Exit Detected,c8ba1b11-b244-4f14-85d4-84f95177b920
1777117342.7536137,MES,BUY,6536.75,1,,,,,,,,APPROVED,1.25,WIN,Exit Executed,c8ba1b11-b244-4f14-85d4-84f95177b920
1777124253.2451,MES,BUY_SIGNAL,6530.75,1.0,,BULLISH,0.8018340558415716,,0.04504504504504505,80.75%,,PENDING,,,,cdc18eb6-e0a6-4eee-b560-16054e18360f
1777130337.4868,MES,BUY_SIGNAL,6601.75,1.0,,BULLISH,0.35445111541697677,,0.03105590062111801,81.92%,,PENDING,,,,f0304d33-1685-47df-a447-499aaf90f636
1777131308.5853,MES,BUY_SIGNAL,6618.75,1.0,,BULLISH,0.7977280592389709,,0.021551724137931036,80.29%,,PENDING,,,,b4d84e8d-ab60-4ad1-ac8b-3b6dd5906341
1777132007.6697,MES,SELL_SIGNAL,6596.75,1.0,,BEARISH,1.2840008536174716,,0.032051282051282055,80.18%,,PENDING,,,,af023e20-4743-489e-b967-96153b6c9234
1777133743.1993,MES,SELL_SIGNAL,6604.5,1.0,,BEARISH,2.2584547677235216,,0.030487804878048783,81.35%,,PENDING,,,,60007e72-cb34-43e7-9ded-ffcb4b9610ed
1777137315.7871,MES,BUY_SIGNAL,6625.25,1.0,,BULLISH,0.8799797763469687,,0.0199203187250996,80.32%,,PENDING,,,,bc33763e-cdd3-4ff4-8bdb-c68a23ee2f6c
1777148714.4148,MES,SELL_SIGNAL,6643.25,1.0,,BEARISH,0.6450047080807455,,0.010799136069114472,81.22%,,PENDING,,,,d82c2334-2fdc-464e-8cae-2c623b341a62
1777149438.8263,MES,SELL_SIGNAL,6626,1.0,,BEARISH,1.150188820165584,,0.009881422924901186,87.13%,,PENDING,-23.75,LOSS,Exit Detected,f10eee9a-10d8-4b58-8fb5-42f0b831703d
1777149512.7304509,MES,SHORT,6626,1,,,,,,,,APPROVED,-23.75,LOSS,Exit Executed,f10eee9a-10d8-4b58-8fb5-42f0b831703d
1777150305.2769,MES,SELL_SIGNAL,6618,1.0,,BEARISH,0.9232079143439709,,0.010224948875255624,84.12%,,PENDING,,,,9da257df-a510-41fa-96f5-1bd58f61e23d
1777150891.9615,MES,SELL_SIGNAL,6611.25,1.0,,BEARISH,0.8935582396708207,,0.016722408026755852,80.28%,,PENDING,,,,24906dca-5bc0-433f-8a94-2151ef8f994e
1777151978.0813,MES,SELL_SIGNAL,6612.25,1.0,,BEARISH,1.261360802247449,,0.014367816091954025,85.77%,,PENDING,,,,9fbc40e6-a98d-4a72-8e56-27e09e179e27
1777153570.7486,MES,SELL_SIGNAL,6616.5,1.0,,BEARISH,0.4807560841314216,,0.01838235294117647,85.48%,,PENDING,-7.5,LOSS,Exit Detected,35264dac-8db0-4171-a038-7ffdba72a693
1777153616.9769163,MES,SHORT,6616.5,1,,,,,,,,APPROVED,-7.5,LOSS,Exit Executed,35264dac-8db0-4171-a038-7ffdba72a693
1777154790.5819,MES,SELL_SIGNAL,6627.25,1.0,,BEARISH,0.6402655478404351,,0.014245014245014245,85.45%,,PENDING,,,,76c43771-7b3b-4725-af97-374bcbc1e4f9
1777155622.4721,MES,SELL_SIGNAL,6628.5,1.0,,BEARISH,0.6465220949117203,,0.015673981191222573,81.07%,,PENDING,,,,760f6a6f-a654-4e4d-ba88-173af306ed7d
1777156005.0787,MES,SELL_SIGNAL,6619.5,1.0,,BEARISH,1.001975449928733,,0.01858736059479554,89.96%,,PENDING,,,,a049c2c6-b6c5-477f-8729-0f9ae6324400
1777156527.9481,MES,SELL_SIGNAL,6617.75,1.0,,BEARISH,1.8896835594358807,,0.021645021645021644,85.22%,,PENDING,-12.5,LOSS,Exit Detected,8e133b07-8ba5-4093-a2b3-17e4bb78e709
1777156820.1986387,MES,SHORT,6617.75,1,,,,,,,,APPROVED,-12.5,LOSS,Exit Executed,8e133b07-8ba5-4093-a2b3-17e4bb78e709
1778176128.4989,MES,SELL_SIGNAL,6596.5,1.0,,BEARISH,1.2956631266857552,,0.032467532467532464,80.28%,,PENDING,,,,80eee1d3-7a27-47f7-87cb-f52fa868026c
1778177747.6517,MES,SELL_SIGNAL,6618.25,1.0,,BEARISH,1.2704263264146636,,0.022321428571428572,82.00%,,PENDING,,,,3b0138f4-7aff-4c22-a6d2-2b957efc72f9
1778181521.2878,MES,SELL_SIGNAL,6622.75,1.0,,BEARISH,1.4845960473235855,,0.01893939393939394,87.63%,,PENDING,,,,2f22301e-5851-451f-a1de-8c8fa9540a92
1778184303.3365,MES,SELL_SIGNAL,6628.75,1.0,,BEARISH,1.731128065317836,,0.013404825737265416,82.65%,,PENDING,,,,179b3a91-2e89-4416-bc4d-3b1cb7b384c4
1778184861.6576,MES,BUY_SIGNAL,6638.25,1.0,,BULLISH,0.361918733269674,,0.017857142857142856,80.64%,,PENDING,,,,ecf98ceb-b13e-4fc2-ae11-a22f5f36d944
1778191314.9758,MES,BUY_SIGNAL,6601.75,1.0,,BULLISH,0.35014121444996615,,0.0308641975308642,80.92%,,PENDING,,,,45c4d2e1-b6c7-40c0-978e-66f0b168f685
1778194150.2053,MES,SELL_SIGNAL,6613,1.0,,BEARISH,1.2042474265726208,,0.021739130434782608,87.57%,,PENDING,,,,f9e25114-a1d4-45d4-8207-990e448be975
1778196320.1779,MES,SELL_SIGNAL,6617,1.0,,BEARISH,2.4895934537533937,,0.025380710659898477,86.18%,,PENDING,-12.5,LOSS,Exit Detected,65029a12-99a3-451f-91bc-23d9c479bb79
1778196365.2060888,MES,SHORT,6617.0,1,,,,,,,,APPROVED,-12.5,LOSS,Exit Executed,65029a12-99a3-451f-91bc-23d9c479bb79
1778200187.7072,MES,BUY_SIGNAL,6640.75,1.0,,BULLISH,0.3648339534080155,,0.012755102040816325,81.64%,,PENDING,,,,5b8113ec-f4d2-4381-b1b9-8cabb462783d
1778208460.7127,MES,SELL_SIGNAL,6632,1.0,,BEARISH,0.682406012650603,,0.011185682326621923,80.21%,,PENDING,,,,fcd12ccf-ddbe-4228-9917-c4e5ac6fd3fc
1778210089.3609,MES,SELL_SIGNAL,6609.5,1.0,,BEARISH,1.0887197685645635,,0.015625,81.27%,,PENDING,,,,b4943dc0-3eac-4423-8aaf-01c48f98b3c3
1778210874.2447,MES,SELL_SIGNAL,6618,1.0,,BEARISH,1.0235572732023468,,0.017241379310344827,90.13%,,PENDING,,,,18003644-a1bd-441f-9739-4829af427def
1778212504.8707,MES,SELL_SIGNAL,6618.25,1.0,,BEARISH,1.0327955589886444,,0.016556291390728478,84.30%,,PENDING,,,,d1fdbd04-b4b3-41f6-8af4-0bd56a9058af
1778213947.7421,MES,SELL_SIGNAL,6624.75,1.0,,BEARISH,1.0207591060296122,,0.012987012987012988,87.79%,,PENDING,,,,4cb10904-7d4e-4285-9739-0b289c27f49f
1778215035.2804,MES,SELL_SIGNAL,6620.25,1.0,,BEARISH,1.7377242975982343,,0.018796992481203006,86.57%,,PENDING,,,,f541aa87-417c-4e24-9315-ae27798bf86d
1778225937.2005,MES,SELL_SIGNAL,6613.5,1.0,,BEARISH,1.0664619551090022,,0.027777777777777776,80.96%,,PENDING,0.0,LOSS,Exit Detected,371166bf-6b97-4d14-9776-dfc223b4e160
1778225994.8637693,MES,SHORT,6613.5,1,,,,,,,,APPROVED,0.0,LOSS,Exit Executed,371166bf-6b97-4d14-9776-dfc223b4e160
1778230218.751,MES,SELL_SIGNAL,6610.5,1.0,,BEARISH,1.2789790574432918,,0.035211267605633804,88.14%,,PENDING,-17.5,LOSS,Exit Detected,cc612969-f274-4440-bc04-796f7d3dff65
1778230314.551443,MES,SHORT,6610.5,1,,,,,,,,APPROVED,-17.5,LOSS,Exit Executed,cc612969-f274-4440-bc04-796f7d3dff65
1778235566.2678,MES,SELL_SIGNAL,6561.5,1.0,,BEARISH,1.8938832554597271,,0.054945054945054944,83.16%,,PENDING,,,,834b8641-6315-4b98-88bc-98173a3b3473
1778257080.3503,MES,SELL_SIGNAL,6644.75,1.0,,BEARISH,1.1900823097394575,,0.015243902439024392,80.44%,,PENDING,,,,cbd4bcf1-1264-4ac9-bec3-cb05d0017bdd
1778257081.3394,MES,SELL_SIGNAL,6644.5,1.0,,BEARISH,1.213528671337514,,0.01506024096385542,81.23%,,PENDING,,,,5189e3de-d678-4b95-940e-5bc412395717
1778257369.3064,MES,SELL_SIGNAL,6642.75,1.0,,BEARISH,0.9055989527803332,,0.012195121951219513,83.01%,,PENDING,,,,8827e262-ae22-429f-b116-398a328bb719
1778257370.35,MES,SELL_SIGNAL,6642.5,1.0,,BEARISH,0.9319728785365397,,0.011261261261261262,80.56%,,PENDING,,,,5160fc9f-d5c5-413c-8322-9f5dea64f38a
1778263332.6602485,MES,BUY,6639.75,1,,,,,,,,APPROVED,2.5,WIN,Exit Executed,MANUAL_1778263317
1778264100.0713146,MES,SHORT,6638.0,1,,,,,,,,APPROVED,-3.75,LOSS,Exit Executed,MANUAL_1778264084
1778264598.5446498,MES,SHORT,6637.75,1,,,,,,,,APPROVED,1.25,WIN,Exit Executed,MANUAL_1778264553
1778265534.2925193,MES,BUY,6624.25,5,,,,,,,,APPROVED,6.25,WIN,Exit Executed,MANUAL_1778265437
1778267969.0331,MES,SELL_SIGNAL,6593.25,1.0,,BEARISH,1.0078785685981957,,0.03105590062111801,80.41%,,PENDING,,,,6bc2d2e5-84a2-4985-acbf-ef98808b3ecf
1778268850.7961,MES,BUY_SIGNAL,6591.5,7.0,,DEV,0,,0,99.99,,PENDING,,,,0384edf1-5bf0-4e0d-a995-fcf3118e0507
1778268851.8511,MES,BUY_SIGNAL,6591.5,9.0,,DEV,0,,0,99.99,,PENDING,,,,193d353b-fe10-404d-b39c-5e95bf4f6b35
1778269553.200205,MES,BUY,6593.25,1,,,,,,,,APPROVED,0.0,LOSS,Exit Executed,MANUAL_1778269542
1778271254.6214,MES,SELL_SIGNAL,6615.25,1.0,,BEARISH,1.1493289002300233,,0.023809523809523808,85.61%,,PENDING,,,,394ecc5b-9f28-44d1-a860-422b84dbe4d8
1778272462.9937,MES,SELL_SIGNAL,6608.25,1.0,,BEARISH,1.2587195875174104,,0.02109704641350211,81.22%,,PENDING,,,,7b76f35b-7620-4594-9fcb-e4cafde79a00
1778278319.3439,MES,SELL_SIGNAL,6628.5,1.0,,BEARISH,1.637414551184085,,0.015673981191222573,87.46%,,PENDING,,,,db037f69-60fc-4ad0-995b-5daa9714f94e
1778278959.9216,MES,SELL_SIGNAL,6636.75,1.0,,BEARISH,1.0932106216447204,,0.019230769230769232,85.38%,,PENDING,,,,da1b58c2-7999-43d3-a8ba-d9bce9cd93f1
1778282333.9903,MES,BUY_SIGNAL,6645,1.0,,BULLISH,0.3681339414806199,,0.015337423312883436,81.64%,,PENDING,,,,5e9c9924-4127-440e-8d12-8207f3f61cb1
1778286204.7336,MES,BUY_SIGNAL,6650,1.0,,BULLISH,0.3828970742791402,,0.015243902439024392,81.14%,,PENDING,,,,cdc0a8d6-0c74-4e3a-80f6-e0bd4678fd66
1778289864.5604,MES,SELL_SIGNAL,6618,1.0,,BEARISH,1.0537379657984103,,0.017241379310344827,92.50%,,PENDING,,,,7c9cfbaf-f516-4046-99df-b26ff96ac0bc
1778290312.5768,MES,SELL_SIGNAL,6613.25,1.0,,BEARISH,1.0856261048574791,,0.01818181818181818,83.73%,,PENDING,,,,40cb823b-151a-41ce-971b-28b743a2caea
1778291698.8705,MES,SELL_SIGNAL,6616.5,1.0,,BEARISH,0.48574306756104696,,0.01838235294117647,88.23%,,PENDING,,,,3fe31cfc-1e5e-4699-ae66-d4eeb6ab7258
1778294134.5432,MES,SELL_SIGNAL,6619.5,1.0,,BEARISH,1.0005206977702494,,0.01858736059479554,87.79%,,PENDING,,,,5e9ef11b-0e79-4dde-bbc0-64ae90f37f41
1778309220.3112,MES,SELL_SIGNAL,6610.5,1.0,,BEARISH,1.2777637045814703,,0.035211267605633804,85.38%,,PENDING,,,,491a7edf-9309-40f3-ac28-16b5137e2ccc
1778313482.7175,MES,SELL_SIGNAL,6609,1.0,,BEARISH,1.8170372296090442,,0.09803921568627452,82.93%,,PENDING,,,,e3e7ee40-0688-4453-8f46-f71a6a550b78
1778317051.3291,MES,SELL_SIGNAL,6549,1.0,,BEARISH,1.809442433708228,,0.043859649122807015,82.10%,,PENDING,,,,428f7173-909b-47c1-b0c5-7ee0a9d99920
1778334907.7256,MES,SELL_SIGNAL,6531.25,1.0,,BEARISH,1.0237642406037548,,0.043859649122807015,81.30%,,PENDING,,,,0e5ee944-0664-4994-9169-2e060377032d
1778528346.4753,MES,SELL_SIGNAL,6596.5,1.0,,BEARISH,17.864431311224166,,0.029069767441860465,62.59%,,PENDING,,,,b77d767e-3637-466d-95e1-0637abfa394a
1778528348.5319,MES,SELL_SIGNAL,6596.25,1.0,,BEARISH,18.355102798099868,,0.028409090909090908,60.12%,,PENDING,,,,173c8742-c156-425b-bc79-d31b73875470
1778528397.0747,MES,SELL_SIGNAL,6595.25,1.0,,BEARISH,0.6319388826559332,,0.02857142857142857,60.84%,,PENDING,,,,02a38695-e437-4e09-b6b9-f230d1a27be3
1778528400.1727,MES,SELL_SIGNAL,6594.75,1.0,,BEARISH,0.6335015016101958,,0.027472527472527472,66.60%,,PENDING,,,,65e7872b-5eb7-4db8-8ba0-74f7fe2d86c3
1778528401.211,MES,SELL_SIGNAL,6595,1.0,,BEARISH,0.6396034037779144,,0.028089887640449437,71.03%,,PENDING,,,,a145eb0b-6875-4f5a-81a9-40a1c99deed3
1778528463.0845,MES,SELL_SIGNAL,6594.5,1.0,,BEARISH,0.5406498496134126,,0.032051282051282055,73.52%,,PENDING,,,,2762c5cd-eabf-4c4f-b916-2dd28b658b5a
1778528544.6393,MES,SELL_SIGNAL,6593.5,1.0,,BEARISH,0.9192215295232063,,0.028409090909090908,68.70%,,PENDING,,,,90f619ff-b52c-49c8-9af4-1c917c300f3f
1778528989.0903,MES,SELL_SIGNAL,6593,1.0,,BEARISH,0.9930105312906995,,0.027777777777777776,63.16%,,PENDING,,,,ced0b9bf-054d-42d8-8d3a-a3367c97510b
1778528999.5763,MES,SELL_SIGNAL,6594.5,1.0,,BEARISH,1.040866924636507,,0.032679738562091505,63.47%,,PENDING,,,,f53fbc2c-1b77-4464-84fb-b627d72c35e5
1778529000.5686,MES,SELL_SIGNAL,6594.75,1.0,,BEARISH,1.0399505637967812,,0.0308641975308642,61.48%,,PENDING,,,,2df08b30-5b76-449e-9094-c1a43a167024
1778529069.5419,MES,SELL_SIGNAL,6595.5,1.0,,BEARISH,0.49878029197334667,,0.029239766081871343,65.12%,,PENDING,,,,610c7f00-028c-4ca0-b874-68347da59aaf
1778529080.0363,MES,SELL_SIGNAL,6594.25,1.0,,BEARISH,0.620051027606727,,0.03378378378378378,64.95%,,PENDING,,,,5a5de7e7-196f-4a3c-907d-bd3bab020370
1778529085.1833,MES,SELL_SIGNAL,6593.75,1.0,,BEARISH,0.7498116524329919,,0.02976190476190476,79.58%,,PENDING,,,,1b523a35-ecf1-43b8-92fe-0e33e2e42e6a
1778529090.4031,MES,SELL_SIGNAL,6593.25,1.0,,BEARISH,0.930266349077504,,0.03164556962025316,64.74%,,PENDING,,,,eaa3cb9f-1aed-4b9b-9949-0ffe12ebef55
1778529101.8161,MES,SELL_SIGNAL,6592.5,1.0,,BEARISH,1.1303701083808364,,0.034013605442176874,71.48%,,PENDING,,,,155ed420-4f18-45cc-8f58-4075bc4cbf34
1778529141.1467,MES,SELL_SIGNAL,6591.75,1.0,,BEARISH,0.6703333136674839,,0.02487562189054726,62.95%,,PENDING,,,,59cb7fb8-cae9-4b66-8c5c-b1737750442e
1778529152.6399,MES,SELL_SIGNAL,6591,1.0,,BEARISH,0.7550559338730053,,0.017182130584192438,72.34%,,PENDING,,,,bc3278f9-8194-489f-bd1c-93f399ae60fa
1778529154.6224,MES,SELL_SIGNAL,6590.75,1.0,,BEARISH,0.814884051230083,,0.016286644951140065,84.51%,,PENDING,,,,de007a39-fd6f-4e40-9068-3bbf04d866ce
1778529183.5533,MES,SELL_SIGNAL,6592,1.0,,BEARISH,0.8550593034575897,,0.023255813953488372,62.66%,,PENDING,,,,5c58185d-705e-47e4-82da-5d84cc51247c
1778532272.2404,MES,SELL_SIGNAL,6590.75,1.0,,BEARISH,0.8186991887023712,,0.016286644951140065,84.79%,,PENDING,1.25,WIN,Exit Detected,0346da1f-72fe-40d7-91f0-cff51b8bebb2
1778532357.3026843,MES,SHORT,6590.75,1,,,,,,,,APPROVED,1.25,WIN,Exit Executed,0346da1f-72fe-40d7-91f0-cff51b8bebb2
1778534527.091,MES,SELL_SIGNAL,6619,1.0,,BEARISH,0.9501245086413169,,0.02,89.35%,,PENDING,3.75,WIN,Exit Detected,096a6694-2210-439b-84f7-e1acc20f505d
1778534576.1899524,MES,SHORT,6619,1,,,,,,,,APPROVED,3.75,WIN,Exit Executed,096a6694-2210-439b-84f7-e1acc20f505d
1778538536.1275,MES,SELL_SIGNAL,6622.5,1.0,,BEARISH,0.7693364225574182,,0.01773049645390071,94.97%,,PENDING,,,,2d0cfc4e-6ba3-4335-85d5-eab327dff438
1778539427.1137,MES,SELL_SIGNAL,6631.75,1.0,,BEARISH,0.8319197049476746,,0.016339869281045753,92.87%,,PENDING,,,,d6c18e24-ffb7-42a1-92c1-2c709df693f4
1778541366.5681,MES,SELL_SIGNAL,6631.75,1.0,,BEARISH,0.7182424208728158,,0.01779359430604982,84.17%,,PENDING,,,,614400f8-b634-44eb-8446-ae6a2eabc331
1778548603.6378,MES,SELL_SIGNAL,7426.25,1.0,,BEARISH,0.8231296209476099,,0.013440860215053762,90.49%,,PENDING,,,,bf28865b-8839-45e8-9780-35ebf6dd0141
1778549423.1679,MES,SELL_SIGNAL,7422.75,1.0,,BEARISH,0.7033013353901597,,0.013089005235602092,83.03%,,PENDING,-10.0,LOSS,Exit Detected,f26b057e-badf-4da4-8410-189f3fa66d8e
1778549466.9615993,MES,SHORT,7422.75,1,,,,,,,,APPROVED,-10.0,LOSS,Exit Executed,f26b057e-badf-4da4-8410-189f3fa66d8e
1778550052.1329,MES,SELL_SIGNAL,7414,1.0,,BEARISH,0.656131446111426,,0.01694915254237288,84.40%,,PENDING,-2.5,LOSS,Exit Detected,80d07000-f04b-41b1-b678-3216d414a3e5
1778550128.2337227,MES,SHORT,7414,1,,,,,,,,APPROVED,-2.5,LOSS,Exit Executed,80d07000-f04b-41b1-b678-3216d414a3e5
1778550810.1982,MES,SELL_SIGNAL,7419,1.0,,BEARISH,0.6863787724056154,,0.016722408026755852,82.85%,,PENDING,,,,dca3b948-a56c-456a-abfb-e0f0fd9a8a19
1778552140.6323,MES,SELL_SIGNAL,7426,1.0,,BEARISH,0.6182688379113114,,0.01694915254237288,84.71%,,PENDING,,,,5a30c938-6ccf-4c4b-b36c-bb3e99661112
1778554963.2035,MES,SELL_SIGNAL,7426.5,1.0,,BEARISH,0.6369479441962421,,0.016722408026755852,84.54%,,PENDING,,,,99148358-6ba7-419e-bf66-c14f169ec5af
1778561575.383,MES,SELL_SIGNAL,7422.25,1.0,,BEARISH,0.6685531219253696,,0.018050541516245487,82.36%,,PENDING,1.25,WIN,Exit Detected,d445128e-6bd8-4d49-b800-5b9b754379a4
1778561742.0818605,MES,SHORT,7422.25,1,,,,,,,,APPROVED,1.25,WIN,Exit Executed,d445128e-6bd8-4d49-b800-5b9b754379a4
1778569244.5631,MES,SELL_SIGNAL,7406.5,1.0,,BEARISH,0.7420006548187221,,0.015527950310559004,81.76%,,PENDING,,,,b237095e-8a61-4c78-a7a0-aaa52d4da959
1778570783.9564,MES,SELL_SIGNAL,7411.25,1.0,,BEARISH,0.6510937126089225,,0.017361111111111112,88.19%,,PENDING,-2.5,LOSS,Exit Detected,90d40393-2da3-4377-9624-6cc8b4d404ec
1778570908.7032537,MES,SHORT,7411.25,1,,,,,,,,APPROVED,-2.5,LOSS,Exit Executed,90d40393-2da3-4377-9624-6cc8b4d404ec
1778573115.355,MES,SELL_SIGNAL,7410.75,1.0,,BEARISH,0.8263300355690913,,0.01858736059479554,87.70%,,PENDING,8.75,WIN,Exit Detected,9145303f-892a-4321-b916-d34ebdaf58e1
1778573596.865347,MES,SHORT,7410.75,1,,,,,,,,APPROVED,8.75,WIN,Exit Executed,9145303f-892a-4321-b916-d34ebdaf58e1
1778576760.4473,MES,SELL_SIGNAL,7405.75,1.0,,BEARISH,1.5477339002518167,,0.017361111111111112,87.15%,,PENDING,,,,7841f995-6ce3-493f-aaee-8f158f1ffa26
1778583947.4007,MES,SELL_SIGNAL,7402.25,1.0,,BEARISH,1.890916437009159,,0.016722408026755852,80.70%,,PENDING,,,,9f95ef28-83ca-49a1-8c0d-1ec111b4fc14
1778592857.7574,MES,SELL_SIGNAL,7408,1.0,,BEARISH,0.6400587014039711,,0.010121457489878543,84.18%,,PENDING,,,,a64bce35-c536-4d65-84e6-e8d2c36ef4c4
1778593679.9528,MES,SELL_SIGNAL,7402.5,1.0,,BEARISH,1.7638625678300706,,0.012135922330097087,81.25%,,PENDING,,,,2b549cb5-0397-4c92-a4ce-bf06a1b287e8
1778594172.0904,MES,SELL_SIGNAL,7400.25,1.0,,BEARISH,1.0910120088201736,,0.00984251968503937,100.00%,,PENDING,,,,243c326e-792e-48e9-9a3d-f2f3208dac72
1778594787.3416,MES,SELL_SIGNAL,7397.5,1.0,,BEARISH,0.6380695638890652,,0.010526315789473684,84.10%,,PENDING,-7.5,LOSS,Exit Detected,a4fe87be-d5d1-4ba1-b90b-9fb2f800f789
1778594828.296344,MES,SHORT,7397.75,1,,,,,,,,APPROVED,-7.5,LOSS,Exit Executed,a4fe87be-d5d1-4ba1-b90b-9fb2f800f789
1778595401.3669,MES,SELL_SIGNAL,7405,1.0,,BEARISH,0.8455913419105735,,0.012755102040816325,84.19%,,PENDING,-1.25,LOSS,Exit Detected,f46ead1f-10c7-41a6-b56f-401047f8a809
1778595424.0089214,MES,SHORT,7405,1,,,,,,,,APPROVED,-1.25,LOSS,Exit Executed,f46ead1f-10c7-41a6-b56f-401047f8a809
1778595765.5432,MES,SELL_SIGNAL,7401.5,1.0,,BEARISH,0.7328428315943392,,0.008223684210526315,82.01%,,PENDING,5.0,WIN,Exit Detected,537544b0-1fe2-4e55-8907-44c13da70474
1778595884.4881153,MES,SHORT,7401.5,1,,,,,,,,APPROVED,5.0,WIN,Exit Executed,537544b0-1fe2-4e55-8907-44c13da70474
1778596214.1355,MES,SELL_SIGNAL,7392,1.0,,BEARISH,0.632162350419681,,0.009708737864077669,85.77%,,PENDING,33.75,WIN,Exit Detected,e2e11dc4-1534-414e-a730-d69687572434
1778596496.8633235,MES,SHORT,7391.75,1,,,,,,,,APPROVED,33.75,WIN,Exit Executed,e2e11dc4-1534-414e-a730-d69687572434
1778597139.2619,MES,SELL_SIGNAL,7388,1.0,,BEARISH,1.3501150819331207,,0.008944543828264758,94.19%,,PENDING,,,,db3db489-ec40-4f10-a4ca-3a1bdd8fbd80
1778600506.1687,MES,SELL_SIGNAL,7374.75,1.0,,BEARISH,0.6341282552195546,,0.009380863039399626,84.14%,,PENDING,2.5,WIN,Exit Detected,8dc9742f-44d8-469b-8f34-ad923f56b40c
1778600535.248214,MES,SHORT,7374.75,1,,,,,,,,APPROVED,2.5,WIN,Exit Executed,8dc9742f-44d8-469b-8f34-ad923f56b40c
1778600937.5886,MES,SELL_SIGNAL,7378.75,1.0,,BEARISH,0.6142579695106484,,0.009363295880149813,89.35%,,PENDING,,,,d4a1a548-9e8b-4454-8183-7b65d93efe5b
1778601341.0763,MES,SELL_SIGNAL,7375.5,1.0,,BEARISH,0.9199894834820201,,0.01037344398340249,97.61%,,PENDING,,,,fd751686-6014-49b3-ae9c-536b9863b751
1778602543.0679,MES,SELL_SIGNAL,7376.5,1.0,,BEARISH,0.7826125124432706,,0.0102880658436214,88.87%,,PENDING,-2.5,LOSS,Exit Detected,94a65dc9-acbc-4b9f-81c0-364ce30d4715
1778602572.7057693,MES,SHORT,7376.5,1,,,,,,,,APPROVED,-2.5,LOSS,Exit Executed,94a65dc9-acbc-4b9f-81c0-364ce30d4715
1778603071.1402,MES,SELL_SIGNAL,7371,1.0,,BEARISH,0.7027362782980243,,0.009025270758122744,83.04%,,PENDING,-10.0,LOSS,Exit Detected,713772f1-45ae-484d-a101-338e5a1e01ac
1778603093.3495083,MES,SHORT,7371.0,1,,,,,,,,APPROVED,-10.0,LOSS,Exit Executed,713772f1-45ae-484d-a101-338e5a1e01ac
1778603430.8255,MES,SELL_SIGNAL,7371.25,1.0,,BEARISH,0.5408947128559127,,0.009398496240601503,86.52%,,PENDING,,,,edfb0dcd-9945-4280-9da3-4645d40ccec1
1778604094.5808,MES,SELL_SIGNAL,7370.5,1.0,,BEARISH,1.4433512087722817,,0.00967117988394584,95.48%,,PENDING,,,,ca8c3a05-034a-4a0a-8902-94a3f923c2c2
1778604609.9614,MES,SELL_SIGNAL,7365.5,1.0,,BEARISH,0.5272249061784878,,0.00967117988394584,89.56%,,PENDING,,,,bf71a03d-9550-44c6-83e7-d96f772d2a7b
1778605701.1018,MES,SELL_SIGNAL,7376.25,1.0,,BEARISH,0.7457388366106318,,0.010183299389002037,89.95%,,PENDING,,,,1bc9b55e-af5a-423c-ace8-28722a1eb777
1778632088.749,MES,SELL_SIGNAL,7416.5,1.0,,BEARISH,0.8952459971874914,,0.018248175182481754,82.25%,,PENDING,-5.0,LOSS,Exit Detected,4e85c6a6-be56-4d64-903f-82bf9fdafea0
1778632204.5014408,MES,SHORT,7416.5,1,,,,,,,,APPROVED,-5.0,LOSS,Exit Executed,4e85c6a6-be56-4d64-903f-82bf9fdafea0
1778687782.3163,MES,SELL_SIGNAL,7440.75,1.0,,BEARISH,0.6402655478404351,,0.007987220447284345,85.49%,,PENDING,-7.5,LOSS,Exit Detected,fd0585c1-784b-426b-9827-7a636b4f8fa8
1778687940.6851149,MES,SHORT,7440.75,1,,,,,,,,APPROVED,-7.5,LOSS,Exit Executed,fd0585c1-784b-426b-9827-7a636b4f8fa8
1778689397.7117214,MES,BUY,7453.5,1,,,,,,,,APPROVED,10.0,WIN,Exit Executed,MANUAL_1778689373
1778689502.6829784,MES,BUY,7459.25,1,,,,,,,,APPROVED,11.25,WIN,Exit Executed,MANUAL_1778689451
1778689866.7974,MES,SELL_SIGNAL,7462,1.0,,BEARISH,0.4658348619887393,,0.008488964346349746,88.08%,,PENDING,6.25,WIN,Exit Detected,de34da94-0ca6-472c-96d1-1eb4d7eb1d73
1778689908.831193,MES,SHORT,7462.0,1,,,,,,,,APPROVED,6.25,WIN,Exit Executed,de34da94-0ca6-472c-96d1-1eb4d7eb1d73
1778692195.7729995,MES,BUY,7473.25,1,,,,,,,,APPROVED,-6.25,LOSS,Exit Executed,MANUAL_1778692101
1778692849.5317554,MES,SHORT,7469.75,1,,,,,,,,APPROVED,5.0,WIN,Exit Executed,MANUAL_1778692823
1778695193.7593,MES,SELL_SIGNAL,7466,1.0,,BEARISH,0.8653727846986957,,0.007235890014471781,97.57%,,PENDING,,,,fa8d2fad-84a6-4c71-83da-22ab0491761f
1778695411.0508997,MES,BUY,7470.75,1,,,,,,,,APPROVED,2.5,WIN,Exit Executed,MANUAL_1778695396
1778696096.6674097,MES,BUY,7476.75,1,,,,,,,,APPROVED,7.5,WIN,Exit Executed,MANUAL_1778696041
1778697419.0347428,MES,SHORT,7476.25,1,,,,,,,,APPROVED,2.5,WIN,Exit Executed,MANUAL_1778697374
1778698770.2979932,MES,SHORT,7473.0,5,,,,,,,,APPROVED,18.75,WIN,Exit Executed,MANUAL_1778698737
1778699238.9974186,MES,SHORT,7474.25,5,,,,,,,,APPROVED,-18.75,LOSS,Exit Executed,MANUAL_1778699191
1778699421.5025678,MES,BUY,7478.75,5,,,,,,,,APPROVED,6.25,WIN,Exit Executed,MANUAL_1778699405
1778700814.826829,MES,SHORT,7477.0,5,,,,,,,,APPROVED,18.75,WIN,Exit Executed,MANUAL_1778700794
1778701888.1621,MES,SELL_SIGNAL,7470.75,1.0,,BEARISH,1.1111911458933896,,0.007552870090634441,98.57%,,PENDING,,,,274be136-7a66-438b-b9e1-a2df7f0db840
1778702529.6788,MES,SELL_SIGNAL,7469.25,1.0,,BEARISH,0.6845242481663332,,0.015105740181268881,86.40%,,PENDING,3.75,WIN,Exit Detected,555d1512-7197-4ddc-a960-f7d684026739
1778702662.9228334,MES,SHORT,7469.25,1,,,,,,,,APPROVED,3.75,WIN,Exit Executed,555d1512-7197-4ddc-a960-f7d684026739
1778723173.9239,MES,SELL_SIGNAL,7479.5,1.0,,BEARISH,0.6849883499359845,,0.026881720430107524,85.10%,,PENDING,,,,b9cdf459-ef9b-4045-8f50-ba4cdf4bf886
1778726879.2338,MES,SELL_SIGNAL,7478,1.0,,BEARISH,1.1599712031298,,0.0196078431372549,84.20%,,PENDING,2.5,WIN,Exit Detected,e60c80c3-2959-4ae0-8901-f50cf0637308
1778727043.5642886,MES,SHORT,7478,1,,,,,,,,APPROVED,2.5,WIN,Exit Executed,e60c80c3-2959-4ae0-8901-f50cf0637308
1778729467.0104,MES,SELL_SIGNAL,7477,1.0,,BEARISH,0.792476540849387,,0.014836795252225518,80.57%,,PENDING,0.0,LOSS,Exit Detected,ab7b9f42-0a73-4588-9912-75999f0f3067
1778729571.542411,MES,SHORT,7477.0,1,,,,,,,,APPROVED,0.0,LOSS,Exit Executed,ab7b9f42-0a73-4588-9912-75999f0f3067
1778742559.2492,MES,SELL_SIGNAL,7482.25,1.0,,BEARISH,0.7196176597827394,,0.022522522522522525,80.22%,,PENDING,-12.5,LOSS,Exit Detected,ae523780-0b77-42d1-a55c-5f85245050f6
1778742938.0975733,MES,SHORT,7482.25,1,,,,,,,,APPROVED,-12.5,LOSS,Exit Executed,ae523780-0b77-42d1-a55c-5f85245050f6
1778745522.6698,MES,SELL_SIGNAL,7480.5,1.0,,BEARISH,0.8109747744201189,,0.0199203187250996,86.44%,,PENDING,,,,897a034a-d6c9-45fb-8352-5b0cd8dab6b7
1778751359.1421,MES,SELL_SIGNAL,7481,1.0,,BEARISH,0.8482596840151156,,0.020833333333333332,80.76%,,PENDING,,,,a6e6b022-1637-4ad7-ab77-1df219f67ca9
1778764345.9785,MES,SELL_SIGNAL,7482.25,1.0,,BEARISH,0.6268897982971485,,0.011627906976744186,86.20%,,PENDING,,,,3c9118c2-5254-403e-b51f-355833e9acb2
1778765303.0193,MES,SELL_SIGNAL,7482,1.0,,BEARISH,0.5972512365395509,,0.010638297872340425,86.65%,,PENDING,-2.5,LOSS,Exit Detected,5374db8a-62d8-47df-8946-553c5479c088
1778765412.2505703,MES,SHORT,7482,1,,,,,,,,APPROVED,-2.5,LOSS,Exit Executed,5374db8a-62d8-47df-8946-553c5479c088
1778765768.3162,MES,SELL_SIGNAL,7487,1.0,,BEARISH,1.0626225419530053,,0.008665511265164644,85.55%,,PENDING,-15.0,LOSS,Exit Detected,c29ded05-3485-4ea4-bfaa-a264511e32ef
1778765801.086846,MES,SHORT,7487,1,,,,,,,,APPROVED,-15.0,LOSS,Exit Executed,c29ded05-3485-4ea4-bfaa-a264511e32ef
1778774228.0530834,MES,BUY,7535.25,1,,,,,,,,APPROVED,1.25,WIN,Exit Executed,MANUAL_1778774177
1778774366.228492,MES,BUY,7537.0,1,,,,,,,,APPROVED,-2.5,LOSS,Exit Executed,MANUAL_1778774263
1778774556.44725,MES,BUY,7538.25,1,,,,,,,,APPROVED,-7.5,LOSS,Exit Executed,MANUAL_1778774470
1778776035.9053128,MES,SHORT,7530.0,1,,,,,,,,APPROVED,20.0,WIN,Exit Executed,MANUAL_1778775930
1778776209.2160356,MES,SHORT,7522.75,1,,,,,,,,APPROVED,-16.25,LOSS,Exit Executed,MANUAL_1778776174
1778776469.362889,MES,SHORT,7521.75,1,,,,,,,,APPROVED,3.75,WIN,Exit Executed,MANUAL_1778776398
1778776874.9220984,MES,BUY,7526.5,1,,,,,,,,APPROVED,1.25,WIN,Exit Executed,MANUAL_1778776810
1778777235.3741035,MES,SHORT,7519.5,1,,,,,,,,APPROVED,-26.25,LOSS,Exit Executed,MANUAL_1778777145
1778778459.808,MES,SELL_SIGNAL,7519.75,1.0,,BEARISH,0.7599969335352945,,0.010438413361169102,96.83%,,PENDING,-1.25,LOSS,Exit Detected,0c5310fe-2aed-4643-9833-efcfaffd602d
1778778547.411716,MES,SHORT,7519.75,1,,,,,,,,APPROVED,-1.25,LOSS,Exit Executed,0c5310fe-2aed-4643-9833-efcfaffd602d
1778778923.6568,MES,SELL_SIGNAL,7514.25,1.0,,BEARISH,1.2435142474518814,,0.009633911368015415,100.00%,,PENDING,3.75,WIN,Exit Detected,b9d12fff-ecca-4dcb-b6aa-ce6c2a407006
1778778943.534454,MES,SHORT,7514.25,1,,,,,,,,APPROVED,3.75,WIN,Exit Executed,b9d12fff-ecca-4dcb-b6aa-ce6c2a407006
1778779619.3043,MES,SELL_SIGNAL,7509.25,1.0,,BEARISH,1.2358235662932027,,0.010183299389002037,100.00%,,PENDING,-11.25,LOSS,Exit Detected,e40610fd-60f0-4d09-9998-7f5c678a588b
1778779768.3144474,MES,SHORT,7509.25,1,,,,,,,,APPROVED,-11.25,LOSS,Exit Executed,e40610fd-60f0-4d09-9998-7f5c678a588b
1778781651.5019,MES,SELL_SIGNAL,7517,1.0,,BEARISH,1.5707142838791277,,0.008992805755395683,92.14%,,PENDING,21.25,WIN,Exit Detected,0848d4da-febb-4ae1-92f7-a060d6a53730
1778781855.452978,MES,SHORT,7517,1,,,,,,,,APPROVED,21.25,WIN,Exit Executed,0848d4da-febb-4ae1-92f7-a060d6a53730
1778802548.8866,MES,SELL_SIGNAL,7523.5,1.0,,BEARISH,0.5789382450015059,,0.015290519877675839,80.86%,,PENDING,2.5,WIN,Exit Detected,b460ab2d-0b8a-41dd-9578-93d1ff0cbcb9
1778802741.140773,MES,SHORT,7523.5,1,,,,,,,,APPROVED,2.5,WIN,Exit Executed,b460ab2d-0b8a-41dd-9578-93d1ff0cbcb9
1778805395.6727,MES,SELL_SIGNAL,7521.25,1.0,,BEARISH,0.858027481023825,,0.01968503937007874,80.08%,,PENDING,,,,efc75467-d1ed-4c89-89dd-3e5f4048ae85
1778808530.525,MES,SELL_SIGNAL,7504.75,1.0,,BEARISH,0.7515873033628703,,0.022321428571428572,85.50%,,PENDING,,,,b347ac6c-5364-4320-a7e1-ee1ec792f6b4
1778809300.0763,MES,SELL_SIGNAL,7504.5,1.0,,BEARISH,0.6325671845249744,,0.018867924528301886,81.84%,,PENDING,,,,9a15fb1e-5113-4767-b4a8-38bf82e5e373
1778809685.8881,MES,SELL_SIGNAL,7499,1.0,,BEARISH,0.7663011902145878,,0.019455252918287938,82.08%,,PENDING,-2.5,LOSS,Exit Detected,def0b540-7cac-4c11-aad9-f64738a5ef7e
1778809794.8075914,MES,SHORT,7499.0,1,,,,,,,,APPROVED,-2.5,LOSS,Exit Executed,def0b540-7cac-4c11-aad9-f64738a5ef7e
1778810420.878,MES,SELL_SIGNAL,7495.25,1.0,,BEARISH,0.6500760494407536,,0.02074688796680498,92.13%,,PENDING,,,,bb99fdc3-8561-405e-8362-b2af6f132008
1778816082.3209,MES,SELL_SIGNAL,7502.75,1.0,,BEARISH,0.9550175997431718,,0.01893939393939394,88.30%,,PENDING,1.25,WIN,Exit Detected,02283c5f-3e22-4c81-8e22-e5a25cea6dc6
1778816147.458772,MES,SHORT,7502.75,1,,,,,,,,APPROVED,1.25,WIN,Exit Executed,02283c5f-3e22-4c81-8e22-e5a25cea6dc6
1778821529.5038,MES,SELL_SIGNAL,7490.5,1.0,,BEARISH,0.7880081985004692,,0.012135922330097087,82.72%,,PENDING,15.0,WIN,Exit Detected,19c5e6b9-1129-4a1c-80f0-fcbe1851f6ee
1778821789.5547166,MES,SHORT,7490.5,1,,,,,,,,APPROVED,15.0,WIN,Exit Executed,19c5e6b9-1129-4a1c-80f0-fcbe1851f6ee
1778823300.9107,MES,SELL_SIGNAL,7481,1.0,,BEARISH,0.846060996051436,,0.01240694789081886,80.84%,,PENDING,6.25,WIN,Exit Detected,b5949025-733c-4dc5-b016-5b0a3f0ccc3c
1778823411.4646115,MES,SHORT,7481.0,1,,,,,,,,APPROVED,6.25,WIN,Exit Executed,b5949025-733c-4dc5-b016-5b0a3f0ccc3c
1778823932.1941,MES,SELL_SIGNAL,7475.75,1.0,,BEARISH,0.779085277781898,,0.012135922330097087,94.88%,,PENDING,10.0,WIN,Exit Detected,d1ed4245-dd06-4f46-bd30-67ce4f8dbd7e
1778824252.671136,MES,SHORT,7475.75,1,,,,,,,,APPROVED,10.0,WIN,Exit Executed,d1ed4245-dd06-4f46-bd30-67ce4f8dbd7e
1778824724.8898,MES,SELL_SIGNAL,7466.5,1.0,,BEARISH,1.3005051169918687,,0.01592356687898089,82.97%,,PENDING,,,,3302a972-e3c7-467a-978d-8f9c36be60d2
1778827947.0064,MES,SELL_SIGNAL,7478.75,1.0,,BEARISH,0.6103364590292301,,0.017182130584192438,81.13%,,PENDING,,,,8cd4b70b-bd8b-435a-ac1e-12421fabadca
1778859911.9085321,MES,SHORT,7440.5,1,,,,,,,,APPROVED,6.25,WIN,Exit Executed,MANUAL_1778859874
1778860212.9402,MES,SELL_SIGNAL,7436.25,1.0,,BEARISH,1.760360774528101,,0.010504201680672268,93.50%,,PENDING,,,,285ad0ba-8a79-4144-8628-9d15d826f530
1778860218.9297,MES,SELL_SIGNAL,7435.75,1.0,,BEARISH,1.9034378279764619,,0.01002004008016032,84.99%,,PENDING,,,,85194513-71c3-44d3-9b05-2d8b1e3ced1d
1778860221.3343,MES,SELL_SIGNAL,7435.25,1.0,,BEARISH,1.9491958359230253,,0.010460251046025106,94.15%,,PENDING,,,,6d09107c-781a-48b8-bdec-3f5592988907
1778860221.9203,MES,SELL_SIGNAL,7435,1.0,,BEARISH,1.9736031676294088,,0.010141987829614604,88.22%,,PENDING,,,,1461391a-41f2-419a-9a28-c714b7b9cf6c
1778860227.3194,MES,SELL_SIGNAL,7435.5,1.0,,BEARISH,1.9110886653961532,,0.011261261261261262,89.25%,,PENDING,,,,52373ecb-bbd6-475c-a305-8d1be4d7c8b5
1778860243.7725,MES,SELL_SIGNAL,7436.75,1.0,,BEARISH,1.5493927642315577,,0.010893246187363835,82.61%,,PENDING,,,,ed0d90c7-76c4-46b3-8007-93ec2db99e40
1778860248.8637,MES,SELL_SIGNAL,7436.5,1.0,,BEARISH,1.4635158116923255,,0.010893246187363835,89.35%,,PENDING,,,,ce5b5184-c3a9-498a-8c84-14a627e8379d
1778860250.0413,MES,SELL_SIGNAL,7436,1.0,,BEARISH,1.4415642006628662,,0.010482180293501047,100.00%,,PENDING,,,,15952f80-5b63-4ed1-8ad1-fdc45a1e12b8
1778860332.9554,MES,SELL_SIGNAL,7437.25,1.0,,BEARISH,0.7817096105679124,,0.0121654501216545,98.51%,,PENDING,,,,09571869-c4c1-4cf3-854d-4899d7580c37
1778860373.2242,MES,SELL_SIGNAL,7437,1.0,,BEARISH,0.6966804867117865,,0.011904761904761904,86.89%,,PENDING,,,,a02ca573-1375-4006-ba8f-aa042cf7a7ce
1778860381.4494,MES,SELL_SIGNAL,7437.5,1.0,,BEARISH,0.6674827279341358,,0.011415525114155252,83.63%,,PENDING,-1.25,LOSS,Exit Detected,9840646c-3f78-4661-be54-3bdb85baf73d
1778860382.5778,MES,SELL_SIGNAL,7436.75,1.0,,BEARISH,0.6564946073590593,,0.012019230769230768,84.22%,,PENDING,,,,86b1831b-db29-4a9c-b26a-d2d64db2d38f
1778860408.7476,MES,SELL_SIGNAL,7434.75,1.0,,BEARISH,0.7844151983419434,,0.01020408163265306,93.03%,,PENDING,,,,d8b3a941-8c30-44e5-b0ab-17f7849828b4
1778860409.4624,MES,SELL_SIGNAL,7435,1.0,,BEARISH,0.8080631792718409,,0.0102880658436214,99.27%,,PENDING,,,,88ebfa0c-1687-416d-ae3d-106bc6f2bde5
1778860422.7413,MES,SELL_SIGNAL,7434.5,1.0,,BEARISH,0.9914535924533738,,0.010845986984815618,100.00%,,PENDING,,,,ef9eabbe-21b9-44ff-9e6b-0e02e201927e
1778860426.033,MES,SELL_SIGNAL,7434.25,1.0,,BEARISH,1.1165407003746977,,0.010893246187363835,95.12%,,PENDING,,,,24e4d54e-ea0b-4aac-b8e1-802281361096
1778860439.8207483,MES,SHORT,7434.5,1,,,,,,,,APPROVED,-1.25,LOSS,Exit Executed,9840646c-3f78-4661-be54-3bdb85baf73d
1778861212.3968,MES,SELL_SIGNAL,7438.5,1.0,,BEARISH,0.7656558061944819,,0.011235955056179775,83.36%,,PENDING,,,,47f11f07-0ee0-424b-8c2c-f8b86a0ba53c
1778861214.6159,MES,SELL_SIGNAL,7438.25,1.0,,BEARISH,0.8592303743223886,,0.011135857461024499,83.04%,,PENDING,,,,00b1e827-a040-4012-a63c-de0b8b09ccae
1778861216.7532,MES,SELL_SIGNAL,7437.75,1.0,,BEARISH,0.9712952939361947,,0.011655011655011656,84.86%,,PENDING,,,,2371f58c-c21a-4893-af03-40b8220ad48e
1778861218.6109,MES,SELL_SIGNAL,7437.5,1.0,,BEARISH,1.0856992851858691,,0.012376237623762377,85.71%,,PENDING,,,,4b64141d-0bb6-4118-80df-8ef95a68eb66
1778861233.0222,MES,SELL_SIGNAL,7438.75,1.0,,BEARISH,1.2657203571875069,,0.010638297872340425,82.63%,,PENDING,,,,6bbd9515-2beb-4175-ada7-ee3751ffc628
1778861247.7901,MES,SELL_SIGNAL,7439,1.0,,BEARISH,1.2670030032203916,,0.011682242990654207,90.25%,,PENDING,,,,a19c5429-0fcd-4ac2-94d3-6076c6342243
1778861406.172619,MES,BUY,7446.5,1,,,,,,,,APPROVED,-12.5,LOSS,Exit Executed,MANUAL_1778860990
1778861751.5385,MES,SELL_SIGNAL,7442,1.0,,BEARISH,0.7653329100965385,,0.010893246187363835,93.32%,,PENDING,,,,40dbdbeb-22d5-4539-b6d1-60a45a6fd7f8
1778861752.3836,MES,SELL_SIGNAL,7441.5,1.0,,BEARISH,0.81314891513922,,0.011764705882352941,95.82%,,PENDING,,,,bd9a9f3a-54ee-4c67-bea0-48341314fa20
1778862540.3089,MES,SELL_SIGNAL,7451.75,1.0,,BEARISH,0.6911849115257827,,0.010822510822510822,94.52%,,PENDING,,,,fed6e0ce-7fcb-441d-92f9-7f0e28453f48
1778862545.3956,MES,SELL_SIGNAL,7451.25,1.0,,BEARISH,0.8666266016380219,,0.011061946902654867,84.94%,,PENDING,,,,ae1bdc63-0ee1-4231-a3bd-db26cb5fda70
1778862548.309,MES,SELL_SIGNAL,7451,1.0,,BEARISH,0.9712952939361947,,0.010706638115631691,87.34%,,PENDING,,,,c6797640-d14c-4fae-a605-bc57ec69e1f1
1778864100.7200704,MES,SHORT,7448.75,1,,,,,,,,APPROVED,20.0,WIN,Exit Executed,MANUAL_1778863987
1778864424.0355,MES,SELL_SIGNAL,7447.75,1.0,,BEARISH,0.7656558061944819,,0.010893246187363835,94.24%,,PENDING,,,,ea01ba1d-ab6b-47bf-964c-f61e3abc2ff2
1778864427.5078,MES,SELL_SIGNAL,7447.25,1.0,,BEARISH,0.8571731229523383,,0.010504201680672268,91.86%,,PENDING,,,,efbccf9e-1d7f-4aa1-8290-374c16ced924
1778866189.0802,MES,SELL_SIGNAL,7466.5,1.0,,BEARISH,0.6517441831163425,,0.008976660682226212,88.14%,,PENDING,,,,d4223065-64af-41a8-80c9-bd255b458160
1778866190.1129,MES,SELL_SIGNAL,7466.25,1.0,,BEARISH,0.6809556262868759,,0.0099601593625498,96.24%,,PENDING,,,,e544c164-c00c-4f0b-a504-d6092406e686
1778866202.2119,MES,SELL_SIGNAL,7466,1.0,,BEARISH,0.7669920704663067,,0.010526315789473684,80.87%,,PENDING,,,,3116c4d0-b304-4e6c-ae2e-0a42253fb9b3
1778866620.0998,MES,SELL_SIGNAL,7468,1.0,,BEARISH,0.6192532408241288,,0.009433962264150943,93.13%,,PENDING,,,,abd72825-00e2-4e9f-8a07-17ef839106f3
1778866673.6821,MES,SELL_SIGNAL,7466.75,1.0,,BEARISH,0.5634839166238779,,0.00984251968503937,83.79%,,PENDING,,,,dfedae33-d255-4800-bd05-89745a6e038c
1778866677.8157,MES,SELL_SIGNAL,7466.5,1.0,,BEARISH,0.5849302194124705,,0.00929368029739777,83.34%,,PENDING,,,,a7afa212-c6d9-4ad0-949c-10228e9a79ec
1778866688.1313,MES,SELL_SIGNAL,7466.25,1.0,,BEARISH,0.5974729031985444,,0.009861932938856016,84.30%,,PENDING,,,,c0eaddd0-d6dc-4d48-b637-f0b2827c5244
1778866704.726,MES,SELL_SIGNAL,7464.25,1.0,,BEARISH,0.8676039314807789,,0.009124087591240877,89.04%,,PENDING,,,,281e3194-26dc-4169-b01d-4724651c739b
1778866705.7398,MES,SELL_SIGNAL,7464.5,1.0,,BEARISH,0.881983832179473,,0.009487666034155597,100.00%,,PENDING,,,,4a17adbf-1dca-4a0c-982c-2b3652b0b30f
1778866726.2399,MES,SELL_SIGNAL,7465.5,1.0,,BEARISH,0.7513641078723884,,0.010940919037199124,82.05%,,PENDING,,,,1c5ce6e9-2121-475a-bb96-d4fa241d85f1
1778866727.2447,MES,SELL_SIGNAL,7465.25,1.0,,BEARISH,0.7471579863035496,,0.010775862068965518,95.40%,,PENDING,,,,00ebe1c0-1e90-4b23-a3df-f4a5125be94c
1778868610.0506,MES,SELL_SIGNAL,7470.5,1.0,,BEARISH,0.7711243533708309,,0.007680491551459294,91.47%,,PENDING,,,,67c2aa6d-4dfd-4968-ab15-e39a8d3c3cd5
1778868613.1103,MES,SELL_SIGNAL,7470.25,1.0,,BEARISH,0.7667503331895772,,0.007564296520423602,88.71%,,PENDING,,,,70d1fb62-261d-4923-b4aa-579c4998cc2d
1778869022.5051,MES,SELL_SIGNAL,7466.75,1.0,,BEARISH,0.8479370113052284,,0.009615384615384616,93.13%,,PENDING,,,,09e86b7f-7c13-4878-996e-cb5ea431356e
1778869117.7237675,MES,SHORT,7465.75,1,,,,,,,,APPROVED,17.5,WIN,Exit Executed,MANUAL_1778869093
1778869846.7186785,MES,SHORT,7457.0,1,,,,,,,,APPROVED,6.25,WIN,Exit Executed,MANUAL_1778869150
1778872124.6746676,MES,SHORT,7446.25,1,,,,,,,,APPROVED,-6.25,LOSS,Exit Executed,MANUAL_1778869922
1779116972.3849,MES,SELL_SIGNAL,7412.25,1.0,,BEARISH,1.1566788981590042,,0.018796992481203006,83.27%,,PENDING,,,,fcea3018-a716-4b29-817f-ef57f526e46f
1779116974.0265,MES,SELL_SIGNAL,7411.75,1.0,,BEARISH,1.1693698505851888,,0.016835016835016835,94.30%,,PENDING,,,,17448ecd-a510-45ee-b06c-c430defe2b6a
1779117031.7327683,MES,SHORT,7407.25,1,,,,,,,,APPROVED,1.25,WIN,Exit Executed,MANUAL_1779117018
1779117364.5784,MES,SELL_SIGNAL,7410,1.0,,BEARISH,0.95580297239227,,0.017123287671232876,82.44%,,PENDING,,,,57748269-1e3e-48dc-969b-ae8c7d04d465
1779117387.3072,MES,SELL_SIGNAL,7409.25,1.0,,BEARISH,1.2071687354848963,,0.009433962264150943,100.00%,,PENDING,,,,5bd820cb-2960-48dc-acc8-657a75924524
1779117392.3886,MES,SELL_SIGNAL,7409.5,1.0,,BEARISH,1.2359378515448727,,0.010752688172043012,87.46%,,PENDING,,,,f63a237b-57a3-4112-9a76-e6c82f5dce9e
1779117395.6693,MES,SELL_SIGNAL,7408.75,1.0,,BEARISH,1.1805494627072197,,0.00946969696969697,97.73%,,PENDING,,,,60a3d1d4-b368-4dce-9a15-463cfaa122df
1779117396.5864,MES,SELL_SIGNAL,7408.5,1.0,,BEARISH,1.151454496550827,,0.009727626459143969,80.34%,,PENDING,,,,097305fe-3803-4ac8-a953-3f867d2d3709
1779117398.6753,MES,SELL_SIGNAL,7408,1.0,,BEARISH,1.1389592211069863,,0.0125,90.08%,,PENDING,,,,ba0d0048-d913-47fb-bcd2-1b8a4ea68226
1779117403.8197,MES,SELL_SIGNAL,7407.25,1.0,,BEARISH,1.1611349892569924,,0.01256281407035176,82.85%,,PENDING,,,,47a9d48f-a3ee-4179-9a0d-a647c1602f42
1779117404.856,MES,SELL_SIGNAL,7407.75,1.0,,BEARISH,1.1753936111970908,,0.013192612137203167,91.98%,,PENDING,,,,7477192c-0bfa-4611-bd63-b6fb74614697
1779117456.9843,MES,SELL_SIGNAL,7408.75,1.0,,BEARISH,0.7811334658849433,,0.014326647564469915,82.12%,,PENDING,,,,bd716106-be18-4a4b-a688-00a3ebf1ddc5
1779117467.5877,MES,SELL_SIGNAL,7408.5,1.0,,BEARISH,0.7283116455936597,,0.013404825737265416,80.97%,,PENDING,,,,1764f204-d01d-43bc-89bd-0a06e2fb89aa
1779117469.373,MES,SELL_SIGNAL,7407.75,1.0,,BEARISH,0.696997191347112,,0.01240694789081886,95.95%,,PENDING,,,,97f747e4-8bcb-4641-881a-c5432b5f6fe4
1779117470.4421,MES,SELL_SIGNAL,7408,1.0,,BEARISH,0.7027362782980243,,0.013192612137203167,81.06%,,PENDING,,,,a55048d2-1479-4282-8267-3b3dbbfc42f9
1779117478.3169,MES,SELL_SIGNAL,7407.25,1.0,,BEARISH,0.7003202455503366,,0.012376237623762377,95.10%,,PENDING,,,,2e6a9231-3810-4323-b1f6-6eda59564ffc
1779117496.8937,MES,SELL_SIGNAL,7407,1.0,,BEARISH,0.6194100300372399,,0.011737089201877934,85.18%,,PENDING,,,,0f42b501-af27-4d5b-adfe-bf73737e2775
1779117503.0748,MES,SELL_SIGNAL,7406.5,1.0,,BEARISH,0.7380282748399799,,0.011627906976744186,80.91%,,PENDING,,,,50d4cb98-2d41-4fa6-a642-d55eb1169089
1779117507.3772,MES,SELL_SIGNAL,7406,1.0,,BEARISH,0.8335734117450974,,0.011415525114155252,95.47%,,PENDING,,,,68285397-b047-4d8c-87ab-eae7dc23cf0c
1779117510.1448,MES,SELL_SIGNAL,7405.5,1.0,,BEARISH,0.8839433987554802,,0.011655011655011656,88.22%,,PENDING,,,,df0786e2-4561-48d2-8334-e9cb3b0d05a1
1779117520.5113,MES,SELL_SIGNAL,7404.75,1.0,,BEARISH,1.2735008357009718,,0.010040160642570281,86.41%,,PENDING,,,,32e6499b-a464-4e28-980c-92221da1dae8
1779117594.6719,MES,SELL_SIGNAL,7401.75,1.0,,BEARISH,1.5271726673602444,,0.012285012285012284,87.79%,,PENDING,,,,099296a6-2c88-4805-9fae-61de07956eb3
1779117601.9481,MES,SELL_SIGNAL,7402,1.0,,BEARISH,1.3664410038304444,,0.013586956521739132,81.38%,,PENDING,,,,3c4d24f1-cc28-4966-88b4-1739ef208d9e
1779118175.057464,MES,SHORT,7402.0,1,,,,,,,,APPROVED,11.25,WIN,Exit Executed,MANUAL_1779117602
1779118941.1928,MES,SELL_SIGNAL,7410.25,1.0,,BEARISH,0.8755143766545548,,0.013157894736842105,85.68%,,PENDING,,,,751adba3-62cd-47d7-a4a1-e3468e16b656
1779118942.1675,MES,SELL_SIGNAL,7410,1.0,,BEARISH,0.9077895796405436,,0.01392757660167131,91.89%,,PENDING,,,,84a6665c-8509-45ce-942d-062eeccae760
1779119019.3481665,MES,SHORT,7410.5,1,,,,,,,,APPROVED,20.0,WIN,Exit Executed,MANUAL_1779118951
1779120142.5567,MES,SELL_SIGNAL,7398.5,1.0,,BEARISH,0.8276110026766273,,0.013297872340425532,80.96%,,PENDING,,,,0295c8a7-c138-4f79-b80a-d50323b02b3c
1779121448.0132,MES,SELL_SIGNAL,7407,1.0,,BEARISH,1.1909721021176771,,0.011682242990654207,91.56%,,PENDING,,,,a845d7a7-293e-417f-9257-5726e899ef74
1779121459.6734,MES,SELL_SIGNAL,7404.75,1.0,,BEARISH,0.9979764129998038,,0.013157894736842105,83.11%,,PENDING,,,,f470245e-c2a7-4bf1-afeb-9165140f81e5
1779121525.6323,MES,SELL_SIGNAL,7406,1.0,,BEARISH,0.9554334656817464,,0.01326259946949602,89.34%,,PENDING,,,,8bb9d143-5947-4a35-8e8c-53f0570267e6
1779121543.5356,MES,SELL_SIGNAL,7405,1.0,,BEARISH,0.9379024559884426,,0.012886597938144331,89.59%,,PENDING,,,,2627e446-710f-40b7-b517-4fe34c60c2a5
1779121614.9563,MES,SELL_SIGNAL,7396,1.0,,BEARISH,1.567659560355864,,0.009363295880149813,91.87%,,PENDING,,,,21fc4a46-e720-4525-af1e-c6794c15797b
1779121618.0663,MES,SELL_SIGNAL,7395.75,1.0,,BEARISH,1.5164994164937844,,0.010570824524312896,90.29%,,PENDING,,,,8dec4632-2d32-4357-8e8f-f6206877e69c
1779121618.6974,MES,SELL_SIGNAL,7395.5,1.0,,BEARISH,1.5433644644271478,,0.010638297872340425,90.63%,,PENDING,,,,797d4fba-475d-44cd-b326-0ba8072f85fa
1779121644.3248,MES,SELL_SIGNAL,7396.5,1.0,,BEARISH,1.5069518754101805,,0.013020833333333334,82.90%,,PENDING,,,,6f3d4007-1976-4dfb-afe3-203e76bd18a3
1779121656.378,MES,SELL_SIGNAL,7397,1.0,,BEARISH,1.1442252454955617,,0.0141643059490085,81.38%,,PENDING,,,,f96d7b33-b966-4eb2-9b4d-c787711d9495
1779121845.2648,MES,SELL_SIGNAL,7382.5,1.0,,BEARISH,2.2191227207429325,,0.013020833333333334,91.67%,,PENDING,,,,c822832f-16d9-4f19-bb00-b62b7dd04e4e
1779121859.0979,MES,SELL_SIGNAL,7383.25,1.0,,BEARISH,1.6710975705791329,,0.0136986301369863,85.78%,,PENDING,,,,8d5fd2df-46bc-4b7b-a78d-8479aa14f189
1779121863.0435,MES,SELL_SIGNAL,7382.75,1.0,,BEARISH,1.3923912995539172,,0.013586956521739132,100.00%,,PENDING,,,,f5a811c0-92d1-4c7f-a8c7-cf85b97b9b16
1779122568.2422,MES,SELL_SIGNAL,7393.75,1.0,,BEARISH,0.7882882119407506,,0.012376237623762377,84.57%,,PENDING,,,,218b97fc-094a-4889-a11e-9309ce8fd6ca
1779122599.0061,MES,SELL_SIGNAL,7392.5,1.0,,BEARISH,0.7400350236023915,,0.012254901960784315,86.03%,,PENDING,,,,b6822658-0436-4f8f-898f-9be32ad1b78f
1779122602.1692,MES,SELL_SIGNAL,7392.25,1.0,,BEARISH,0.760647118937568,,0.011764705882352941,94.18%,,PENDING,,,,813251ec-35d0-42fa-b3c6-6b1e7c072f0f
1779122605.2182,MES,SELL_SIGNAL,7391.5,1.0,,BEARISH,0.92283492228313,,0.013477088948787061,84.13%,,PENDING,,,,5645ddbe-ad06-4e78-a834-15ebfc94654d
1779122606.2163,MES,SELL_SIGNAL,7391.25,1.0,,BEARISH,0.9887788508150895,,0.012886597938144331,81.61%,,PENDING,,,,6834a0cc-fdea-4e45-a412-f6d5904841e3
1779122631.2111,MES,SELL_SIGNAL,7391,1.0,,BEARISH,1.3806061879941303,,0.011737089201877934,96.74%,,PENDING,,,,3b09b542-02dd-4189-9a68-915d4d327e9f
1779123507.1742,MES,SELL_SIGNAL,7410.25,1.0,,BEARISH,0.6105822913115617,,0.014044943820224719,80.38%,,PENDING,,,,c75269e3-5968-4508-8876-595d5f30baa1
1779123520.0914,MES,SELL_SIGNAL,7409.25,1.0,,BEARISH,0.8067511745433772,,0.012048192771084338,90.66%,,PENDING,,,,a88ffdbf-98a5-435f-b8cf-b86daaa0ff49
1779123555.501,MES,SELL_SIGNAL,7408.5,1.0,,BEARISH,0.644183010807045,,0.012853470437017995,83.06%,,PENDING,,,,7977836a-9b67-4dcd-a7e9-208065d1b827
1779123556.555,MES,SELL_SIGNAL,7408,1.0,,BEARISH,0.6756457467795108,,0.012376237623762377,92.30%,,PENDING,,,,1d529701-36fe-4175-9246-f523b854eba1
1779123557.727,MES,SELL_SIGNAL,7408.25,1.0,,BEARISH,0.6890359063401477,,0.013368983957219251,91.18%,,PENDING,,,,70527e0c-9aa9-4b60-a4cf-03dce57d5b4d
1779123568.9064,MES,SELL_SIGNAL,7407,1.0,,BEARISH,1.0012351129542099,,0.012919896640826873,92.69%,,PENDING,,,,a49fd024-d292-4cd3-8bfc-b40a83695e8e
1779123570.0105,MES,SELL_SIGNAL,7406.75,1.0,,BEARISH,1.0407905920487441,,0.013513513513513514,88.07%,,PENDING,,,,e51bce71-6693-4f17-a03d-a725c7d0ffcc
1779123579.7996,MES,SELL_SIGNAL,7404.75,1.0,,BEARISH,1.4616326681137006,,0.012690355329949238,87.29%,,PENDING,,,,026df38e-a77e-4a49-ba39-2da16f5febf8
1779123582.7387,MES,SELL_SIGNAL,7404.25,1.0,,BEARISH,1.7188511141289617,,0.01488095238095238,82.53%,,PENDING,,,,4c89f9c5-ef9d-424d-99ba-905bdbcd55cd
1779123583.7487,MES,SELL_SIGNAL,7404.5,1.0,,BEARISH,1.7802024499230036,,0.01457725947521866,90.53%,,PENDING,,,,8bd912bc-83d4-4e83-a30f-33785896ed14
1779123617.1892,MES,SELL_SIGNAL,7403.5,1.0,,BEARISH,1.6366380294823968,,0.014705882352941176,93.60%,,PENDING,,,,ab07592f-1361-4b58-8b6a-a20c09ee5a22
1779123625.6153,MES,SELL_SIGNAL,7403.25,1.0,,BEARISH,1.2375010700217939,,0.014662756598240468,89.63%,,PENDING,,,,113302ea-cb65-4f43-9be1-34596fbd9396
1779123626.4353,MES,SELL_SIGNAL,7403,1.0,,BEARISH,1.1971821317147926,,0.014367816091954025,97.06%,,PENDING,,,,ad9749f9-3bad-421c-ac1e-2cf8e904ccda
1779123628.7194,MES,SELL_SIGNAL,7402.5,1.0,,BEARISH,1.1793524389007906,,0.01506024096385542,92.53%,,PENDING,,,,6ef9aec9-05c0-4c12-96a7-0ec5e97597d3
1779123631.6724,MES,SELL_SIGNAL,7402,1.0,,BEARISH,1.1307449047190186,,0.014044943820224719,84.53%,,PENDING,,,,c293b2de-090e-4cb7-b8ab-894318d8fc69
1779123632.7674,MES,SELL_SIGNAL,7402.25,1.0,,BEARISH,1.1192650433602112,,0.01457725947521866,89.05%,,PENDING,,,,0681339f-33e5-4494-93be-d80df61690c0
1779123656.7318,MES,SELL_SIGNAL,7400.5,1.0,,BEARISH,1.2554682652188989,,0.014326647564469915,86.39%,,PENDING,,,,8643ba1c-cef9-4c5a-b6c2-bd869c8ffa27
1779123657.8679,MES,SELL_SIGNAL,7400.25,1.0,,BEARISH,1.2893180762305767,,0.014124293785310734,85.10%,,PENDING,,,,d28589ca-36dc-44a5-be68-c67d484b8dcf
1779123658.9699,MES,SELL_SIGNAL,7399.5,1.0,,BEARISH,1.3367100603013111,,0.013123359580052493,83.91%,,PENDING,,,,df5b0660-d88e-4642-9a58-b118f4acaeac
1779123662.0509,MES,SELL_SIGNAL,7399.75,1.0,,BEARISH,1.4624538236951885,,0.014534883720930232,82.82%,,PENDING,,,,7ffa7043-0833-457b-84f3-052e3f63da92
1779123678.8907,MES,SELL_SIGNAL,7400.75,1.0,,BEARISH,1.447430999106742,,0.02,83.15%,,PENDING,,,,f3371e56-fa9c-496f-8e0c-7ec071d9c945
1779124362.2424,MES,SELL_SIGNAL,7410.25,1.0,,BEARISH,0.7325657256334625,,0.013736263736263736,81.92%,,PENDING,,,,40e371ff-ca48-4ef8-b89f-869013bba0ba
1779124363.1244,MES,SELL_SIGNAL,7409.75,1.0,,BEARISH,0.7555234463377702,,0.013054830287206267,91.24%,,PENDING,,,,2edfa2c8-810a-42b8-b77b-8e41780587db
1779124365.2514,MES,SELL_SIGNAL,7409.5,1.0,,BEARISH,0.8129860562664134,,0.013333333333333334,84.16%,,PENDING,,,,5e532e39-7a74-4d4c-a0a4-00210f3d1bda
1779125129.8014,MES,SELL_SIGNAL,7407,1.0,,BEARISH,0.634615302305975,,0.013123359580052493,80.27%,,PENDING,,,,a87308b4-6e83-47f5-8d1b-dffb136230de
1779125789.6018806,MES,SHORT,7405.0,1,,,,,,,,APPROVED,5.0,WIN,Exit Executed,MANUAL_1779125729
1779126599.0005,MES,SELL_SIGNAL,7406.25,1.0,,BEARISH,0.5983735016339102,,0.014044943820224719,82.83%,,PENDING,,,,551b88ca-09c4-46ea-9d06-441e3e8f4258
1779127512.5795019,MES,SHORT,7404.0,1,,,,,,,,APPROVED,21.25,WIN,Exit Executed,MANUAL_1779127293
1779128009.067,MES,SELL_SIGNAL,7393.25,1.0,,BEARISH,1.1166039488247717,,0.013089005235602092,83.60%,,PENDING,,,,9b6d4254-b665-47c9-bd4f-d673b155e23f
1779128010.1815,MES,SELL_SIGNAL,7393,1.0,,BEARISH,1.1200140611506364,,0.012106537530266345,84.45%,,PENDING,,,,16863bc6-4f0c-4e54-9f51-114164d93707
1779128192.3445005,MES,SHORT,7392.25,1,,,,,,,,APPROVED,30.0,WIN,Exit Executed,MANUAL_1779128018
1779128576.9224,MES,SELL_SIGNAL,7382,1.0,,BEARISH,1.2699259287087494,,0.01240694789081886,80.65%,,PENDING,,,,0cdbf044-9fc1-4e6e-9a4b-a26148552c7b
1779128582.3433,MES,SELL_SIGNAL,7381.5,1.0,,BEARISH,1.264324700839362,,0.012690355329949238,92.14%,,PENDING,,,,74c108d2-0c1b-4832-b2ea-eb7ac1bd3c7e
1779128799.9925,MES,SELL_SIGNAL,7380.25,1.0,,BEARISH,0.6474635430261866,,0.013404825737265416,90.73%,,PENDING,,,,402147df-9623-43ed-9525-c4d0e106c4c6
1779128832.0155,MES,SELL_SIGNAL,7379.25,1.0,,BEARISH,0.6678000605749859,,0.013157894736842105,89.31%,,PENDING,,,,539eb7d7-3466-483d-864b-fb557903cd77
1779128832.7583,MES,SELL_SIGNAL,7379,1.0,,BEARISH,0.6942433795553956,,0.011111111111111112,89.45%,,PENDING,,,,b58bccc7-43dd-4ee8-95c1-751a33a03f14
1779128856.8791,MES,SELL_SIGNAL,7377.25,1.0,,BEARISH,1.521798993014926,,0.010940919037199124,84.37%,,PENDING,,,,53339ad6-c063-46c5-a504-cc79441a2202
1779128874.2352,MES,SELL_SIGNAL,7378.75,1.0,,BEARISH,1.213528671337514,,0.009881422924901186,99.17%,,PENDING,,,,cbf0c31b-1200-4c43-bf83-8e6ce1cec56e
1779129413.0723,MES,SELL_SIGNAL,7387.25,1.0,,BEARISH,0.8440971508067067,,0.01440922190201729,95.79%,,PENDING,,,,156b83f6-d07c-4abc-a930-052b1ba4dd73
1779129416.2596,MES,SELL_SIGNAL,7386.75,1.0,,BEARISH,0.9295353769217999,,0.014245014245014245,94.95%,,PENDING,,,,44265b46-df55-434b-9434-bebc10ce8da1
1779129417.3498,MES,SELL_SIGNAL,7386.25,1.0,,BEARISH,0.9875996695749917,,0.014245014245014245,84.24%,,PENDING,,,,9048daeb-c2c5-44bc-abca-339df12fc91f
1779129419.3501,MES,SELL_SIGNAL,7386.5,1.0,,BEARISH,1.084649895348829,,0.014124293785310734,84.40%,,PENDING,,,,193128d5-622d-4dbe-b29c-36f3db56a2d1
1779129430.6565,MES,SELL_SIGNAL,7385.25,1.0,,BEARISH,1.4323923629215327,,0.013192612137203167,89.60%,,PENDING,,,,fcc25c72-552d-45f9-862d-e846dec096ca
1779129441.1142,MES,SELL_SIGNAL,7385.75,1.0,,BEARISH,1.3386898055487784,,0.012345679012345678,80.60%,,PENDING,,,,efb927e3-0b0f-4e6a-8c95-9fed93e301fc
1779129451.6312,MES,SELL_SIGNAL,7385,1.0,,BEARISH,1.2402942401945947,,0.011933174224343675,89.64%,,PENDING,,,,82f84854-617c-4a96-acaa-3785782d1c38
1779129612.6964,MES,SELL_SIGNAL,7383.25,1.0,,BEARISH,0.6120696343457463,,0.012048192771084338,80.55%,,PENDING,,,,26ff5f5c-4182-4049-b509-9dde38612514
1779129700.3424,MES,SELL_SIGNAL,7380.5,1.0,,BEARISH,0.6665430676385053,,0.012722646310432571,83.71%,,PENDING,,,,19a31849-40b5-4b60-9a51-f99264ecc9a5
1779130184.142,MES,SELL_SIGNAL,7379.75,1.0,,BEARISH,1.4888652164545861,,0.011764705882352941,90.78%,,PENDING,,,,504ba844-7c80-4a2a-b6d7-e3d7a2b68194
1779130249.2176,MES,SELL_SIGNAL,7376,1.0,,BEARISH,1.7357724716812188,,0.012594458438287152,88.62%,,PENDING,,,,12d1700a-0089-4299-869c-cdcae22d7bf9
1779130250.294,MES,SELL_SIGNAL,7375.75,1.0,,BEARISH,1.6834815619695767,,0.012886597938144331,92.64%,,PENDING,,,,1a02b034-85cf-492e-803d-6c2cfeee762c
1779130349.6142,MES,SELL_SIGNAL,7377.75,1.0,,BEARISH,0.6595131743328894,,0.013054830287206267,81.40%,,PENDING,,,,3ac1aeb9-6656-46f9-a57d-e88b45a2687c
1779130707.6868,MES,SELL_SIGNAL,7375.5,1.0,,BEARISH,1.476576769017534,,0.015151515151515152,83.84%,,PENDING,,,,40198398-9ce0-4c07-9f67-30215c0623a5
1779130709.9742,MES,SELL_SIGNAL,7375.75,1.0,,BEARISH,1.6759926226527493,,0.015151515151515152,81.36%,,PENDING,,,,9666db96-9b13-4a85-9dc9-f258a9cfab4b
1779130970.8500376,MES,BUY,7388.0,1,,,,,,,,APPROVED,136.25,WIN,Exit Executed,MANUAL_1779129063
1779134268.9780698,MES,SHORT,7418.75,1,,,,,,,,APPROVED,-10.0,LOSS,Exit Executed,MANUAL_1779134154
1779204964.3106,MES,SELL_SIGNAL,7363.5,1.0,,BEARISH,0.6828586266239903,,0.015384615384615385,80.66%,,PENDING,,,,f68c2e0a-43f9-4df5-89d2-7bd9938766c0
1779204967.3064,MES,SELL_SIGNAL,7363,1.0,,BEARISH,0.6085983479705991,,0.015384615384615385,94.96%,,PENDING,,,,a47d1d95-43f7-4f85-8198-d3696e945b9d
1779205420.1964,MES,SELL_SIGNAL,7371.5,1.0,,BEARISH,2.083272597984749,,0.014925373134328358,84.78%,,PENDING,,,,9158d162-a86f-4c55-bb1d-5f5a97ecfcf0
1779206685.0535,MES,SELL_SIGNAL,7375,1.0,,BEARISH,0.951684130169154,,0.01488095238095238,94.17%,,PENDING,,,,b0844723-fae4-4dd2-ad43-8f25103762eb
1779206686.0794,MES,SELL_SIGNAL,7374.75,1.0,,BEARISH,0.9275579230242021,,0.014749262536873156,87.88%,,PENDING,,,,249abf8f-1677-4267-b20a-9f6e9c783c8e
1779206731.4847,MES,SELL_SIGNAL,7373.75,1.0,,BEARISH,0.6080178734735328,,0.0136986301369863,80.80%,,PENDING,,,,651860f9-a19d-4e77-8575-812d011127ea
1779206734.5671,MES,SELL_SIGNAL,7373.5,1.0,,BEARISH,0.6964903948056262,,0.013089005235602092,92.48%,,PENDING,,,,07fcc081-e9d2-403a-8f3b-947f2f01293e
1779206794.1147485,MES,SHORT,7373.75,1,,,,,,,,APPROVED,11.25,WIN,Exit Executed,MANUAL_1779206736
1779208198.758,MES,SELL_SIGNAL,7383.75,1.0,,BEARISH,0.8231617939281747,,0.012135922330097087,83.82%,,PENDING,,,,2a07c098-cef3-4a09-b7ca-30b96ebf756e
1779208202.1916,MES,SELL_SIGNAL,7383.25,1.0,,BEARISH,0.8665960423201642,,0.013623978201634876,91.67%,,PENDING,,,,28c8ec7a-db99-4985-a338-f50dabe5534e
1779208205.7385,MES,SELL_SIGNAL,7383.5,1.0,,BEARISH,0.8843827046938344,,0.01282051282051282,88.44%,,PENDING,,,,60dd613b-0b25-4417-8986-b263b0691005
1779208207.5292,MES,SELL_SIGNAL,7382.5,1.0,,BEARISH,0.908955755233307,,0.014285714285714285,94.59%,,PENDING,,,,ff0fda6e-372d-48eb-8652-1cb61110a536
1779208207.8443,MES,SELL_SIGNAL,7382.75,1.0,,BEARISH,0.9243546382071879,,0.014005602240896357,95.11%,,PENDING,,,,48e66f96-130f-4b77-9d03-ef871b9d2c33
1779208209.0784,MES,SELL_SIGNAL,7383,1.0,,BEARISH,0.9286992756714998,,0.014326647564469915,88.34%,,PENDING,,,,6fa869a0-943e-42d3-8f25-82b4f195d3af
1779208432.9902,MES,SELL_SIGNAL,7385.75,1.0,,BEARISH,0.6369479441962421,,0.013123359580052493,80.67%,,PENDING,,,,eff1a181-a8e2-4b17-8c68-fe8b06b425fc
1779208434.1745,MES,SELL_SIGNAL,7386,1.0,,BEARISH,0.6767423630811806,,0.012886597938144331,90.30%,,PENDING,,,,3a67ae33-de73-4402-af4d-ed23296d0a88
1779208590.5672,MES,SELL_SIGNAL,7385.5,1.0,,BEARISH,0.6095404400223162,,0.01278772378516624,80.76%,,PENDING,,,,810b93e3-6b73-4d33-84ef-b7b21585171d
1779208593.8548,MES,SELL_SIGNAL,7385,1.0,,BEARISH,0.7722225609342291,,0.012468827930174562,88.84%,,PENDING,,,,faf94264-db83-43de-968d-565215cb73ae
1779208603.3792,MES,SELL_SIGNAL,7383.75,1.0,,BEARISH,1.105927468223731,,0.01091703056768559,86.02%,,PENDING,,,,73782239-b754-40ce-a987-44ef7dd67f0f
1779208607.9914,MES,SELL_SIGNAL,7384,1.0,,BEARISH,1.1908016100830026,,0.011682242990654207,87.16%,,PENDING,,,,e320bdb0-bace-49d1-bde7-d970771b7c73
1779208616.7425,MES,SELL_SIGNAL,7384.5,1.0,,BEARISH,1.2218872593558996,,0.014705882352941176,82.59%,,PENDING,,,,bc8daab1-4fc5-4032-828d-94039c347a8e
1779208978.431,MES,SELL_SIGNAL,7390.5,1.0,,BEARISH,0.6648323989127394,,0.01160092807424594,85.22%,,PENDING,,,,90bf6f6a-736d-4afc-b550-457f4af81a3c
1779209203.6521,MES,SELL_SIGNAL,7392,1.0,,BEARISH,0.710829764994587,,0.013888888888888888,88.23%,,PENDING,,,,1d9e38ce-d599-4ea3-b650-d294b91d3e05
1779209235.6531,MES,SELL_SIGNAL,7391.75,1.0,,BEARISH,0.7277296170146066,,0.014245014245014245,97.87%,,PENDING,,,,62e3bc23-2bbf-4c35-8d25-67b74ebd40ad
1779209236.7761,MES,SELL_SIGNAL,7391.5,1.0,,BEARISH,0.7270014260277126,,0.0136986301369863,91.86%,,PENDING,,,,f30390a4-0542-4a43-9548-c47d56455a73
1779209409.7887,MES,SELL_SIGNAL,7392.75,1.0,,BEARISH,0.5985357604163474,,0.013966480446927375,87.15%,,PENDING,,,,a214ff3d-fb4e-48cb-b6e0-e99a81adeb0d
1779209430.5941,MES,SELL_SIGNAL,7392.5,1.0,,BEARISH,0.745703323264476,,0.013227513227513229,81.60%,,PENDING,,,,734cec83-89dd-4e7e-80e2-0fc77779b847
1779209806.8956,MES,SELL_SIGNAL,7398,1.0,,BEARISH,0.563671880352892,,0.010040160642570281,80.59%,,PENDING,,,,da0df4da-2923-4ff3-8cad-fea652ca4726
1779209901.6912,MES,SELL_SIGNAL,7398.25,1.0,,BEARISH,0.8404813491714642,,0.010526315789473684,100.00%,,PENDING,,,,ddcf4247-69b7-4b6a-a791-1dd5d77f7f7f
1779209902.8052,MES,SELL_SIGNAL,7398.75,1.0,,BEARISH,0.85146931829632,,0.0121654501216545,97.84%,,PENDING,,,,9986c710-f2b4-405c-af1d-c8eb442c28a5
1779209903.8872,MES,SELL_SIGNAL,7398.5,1.0,,BEARISH,0.8624605943671619,,0.010638297872340425,98.06%,,PENDING,,,,e5e34ea5-076b-40ff-9f66-d4272a51c817
1779210058.5711,MES,SELL_SIGNAL,7399.5,1.0,,BEARISH,0.6214730996264617,,0.013123359580052493,95.29%,,PENDING,,,,7c39d1ff-3802-4acd-8601-b5902fc6dd08
1779210443.986,MES,SELL_SIGNAL,7403.5,1.0,,BEARISH,0.6655755548463597,,0.012690355329949238,80.41%,,PENDING,,,,bbb8aeff-7790-4175-8105-8fc8f371fc9d
1779211263.2039,MES,SELL_SIGNAL,7410,1.0,,BEARISH,0.8080631792718409,,0.011235955056179775,82.34%,,PENDING,,,,c0e9a85e-5ea2-4a0a-9c48-42d26592c646
1779211541.4421,MES,SELL_SIGNAL,7412,1.0,,BEARISH,0.8109747744201189,,0.01282051282051282,86.09%,,PENDING,,,,2b5b16dc-d7c4-478f-88bd-7564bc073c77
1779211543.2381,MES,SELL_SIGNAL,7411.5,1.0,,BEARISH,0.8864166420351302,,0.01243781094527363,95.61%,,PENDING,,,,7701e108-8731-45d4-8709-9805d5b7e82b
1779211545.3671,MES,SELL_SIGNAL,7411.25,1.0,,BEARISH,0.9776004723893188,,0.012285012285012284,89.09%,,PENDING,,,,12eaf47e-9cd8-4f55-90ad-f2b2c6f80dea
1779211556.7503,MES,SELL_SIGNAL,7410,1.0,,BEARISH,1.3934560031692287,,0.010615711252653927,92.99%,,PENDING,,,,2d479d52-b0ba-4e9c-93ed-2d4be7bf1be4
1779211597.0730386,MES,SHORT,7410.0,1,,,,,,,,APPROVED,3.75,WIN,Exit Executed,MANUAL_1779211560
1779211731.0841062,MES,SHORT,7408.75,1,,,,,,,,APPROVED,7.5,WIN,Exit Executed,MANUAL_1779211598
1779212088.291,MES,SELL_SIGNAL,7407.25,1.0,,BEARISH,1.0116814191163692,,0.013297872340425532,93.09%,,PENDING,,,,8e48de21-aa31-4b41-af12-51533eaef478
1779212089.6235,MES,SELL_SIGNAL,7407,1.0,,BEARISH,1.0358680412436985,,0.011574074074074073,91.74%,,PENDING,,,,e8fa0bbd-63a6-484d-8b31-e3e2357e588a
1779212098.585,MES,SELL_SIGNAL,7406.75,1.0,,BEARISH,1.1199273584191045,,0.010940919037199124,86.53%,,PENDING,,,,5f2e155d-5726-4db8-9ec5-51a2768b1b91
1779212099.59,MES,SELL_SIGNAL,7406.5,1.0,,BEARISH,1.1412897847967254,,0.01016260162601626,92.31%,,PENDING,,,,8389a9e5-28dd-49b9-b8b3-c076e3072bd4
1779215293.7075157,MES,SHORT,7402.25,1,,,,,,,,APPROVED,8.75,WIN,Exit Executed,MANUAL_1779212842
1779216933.452293,MES,SHORT,7395.25,1,,,,,,,,APPROVED,52.5,WIN,Exit Executed,MANUAL_1779216192
1779217322.4689,MES,SELL_SIGNAL,7384.5,1.0,,BEARISH,0.9504960792187254,,0.013297872340425532,100.00%,,PENDING,,,,1ab035b7-2d47-4d00-9edb-eeaa5f19c779
1779217374.8907,MES,SELL_SIGNAL,7383.25,1.0,,BEARISH,0.642467766124087,,0.013966480446927375,87.78%,,PENDING,,,,8f9c3ce3-9e0f-4d4c-a1ee-1581c12a8698
1779218469.1995,MES,SELL_SIGNAL,7390.25,1.0,,BEARISH,0.7484800983507301,,0.011737089201877934,81.75%,,PENDING,,,,81bd99f1-7268-4774-b710-ac99bd38834b
1779218470.2711,MES,SELL_SIGNAL,7390,1.0,,BEARISH,0.7917298517752696,,0.011682242990654207,84.97%,,PENDING,,,,c20ee264-4ccf-464c-86c7-09e70b13e845
1779218541.0785508,MES,SHORT,7391.0,1,,,,,,,,APPROVED,13.75,WIN,Exit Executed,MANUAL_1779218472
1779219431.9404,MES,SELL_SIGNAL,7379.75,1.0,,BEARISH,1.2296004932014934,,0.012722646310432571,81.86%,,PENDING,,,,59d8a7f8-ddb8-4dd3-94bc-6cc94835319d
1779219439.0579,MES,SELL_SIGNAL,7379.5,1.0,,BEARISH,1.0988887555959161,,0.012853470437017995,93.84%,,PENDING,,,,4e353cf8-cd09-46d0-b4d4-63e34e74787e
1779219446.4319,MES,SELL_SIGNAL,7378.75,1.0,,BEARISH,0.9544350830117342,,0.011820330969267141,100.00%,,PENDING,,,,2cfad2af-3d3b-4738-9847-b75b4aeb7d1d
1779219448.349,MES,SELL_SIGNAL,7379,1.0,,BEARISH,0.9234373730366905,,0.011389521640091117,91.63%,,PENDING,,,,1b329d2c-ec7a-4be3-ab14-9a07a5221312
1779219770.1427982,MES,SHORT,7379.0,1,,,,,,,,APPROVED,5.0,WIN,Exit Executed,MANUAL_1779219449
1779220330.8367,MES,SELL_SIGNAL,7371,1.0,,BEARISH,0.8465929557753015,,0.009727626459143969,94.53%,,PENDING,,,,02fd2a28-40af-447d-9725-5959200c803a
1779220516.7433,MES,SELL_SIGNAL,7365.75,1.0,,BEARISH,2.090569354503385,,0.012376237623762377,90.23%,,PENDING,,,,b964565d-363e-4fad-b03b-d84b8a8f1856
1779220519.4614,MES,SELL_SIGNAL,7366,1.0,,BEARISH,2.100393425616468,,0.012019230769230768,94.57%,,PENDING,,,,02d75cfb-2ef1-43ce-a508-22525ba52d4d
1779220521.6733,MES,SELL_SIGNAL,7365.5,1.0,,BEARISH,2.120404635726172,,0.011627906976744186,90.20%,,PENDING,,,,6cb1ecf9-40ac-403a-971a-63d65450e66d
1779283687.2256,MES,SELL_SIGNAL,7397.75,1.0,,BEARISH,0.7632538877563227,,0.022727272727272728,86.04%,,PENDING,,,,6c08d7f6-ee7a-431d-ad14-510d35c768e7
1779283724.3279,MES,SELL_SIGNAL,7396,1.0,,BEARISH,1.2308634032719163,,0.01644736842105263,90.97%,,PENDING,,,,ea6e0a01-5689-4333-9bb9-5be8bd456b9a
1779283725.2701,MES,SELL_SIGNAL,7396.25,1.0,,BEARISH,1.2146920164861768,,0.01838235294117647,84.87%,,PENDING,,,,4d996fc8-d76d-44fd-9cf8-ccc4612ddec4
1779283730.5929,MES,SELL_SIGNAL,7395.75,1.0,,BEARISH,1.1210618453131607,,0.019011406844106463,87.38%,,PENDING,,,,b4f99c0c-5fad-48a5-9267-849cabe61e79
1779283743.1124,MES,SELL_SIGNAL,7395.5,1.0,,BEARISH,0.7243129415440094,,0.01845018450184502,92.99%,,PENDING,,,,53f77b88-f312-40c0-ba65-55fd74dade8b
1779283745.0525,MES,SELL_SIGNAL,7395,1.0,,BEARISH,0.6568172487877315,,0.01968503937007874,81.99%,,PENDING,,,,626460ac-c44d-412b-846c-10bf4734ff4a
1779283752.3382,MES,SELL_SIGNAL,7394.5,1.0,,BEARISH,0.7804437930589837,,0.018518518518518517,91.50%,,PENDING,,,,7773cff1-3bb2-4f56-9925-08d2661069a4
1779283950.028,MES,SELL_SIGNAL,7391.5,1.0,,BEARISH,1.406772109604673,,0.0154320987654321,84.13%,,PENDING,,,,dee78606-a12c-486b-930c-e2919a2c0ddc
1779284393.3614,MES,SELL_SIGNAL,7386.75,1.0,,BEARISH,1.3529367513329456,,0.01984126984126984,88.12%,,PENDING,,,,29b145fe-96d9-4e50-9b2f-6e7b20a04890
1779284813.2848265,MES,BUY,7404.0,1,,,,,,,,APPROVED,26.25,WIN,Exit Executed,MANUAL_1779284763
1779284939.1801097,MES,SHORT,7404.25,1,,,,,,,,APPROVED,5.0,WIN,Exit Executed,MANUAL_1779284927
1779284980.6823823,MES,SHORT,7401.25,1,,,,,,,,APPROVED,5.0,WIN,Exit Executed,MANUAL_1779284975
1779285504.4477,MES,SELL_SIGNAL,7397,1.0,,BEARISH,0.989564191013192,,0.016556291390728478,88.87%,,PENDING,,,,e5665de1-1503-4ec2-97fb-99521fa8839f
1779285527.2334,MES,SELL_SIGNAL,7398,1.0,,BEARISH,1.107084275572704,,0.02109704641350211,81.62%,,PENDING,,,,2a6682b2-891e-444d-b1d1-fb5394dff82d
1779285531.6506,MES,SELL_SIGNAL,7396.75,1.0,,BEARISH,1.0807444076081407,,0.015625,93.03%,,PENDING,,,,a2c2a0d3-0872-4731-840f-905e04b225b1
1779285647.2812,MES,SELL_SIGNAL,7396.25,1.0,,BEARISH,0.8409538571351632,,0.01858736059479554,89.62%,,PENDING,,,,480b59c9-c93a-49ed-9b73-a8de57b17976
1779285653.9515,MES,SELL_SIGNAL,7396,1.0,,BEARISH,0.9085574802483628,,0.016233766233766232,99.81%,,PENDING,,,,02d863cd-87ac-4a3c-b628-73aed5e2c574
1779285679.6147,MES,SELL_SIGNAL,7397,1.0,,BEARISH,0.7921757209618052,,0.01818181818181818,93.91%,,PENDING,,,,56d739b5-d4eb-4f73-9009-1612267aadfe
1779285687.2864,MES,SELL_SIGNAL,7395.5,1.0,,BEARISH,0.9374788133199218,,0.014925373134328358,85.48%,,PENDING,,,,9aed1732-6824-49d9-b754-e8b6e4bde6de
1779285688.3372,MES,SELL_SIGNAL,7395.75,1.0,,BEARISH,0.9616223344558371,,0.01597444089456869,87.32%,,PENDING,,,,19764018-9fcf-4a89-86bf-18e8781196e3
1779285689.4685,MES,SELL_SIGNAL,7395.25,1.0,,BEARISH,0.998904767464485,,0.014970059880239521,92.23%,,PENDING,,,,b36d780b-94e9-49a8-b9bd-90b0271f3962
1779285696.7073,MES,SELL_SIGNAL,7395,1.0,,BEARISH,1.010004684779648,,0.016835016835016835,82.96%,,PENDING,,,,bed6200b-2a33-4064-8f5d-07d5043cd6f0
1779285706.2152,MES,SELL_SIGNAL,7393.75,1.0,,BEARISH,1.3901070458313836,,0.017182130584192438,86.93%,,PENDING,,,,ae1bbc27-1777-407c-9841-0e8687e6f1de
1779285709.2137,MES,SELL_SIGNAL,7393.5,1.0,,BEARISH,1.4858739272507664,,0.01607717041800643,84.12%,,PENDING,,,,0907618f-704c-473d-837f-ed2363e947f6
1779285717.208,MES,SELL_SIGNAL,7392.75,1.0,,BEARISH,1.685446804916545,,0.015197568389057751,85.97%,,PENDING,,,,eeba1dc4-b57f-41cb-b457-ad7eb94e8395
1779285740.6848,MES,SELL_SIGNAL,7393,1.0,,BEARISH,1.1864569460143772,,0.01773049645390071,86.54%,,PENDING,,,,473302ea-c46d-43b1-a022-3358fc2945a9
1779285774.4043,MES,SELL_SIGNAL,7391,1.0,,BEARISH,0.8874119674649424,,0.012658227848101266,89.70%,,PENDING,,,,9af2683d-40bc-46fb-b520-8e9265d4f99d
1779285962.0782175,MES,SHORT,7389.0,1,,,,,,,,APPROVED,12.5,WIN,Exit Executed,MANUAL_1779285820
1779286648.5486226,MES,SHORT,7377.75,1,,,,,,,,APPROVED,-192.5,LOSS,Exit Executed,MANUAL_1779286397
1779286809.086962,MES,SHORT,7409.5,1,,,,,,,,APPROVED,-30.0,LOSS,Exit Executed,MANUAL_1779286716
1779287491.0276847,MES,SHORT,7406.0,1,,,,,,,,APPROVED,-103.75,LOSS,Exit Executed,MANUAL_1779287077
1779287577.7788825,MES,BUY,7426.25,1,,,,,,,,APPROVED,0.0,LOSS,Exit Executed,
1779287742.3192906,MES,SHORT,7416.75,1,,,,,,,,APPROVED,1.25,WIN,Exit Executed,MANUAL_1779287730
1779287819.932604,MES,SHORT,7414.75,1,,,,,,,,APPROVED,-28.75,LOSS,Exit Executed,MANUAL_1779287744
1779288432.1486256,MES,BUY,7420.75,1,,,,,,,,APPROVED,-11.25,LOSS,Exit Executed,MANUAL_1779287820
1779289147.1486,MES,SELL_SIGNAL,7430,1.0,,BEARISH,0.9637772177343314,,0.015873015873015872,97.31%,,PENDING,,,,53886d22-7d4d-4009-98a0-6ab3793c2f8c
1779289371.038,MES,SELL_SIGNAL,7431,1.0,,BEARISH,0.6120696343457463,,0.013850415512465374,81.56%,,PENDING,,,,140e53ca-1ba8-40d8-9d70-ebbc500f9bde
1779289374.3413,MES,SELL_SIGNAL,7430.5,1.0,,BEARISH,0.6859542201126803,,0.013736263736263736,86.01%,,PENDING,,,,f282f188-c4d7-4fff-ae78-6c30c9201eea
1779289375.2893,MES,SELL_SIGNAL,7430.75,1.0,,BEARISH,0.7130245120627059,,0.013966480446927375,88.64%,,PENDING,,,,9e9ad4fd-b7d4-40e5-b904-f80c1c5bc733
1779289378.1761,MES,SELL_SIGNAL,7430,1.0,,BEARISH,0.831027884389428,,0.013812154696132596,91.87%,,PENDING,,,,9e109748-1b67-4b80-bdb3-165922ff1c67
1779289379.6044,MES,SELL_SIGNAL,7429.75,1.0,,BEARISH,0.8834239373637918,,0.013192612137203167,85.81%,,PENDING,,,,feab84e9-333f-42f3-a4d1-1a6ddb2af45e
1779289381.4105,MES,SELL_SIGNAL,7429.25,1.0,,BEARISH,1.0146873387798951,,0.012224938875305624,84.49%,,PENDING,,,,d2868654-395e-4b0e-bd4b-3ab65fa84b68
1779289388.6455,MES,SELL_SIGNAL,7429.5,1.0,,BEARISH,1.1694377904628839,,0.01278772378516624,87.78%,,PENDING,,,,565cc90f-059d-4416-aa84-5e2e16e14e73
1779289402.0637,MES,SELL_SIGNAL,7428.5,1.0,,BEARISH,1.228278789734128,,0.013054830287206267,81.85%,,PENDING,,,,76870471-b36a-41da-857a-33fde0dff9c7
1779289404.2898,MES,SELL_SIGNAL,7427.75,1.0,,BEARISH,1.3074104305451693,,0.012077294685990338,84.25%,,PENDING,,,,5ff54d55-abae-468f-b299-e989066518e3
1779289433.2399,MES,SELL_SIGNAL,7427.25,1.0,,BEARISH,0.980557822908877,,0.013368983957219251,91.62%,,PENDING,,,,230ea675-745c-4565-a134-3092237826d2
1779289435.3659,MES,SELL_SIGNAL,7426.75,1.0,,BEARISH,0.9671420270906295,,0.01326259946949602,98.03%,,PENDING,,,,50db228f-7e97-436a-9bd5-8d8859100d77
1779289453.2093,MES,SELL_SIGNAL,7426.5,1.0,,BEARISH,0.873293331554669,,0.013054830287206267,81.47%,,PENDING,,,,1c42bd05-da0c-4571-b1a8-719c6f10b939
1779290178.4752011,MES,BUY,7450.75,10,,,,,,,,APPROVED,50.0,WIN,Exit Executed,MANUAL_1779290146
1779290545.6356,MES,SELL_SIGNAL,7442,1.0,,BEARISH,0.9994613662362692,,0.01937984496124031,87.06%,,PENDING,,,,1b3dc467-cbf7-4aec-a9b1-1cd0ce2b7bba
1779290551.6568,MES,SELL_SIGNAL,7442.25,1.0,,BEARISH,1.0361066302039297,,0.0211864406779661,88.39%,,PENDING,,,,00a118a0-08f2-46bd-b059-672baa409e93
1779290609.8456,MES,SELL_SIGNAL,7442.5,1.0,,BEARISH,0.8480931585915061,,0.021929824561403508,81.73%,,PENDING,,,,9bebc53e-9caa-47b7-a933-395cb558b5eb
1779290630.5567,MES,SELL_SIGNAL,7440.5,1.0,,BEARISH,1.0679178087885246,,0.016778523489932886,83.38%,,PENDING,,,,83b319b4-c989-48eb-85a4-c490df770807
1779290634.5757,MES,SELL_SIGNAL,7440.25,1.0,,BEARISH,1.1872974106107272,,0.0211864406779661,83.56%,,PENDING,,,,9587c53b-152a-4979-a846-886594d81e06
1779290656.3076,MES,SELL_SIGNAL,7439.5,1.0,,BEARISH,1.4985633421365545,,0.01858736059479554,84.15%,,PENDING,,,,3ee95ea4-f856-4676-a92a-0e4b533ff662
1779290750.0778,MES,SELL_SIGNAL,7438,1.0,,BEARISH,0.7749043133931145,,0.02109704641350211,89.20%,,PENDING,,,,b98b748d-66d6-42b2-8756-e2845a09ca7a
1779290783.2994,MES,SELL_SIGNAL,7437.5,1.0,,BEARISH,0.7383152871753613,,0.020242914979757085,87.01%,,PENDING,,,,fa47d0ba-591a-4676-976a-4890cfbf66a8
1779290784.3445,MES,SELL_SIGNAL,7437.25,1.0,,BEARISH,0.7189426479723166,,0.019230769230769232,91.50%,,PENDING,,,,c86fab9d-614e-4aa0-aa89-a44a80a96a8d
1779290785.3217,MES,SELL_SIGNAL,7437,1.0,,BEARISH,0.714298577366019,,0.0196078431372549,89.63%,,PENDING,,,,09cbda5d-f228-45bb-a6e6-a91d11d848f1
1779290786.4799,MES,SELL_SIGNAL,7436.75,1.0,,BEARISH,0.7434269404717648,,0.019305019305019305,89.57%,,PENDING,,,,81931b1c-03d7-44df-a342-f2375fdffcf5
1779290825.6574,MES,SELL_SIGNAL,7436,1.0,,BEARISH,0.7075560707253801,,0.015772870662460567,87.46%,,PENDING,,,,e09f6cd2-3bfd-4d5b-9d90-a4893093f0d4
1779290833.2078,MES,SELL_SIGNAL,7435.25,1.0,,BEARISH,0.8447244059655777,,0.015337423312883436,93.55%,,PENDING,,,,3ad7b880-5f3a-40e0-b05b-437ce722fe91
1779290847.3189,MES,SELL_SIGNAL,7435,1.0,,BEARISH,0.9066219040130005,,0.013888888888888888,84.26%,,PENDING,,,,9daed55d-b93c-4dd0-a974-3e707b718d35
1779290849.4176,MES,SELL_SIGNAL,7434.75,1.0,,BEARISH,0.9640428056229902,,0.011261261261261262,90.55%,,PENDING,,,,5d2e064f-aeaa-44e3-bbe5-5c946d4f9246
1779290877.4971,MES,SELL_SIGNAL,7433.75,1.0,,BEARISH,0.9626774544757617,,0.015337423312883436,92.27%,,PENDING,,,,cae591dc-c9f4-42b0-a02c-388867456db0
1779290884.32,MES,SELL_SIGNAL,7433.25,1.0,,BEARISH,0.8844226307769993,,0.012106537530266345,80.35%,,PENDING,,,,d44a254f-0bad-410a-a66d-2983a227ac47
1779290889.4256,MES,SELL_SIGNAL,7433,1.0,,BEARISH,0.9035007245830154,,0.014836795252225518,80.25%,,PENDING,,,,a3e59a2a-81ad-4712-9e96-3964558a687c
1779290890.9414,MES,SELL_SIGNAL,7432.75,1.0,,BEARISH,0.9202293376644244,,0.014084507042253521,96.01%,,PENDING,,,,0836edc6-c82d-43e4-bcc2-a25f00bd308f
1779290982.315,MES,SELL_SIGNAL,7431,1.0,,BEARISH,1.5914007971517234,,0.014749262536873156,86.27%,,PENDING,,,,a2cdb392-d754-4529-affb-24138777e7bf
1779290985.181,MES,SELL_SIGNAL,7430.75,1.0,,BEARISH,1.597684367759493,,0.012254901960784315,91.16%,,PENDING,,,,ef3ebbcb-6bcf-4c6d-b3e3-49b9326659e8
1779292428.5503,MES,SELL_SIGNAL,7445,1.0,,BEARISH,0.8393041744058832,,0.014285714285714285,86.96%,,PENDING,,,,c1e72e04-bef2-4966-9a1a-aaac944dd0c4
1779292433.4096,MES,SELL_SIGNAL,7444.75,1.0,,BEARISH,0.9055989527803332,,0.014970059880239521,85.99%,,PENDING,,,,568d5b27-8946-4c19-b59a-fedbd66bf33a
1779292438.6574,MES,SELL_SIGNAL,7444.25,1.0,,BEARISH,0.923102726714528,,0.015337423312883436,83.75%,,PENDING,,,,38154cea-6ff1-4387-a5c1-f249f4c98463
1779292439.6007,MES,SELL_SIGNAL,7444.5,1.0,,BEARISH,0.922978398606265,,0.01597444089456869,85.68%,,PENDING,,,,799a6363-40c5-4e5c-b7f8-6994815bc7e0
1779292445.8857,MES,SELL_SIGNAL,7443.75,1.0,,BEARISH,0.9882430337651315,,0.014450867052023121,98.73%,,PENDING,,,,452115c5-a1a1-4145-b5b4-e0ce0e0ec87d
1779292644.895,MES,SELL_SIGNAL,7443,1.0,,BEARISH,0.879728948369252,,0.013812154696132596,83.01%,,PENDING,,,,c94d5370-6c23-4ab5-823f-a54be79ef0ec
1779292647.9198,MES,SELL_SIGNAL,7442,1.0,,BEARISH,0.95580297239227,,0.014326647564469915,80.19%,,PENDING,,,,96dc7c90-fdfc-4af4-b58c-d01ddeebae58
1779292766.5354,MES,SELL_SIGNAL,7440,1.0,,BEARISH,0.8472600405254496,,0.016233766233766232,85.08%,,PENDING,,,,7a8ac370-5a47-4833-8291-9a966933faa7
1779293002.3521,MES,SELL_SIGNAL,7439.75,1.0,,BEARISH,0.7197157905791977,,0.015243902439024392,82.84%,,PENDING,,,,93a5f3c1-d1ed-4d44-ae30-4b066b8f7ae5
1779293996.6308,MES,SELL_SIGNAL,7435,1.0,,BEARISH,0.869067865475568,,0.01506024096385542,83.86%,,PENDING,,,,2351f9c6-5b82-40e0-9890-b7ed68d1c45c
1779294052.9030852,MES,SHORT,7435.75,10,,,,,,,,APPROVED,250.0,WIN,Exit Executed,MANUAL_1779294012
1779294239.7688038,MES,SHORT,7429.25,5,,,,,,,,APPROVED,-100.0,LOSS,Exit Executed,MANUAL_1779294088
1779294624.270218,MES,SHORT,7429.25,10,,,,,,,,APPROVED,225.0,WIN,Exit Executed,MANUAL_1779294332
1779297618.0424,MES,SELL_SIGNAL,7435.25,1.0,,BEARISH,0.601316822402263,,0.017605633802816902,80.50%,,PENDING,,,,d8d99153-fb2f-4758-a4aa-1f0c9cc7e649
1779297620.0391,MES,SELL_SIGNAL,7434.75,1.0,,BEARISH,0.6036026492586745,,0.01689189189189189,80.54%,,PENDING,,,,32d07e3e-4d51-45f1-b69e-0ad30dc2ee47
1779376199.5998,MES,SELL_SIGNAL,7413.5,1.0,,BEARISH,1.969483822077178,,0.01838235294117647,82.24%,,PENDING,,,,c1000f31-d251-4f12-b629-40112a760c8d
1779376513.5234158,MES,BUY,7426.25,1,,,,,,,,APPROVED,7.5,WIN,Exit Executed,MANUAL_1779376466
1779376902.1333,MES,SELL_SIGNAL,7425,1.0,,BEARISH,0.6816164527801284,,0.015873015873015872,85.38%,,PENDING,,,,68746741-ea44-459e-bdf0-ad504ab2842b
1779376904.1913,MES,SELL_SIGNAL,7425.5,1.0,,BEARISH,0.7023341833377795,,0.01730103806228374,90.98%,,PENDING,,,,8fc9f72b-eec7-41bd-b38c-8c5544934eb5
1779376948.1202,MES,SELL_SIGNAL,7424.25,1.0,,BEARISH,1.0063007716075016,,0.015015015015015017,80.36%,,PENDING,,,,832f541b-550b-434b-b4fc-87d612765423
1779377074.917,MES,SELL_SIGNAL,7426.75,1.0,,BEARISH,0.7386021879810508,,0.018315018315018316,93.57%,,PENDING,,,,a80c44bc-52cb-45bd-abf9-e581ad1b1352
1779377083.7605,MES,SELL_SIGNAL,7426.25,1.0,,BEARISH,0.9780067357340863,,0.016339869281045753,81.33%,,PENDING,,,,babf8832-20f4-435e-a45b-94b8a196c9e5
1779377107.5342,MES,SELL_SIGNAL,7425.25,1.0,,BEARISH,1.2031033318541862,,0.01582278481012658,84.55%,,PENDING,,,,a6a9afae-9297-4eae-a6b9-9e4d4c79c7c2
1779377136.9234,MES,SELL_SIGNAL,7426,1.0,,BEARISH,1.1497973292302799,,0.014619883040935672,97.58%,,PENDING,,,,fd66cbdd-9b94-4449-963b-0305c1f20ea0
1779377141.1662,MES,SELL_SIGNAL,7425,1.0,,BEARISH,1.1802503205714623,,0.013404825737265416,96.10%,,PENDING,,,,dd18c870-8447-4e0f-9967-e04087460efc
1779377185.905519,MES,SHORT,7424.75,1,,,,,,,,APPROVED,-5.0,LOSS,Exit Executed,MANUAL_1779377144
1779377495.7172065,MES,SHORT,7422.5,1,,,,,,,,APPROVED,6.25,WIN,Exit Executed,MANUAL_1779377472
1779378730.6924,MES,SELL_SIGNAL,7432,1.0,,BEARISH,0.6295876823108233,,0.01240694789081886,92.62%,,PENDING,,,,a91ce30a-4467-4928-940b-3f5699ef0f43
1779378754.74,MES,SELL_SIGNAL,7431.5,1.0,,BEARISH,0.7556285967796523,,0.012531328320802006,85.60%,,PENDING,,,,388b1fca-6a18-43e8-a142-52a1e18db4d2
1779378755.7662,MES,SELL_SIGNAL,7431.75,1.0,,BEARISH,0.7550559338730053,,0.012195121951219513,84.30%,,PENDING,,,,2ed59973-ea54-40a7-8b64-a345a886e38d
1779379348.6867104,MES,BUY,7434.0,1,,,,,,,,APPROVED,3.75,WIN,Exit Executed,MANUAL_1779378591
1779380821.1262805,MES,SHORT,7431.5,1,,,,,,,,APPROVED,40.0,WIN,Exit Executed,MANUAL_1779380050
1779382384.6709,MES,SELL_SIGNAL,7421.5,1.0,,BEARISH,0.7105316502371309,,0.01282051282051282,80.69%,,PENDING,,,,c7938b51-7ebf-4f25-9b8f-2213ae0fa866
1779382385.5145,MES,SELL_SIGNAL,7421.25,1.0,,BEARISH,0.7569242511862718,,0.01278772378516624,91.41%,,PENDING,,,,f6448e13-938a-4222-8fd0-b07dcf6c3a45
1779382386.4486,MES,SELL_SIGNAL,7421,1.0,,BEARISH,0.8097547058312283,,0.012755102040816325,89.39%,,PENDING,,,,56dbf3b7-b38a-4094-8c88-c768907d7081
1779389357.608209,MES,SHORT,7470.25,1,,,,,,,,APPROVED,31.25,WIN,Exit Executed,MANUAL_1779384218
1779389362.2602274,MES,SHORT,7470.0,1,,,,,,,,APPROVED,30.0,WIN,Exit Executed,MANUAL_1779387141
1779389365.488361,MES,SHORT,7470.5,1,,,,,,,,APPROVED,32.5,WIN,Exit Executed,MANUAL_1779387723
1779389369.0334039,MES,SHORT,7471.5,1,,,,,,,,APPROVED,36.25,WIN,Exit Executed,MANUAL_1779387980
1779389677.3343,MES,SELL_SIGNAL,7448.75,1.0,,BEARISH,2.4233263488891335,,0.026595744680851064,80.68%,,PENDING,,,,79242043-34da-401f-beba-7f19aedb0369
1779389703.3848689,MES,SHORT,7445.25,3,,,,,,,,APPROVED,48.75,WIN,Exit Executed,MANUAL_1779389693
1779393305.1987932,MES,SHORT,7461.25,1,,,,,,,,APPROVED,10.0,WIN,Exit Executed,MANUAL_1779393292
1779463377.9111,MES,SELL_SIGNAL,7506,1.0,,BEARISH,0.7392831311632904,,0.009541984732824428,87.01%,,PENDING,,,,89a14f69-f2ac-41c7-b31b-0c356e42a5ae
1779463386.2922,MES,SELL_SIGNAL,7505.75,1.0,,BEARISH,0.8716643441219558,,0.010040160642570281,95.39%,,PENDING,,,,24939eb9-34b5-4ac3-84c9-e4a2171137c3
1779463395.6208,MES,SELL_SIGNAL,7505.5,1.0,,BEARISH,0.869067865475568,,0.009861932938856016,93.88%,,PENDING,,,,df860342-3b8d-479d-9127-f2296214eaad
1779463408.9546,MES,SELL_SIGNAL,7505.25,1.0,,BEARISH,0.786662746566887,,0.00998003992015968,91.39%,,PENDING,,,,8aaf06a5-770b-4210-b47b-1a05a3a2256a
1779463916.3571,MES,SELL_SIGNAL,7512.5,1.0,,BEARISH,0.6639820593519398,,0.010040160642570281,85.41%,,PENDING,,,,d1477388-896f-49cc-9471-6ad8b763573f
1779463920.3763,MES,SELL_SIGNAL,7512,1.0,,BEARISH,0.8010409893798611,,0.009823182711198428,95.00%,,PENDING,,,,b642b007-57aa-417a-9f66-4ca5b95057e0
1779463945.1541,MES,SELL_SIGNAL,7511.5,1.0,,BEARISH,1.126991332387626,,0.009900990099009901,84.09%,,PENDING,,,,78f3c359-7b64-496d-a4de-62f4803062c0
1779464034.9197,MES,SELL_SIGNAL,7510,1.0,,BEARISH,0.5561037784706903,,0.009900990099009901,83.65%,,PENDING,,,,0c6928eb-a9fe-4bbb-815c-2088e26d63a9
1779465706.4768825,MES,SHORT,7508.5,1,,,,,,,,APPROVED,-11.25,LOSS,Exit Executed,MANUAL_1779465647
1779467962.915938,MES,SHORT,7507.5,1,,,,,,,,APPROVED,18.75,WIN,Exit Executed,MANUAL_1779465919
1779467963.2860572,MES,SHORT,7509.0,1,,,,,,,,APPROVED,26.25,WIN,Exit Executed,MANUAL_1779467475
1779467963.7316775,MES,SHORT,7507.75,1,,,,,,,,APPROVED,20.0,WIN,Exit Executed,MANUAL_1779467857
1779813499.0059,MES,SELL_SIGNAL,7531.75,1.0,,BEARISH,0.5156279425528091,,0.008051529790660225,85.22%,,PENDING,,,,76122f35-2612-4b43-bf11-e4909ce6360a
1779813589.1309,MES,SELL_SIGNAL,7530.75,1.0,,BEARISH,0.5902934250723244,,0.008264462809917356,85.21%,,PENDING,,,,598c601e-6c10-48e3-b29c-f78be9f7432c
1779813616.2141,MES,SELL_SIGNAL,7529.5,1.0,,BEARISH,0.6646199160184425,,0.00922509225092251,85.38%,,PENDING,,,,d6d896ad-05c7-4672-a745-831123c3c1e9
1779813624.5982,MES,SELL_SIGNAL,7529.25,1.0,,BEARISH,0.7554416525420611,,0.009057971014492754,92.26%,,PENDING,,,,d564b7cb-a2a3-4ad5-bcf3-158dbe400c94
1779813626.6097,MES,SELL_SIGNAL,7529,1.0,,BEARISH,0.7732278809847737,,0.008488964346349746,89.45%,,PENDING,,,,d45560b2-950c-42f4-87ee-5c1322eaef45
1779813656.7261,MES,SELL_SIGNAL,7528.5,1.0,,BEARISH,0.6445529042116587,,0.00825082508250825,87.38%,,PENDING,,,,de457a5e-67e7-4412-a23f-06817bd37357
1779813658.803,MES,SELL_SIGNAL,7528.25,1.0,,BEARISH,0.6003030072929602,,0.008576329331046312,82.89%,,PENDING,,,,4d0e7c6b-48bd-4616-b1a7-c08a0d81d94f
1779813659.8005,MES,SELL_SIGNAL,7528,1.0,,BEARISH,0.5921300008048126,,0.008460236886632826,82.54%,,PENDING,,,,7a490a06-f5b7-4142-8bcf-21894373703f
1779813668.4948,MES,SELL_SIGNAL,7526.75,1.0,,BEARISH,0.8034617896686981,,0.009881422924901186,94.23%,,PENDING,,,,e920c9bf-4f9c-4592-b6f9-8b21377c67cc
1779813669.3796,MES,SELL_SIGNAL,7527,1.0,,BEARISH,0.8314526801460405,,0.010351966873706004,87.09%,,PENDING,,,,754f3db5-a278-4664-828d-7527a5498a8e
1779814137.5782,MES,SELL_SIGNAL,7522.75,1.0,,BEARISH,1.2067079463551278,,0.009345794392523364,80.02%,,PENDING,,,,49fb08b1-2fa1-4c0f-baa3-bf540a49493f
1779814154.2759,MES,SELL_SIGNAL,7523.25,1.0,,BEARISH,0.9916672601242111,,0.009416195856873822,80.45%,,PENDING,,,,e5b44a7d-4bec-4b71-801a-57adde66983d
1779817229.5756,MES,SELL_SIGNAL,7520,1.0,,BEARISH,0.6427013083473632,,0.01002004008016032,84.31%,,PENDING,,,,393ff4cd-c447-4942-a935-ef02e3f0e09c
1779818660.352414,MES,BUY,7531.25,1,,,,,,,,APPROVED,-28.75,LOSS,Exit Executed,MANUAL_1779812962
1779819154.2394614,MES,BUY,7529.75,2,,,,,,,,APPROVED,7.5,WIN,Exit Executed,MANUAL_1779819062
1779822477.3841326,MES,SHORT,7528.0,2,,,,,,,,APPROVED,12.5,WIN,Exit Executed,MANUAL_1779819258
1779822477.7566786,MES,SHORT,7532.25,2,,,,,,,,APPROVED,55.0,WIN,Exit Executed,MANUAL_1779819885
1779822478.1823926,MES,SHORT,7533.25,1,,,,,,,,APPROVED,32.5,WIN,Exit Executed,MANUAL_1779820331
1779822478.568953,MES,SHORT,7528.25,1,,,,,,,,APPROVED,7.5,WIN,Exit Executed,MANUAL_1779821514
1779822830.3390152,MES,SHORT,7526.25,1,,,,,,,,APPROVED,2.5,WIN,Exit Executed,MANUAL_1779822758
1779823931.09261,MES,BUY,7531.25,1,,,,,,,,APPROVED,2.5,WIN,Exit Executed,MANUAL_1779823862
1779824964.5393724,MES,BUY,7540.25,1,,,,,,,,APPROVED,-3.75,LOSS,Exit Executed,MANUAL_1779824529
1779824965.0045002,MES,BUY,7540.25,2,,,,,,,,APPROVED,-7.5,LOSS,Exit Executed,MANUAL_1779824866
1779825492.6758685,MES,BUY,7541.0,3,,,,,,,,APPROVED,-56.25,LOSS,Exit Executed,MANUAL_1779825007
1779825550.3453946,MES,SHORT,7537.5,10,,,,,,,,APPROVED,75.0,WIN,Exit Executed,MANUAL_1779825496
1779896034.2997,MES,SELL_SIGNAL,7532.25,1.0,,BEARISH,0.6251553479252561,,0.009124087591240877,82.59%,,PENDING,,,,5127ec84-9956-4854-ae01-e5da4d71ccb3
1779896165.2439864,MES,SHORT,7533.0,1,,,,,,,,APPROVED,28.75,WIN,Exit Executed,MANUAL_1779896040
1779896890.270037,MES,SHORT,7523.0,1,,,,,,,,APPROVED,22.5,WIN,Exit Executed,MANUAL_1779896620
1779901602.027998,MES,SHORT,7535.75,1,,,,,,,,APPROVED,52.5,WIN,Exit Executed,MANUAL_1779897849
1779901602.9762352,MES,SHORT,7527.5,1,,,,,,,,APPROVED,11.25,WIN,Exit Executed,MANUAL_1779898719
1779901603.7469301,MES,SHORT,7529.0,1,,,,,,,,APPROVED,18.75,WIN,Exit Executed,MANUAL_1779898927
1779901604.5556953,MES,SHORT,7536.0,6,,,,,,,,APPROVED,322.5,WIN,Exit Executed,MANUAL_1779900754
1779903616.6406,MES,SELL_SIGNAL,7529.5,1.0,,BEARISH,0.8174798499564047,,0.009074410163339383,90.29%,,PENDING,,,,39ca311e-48e8-442f-98a5-ea4fbb89fc1b
1779903620.7092,MES,SELL_SIGNAL,7528.5,1.0,,BEARISH,0.9182318430081393,,0.008116883116883116,100.00%,,PENDING,,,,51758f83-af77-4603-ac57-ec5d31d219cb
1779903624.1579,MES,SELL_SIGNAL,7528,1.0,,BEARISH,1.0063007716075016,,0.0078125,96.66%,,PENDING,,,,cdf5f75f-9431-49af-8839-12943fc72ec7
1779903881.2655,MES,SELL_SIGNAL,7527,1.0,,BEARISH,0.5516251029796306,,0.00792393026941363,85.44%,,PENDING,,,,df215951-1cee-4f4e-8ed5-da3d800b5f9e
1779903886.4507,MES,SELL_SIGNAL,7526.75,1.0,,BEARISH,0.5974285764464253,,0.00792393026941363,83.71%,,PENDING,,,,5edc7a38-6fdc-44bc-bdec-1b14076e5b6f
1779904791.47,MES,SELL_SIGNAL,7530.25,1.0,,BEARISH,0.7018312406807495,,0.008319467554076539,89.55%,,PENDING,,,,8f53ca8f-9d73-4a33-b9a2-f121495f239b
1779904819.4431,MES,SELL_SIGNAL,7529.75,1.0,,BEARISH,0.6285773327736501,,0.008488964346349746,88.14%,,PENDING,,,,9fd5f928-6bba-42eb-88eb-d33b82d44c59
1779904821.4631,MES,SELL_SIGNAL,7529.5,1.0,,BEARISH,0.6543395989350356,,0.008532423208191127,98.18%,,PENDING,,,,eacc3108-2746-485c-9a63-3479352f5535
1779988722.4144564,MES,SHORT,7577.0,1,,,,,,,,APPROVED,3.75,WIN,Exit Executed,MANUAL_1779986004
1779988722.7629254,MES,SHORT,7582.25,2,,,,,,,,APPROVED,60.0,WIN,Exit Executed,MANUAL_1779987687
1780063584.7673,MES,SELL_SIGNAL,7606,1.0,,BEARISH,0.5453320141434185,,0.008051529790660225,82.07%,,PENDING,,,,2da7b31e-ccaa-4d60-a0a6-74c0ea0b3d86
1780063591.9073,MES,SELL_SIGNAL,7605.75,1.0,,BEARISH,0.7149903203485278,,0.007680491551459294,83.48%,,PENDING,,,,4c674189-363f-4329-86c1-0681bf19869d
1780064628.319969,MES,SHORT,7607.25,1,,,,,,,,APPROVED,51.25,WIN,Exit Executed,MANUAL_1780063606
1780064628.690971,MES,SHORT,7604.75,1,,,,,,,,APPROVED,38.75,WIN,Exit Executed,MANUAL_1780063765
1780064629.1390572,MES,SHORT,7606.75,1,,,,,,,,APPROVED,48.75,WIN,Exit Executed,MANUAL_1780063821
1780065771.2278,MES,SELL_SIGNAL,7584.75,1.0,,BEARISH,1.4442255465745408,,0.009259259259259259,97.77%,,PENDING,,,,6d61887f-c3d9-4c48-956f-9d0a81887c15
1780065773.4868,MES,SELL_SIGNAL,7584.25,1.0,,BEARISH,1.405566767483177,,0.009380863039399626,100.00%,,PENDING,,,,bd157402-4dfe-4177-af42-a45f9a20fc6a
1780065774.471,MES,SELL_SIGNAL,7583.5,1.0,,BEARISH,1.4100814878083774,,0.007194244604316547,100.00%,,PENDING,,,,76aea40b-fd01-4caf-ac27-a81f8da02bd8
1780065784.8093,MES,SELL_SIGNAL,7583.75,1.0,,BEARISH,1.1727846046114176,,0.008130081300813009,86.53%,,PENDING,,,,f4f96c2c-6b43-4738-b75b-0f21babfec44
1780065788.7957,MES,SELL_SIGNAL,7583,1.0,,BEARISH,1.1362898666348078,,0.006544502617801046,100.00%,,PENDING,,,,a38b4ab7-52cd-4c26-b6fc-bae2dc02707d
1780065795.0457,MES,SELL_SIGNAL,7583.25,1.0,,BEARISH,1.0259606907591785,,0.007320644216691069,97.20%,,PENDING,,,,c202619f-6bd3-4d3d-9773-436536bd2bb2
1780065803.4974,MES,SELL_SIGNAL,7582.5,1.0,,BEARISH,0.8680616760612851,,0.006839945280437757,97.01%,,PENDING,,,,6c2c121e-bcc1-47d3-8678-c9514aad5c38
1780065805.4608,MES,SELL_SIGNAL,7582.25,1.0,,BEARISH,0.8864166420351302,,0.007385524372230428,100.00%,,PENDING,,,,ca14b44c-ecb2-4d0c-bc8b-96061ccc52f1
1780065907.2187,MES,SELL_SIGNAL,7580.75,1.0,,BEARISH,1.103178189887775,,0.006257822277847309,100.00%,,PENDING,,,,34c1ec96-96d2-420f-beaa-70adf2678176
1780065915.6461,MES,SELL_SIGNAL,7580.25,1.0,,BEARISH,1.4150310431603064,,0.008532423208191127,96.19%,,PENDING,,,,70dc6f59-f64a-4e7b-bd8f-0f92eeb1e1c6
1780065949.1329,MES,SELL_SIGNAL,7577.5,1.0,,BEARISH,1.1705242922058763,,0.0078125,91.51%,,PENDING,,,,e552dabe-afdc-4e66-9c6f-ccc392b27b41
1780065950.9819,MES,SELL_SIGNAL,7578,1.0,,BEARISH,1.2734453799017924,,0.007961783439490446,96.87%,,PENDING,,,,3930c885-1f57-4a25-8cec-9ff38a4ac62f
1780065963.997,MES,SELL_SIGNAL,7578.75,1.0,,BEARISH,1.1191388436706275,,0.00922509225092251,85.49%,,PENDING,,,,10d7bb0e-ce74-4e4c-aa67-c83bac97360f
1780065987.3293,MES,SELL_SIGNAL,7579,1.0,,BEARISH,1.0468880438094545,,0.009074410163339383,100.00%,,PENDING,,,,2e938257-ed26-4c4b-8062-287abaed20df
1780065991.6732,MES,SELL_SIGNAL,7578.25,1.0,,BEARISH,1.0418079000300255,,0.008445945945945945,100.00%,,PENDING,,,,7438aba3-f382-4382-81e7-2842e6b5123b
1780065999.8288,MES,SELL_SIGNAL,7578.5,1.0,,BEARISH,0.7197157905791977,,0.008695652173913044,88.34%,,PENDING,,,,e808ee31-8bc7-4b9f-a3b1-ff877c3eb4d6
1780066480.1444,MES,SELL_SIGNAL,7589.25,1.0,,BEARISH,1.7419305479548561,,0.009900990099009901,92.59%,,PENDING,,,,4643c71c-540b-4a4b-94a0-31cc28aaf93f
1780066481.6374,MES,SELL_SIGNAL,7589.75,1.0,,BEARISH,1.7622452935321664,,0.011441647597254004,88.93%,,PENDING,,,,9f3bb23c-2e8a-46fe-bdff-ee0ea2171a2e
1780066483.3104,MES,SELL_SIGNAL,7588.75,1.0,,BEARISH,1.7951745976807358,,0.012531328320802006,91.37%,,PENDING,,,,c4f3c317-6f85-47e0-9a47-c5e4d9c8a8f2
1780066485.3905,MES,SELL_SIGNAL,7588.5,1.0,,BEARISH,1.830570594258788,,0.011160714285714286,90.29%,,PENDING,,,,cff9b5ab-8525-4c52-93e0-9153397adc90
1780066486.7875,MES,SELL_SIGNAL,7588.25,1.0,,BEARISH,1.8570895992549785,,0.01179245283018868,90.28%,,PENDING,,,,b9aa5523-7c53-49c1-9f41-b8c2b0a19be5
1780066488.0045,MES,SELL_SIGNAL,7588,1.0,,BEARISH,1.8842708655910525,,0.011574074074074073,82.26%,,PENDING,,,,53f5eaf5-2f29-49ed-8634-72e88d4e4531
1780066856.1895,MES,SELL_SIGNAL,7590.5,1.0,,BEARISH,0.9410221032845384,,0.010615711252653927,100.00%,,PENDING,,,,f57f8d07-5d54-4849-ac05-6cb8d0b9cc9d
1780066858.4126,MES,SELL_SIGNAL,7590.25,1.0,,BEARISH,0.9251660409839039,,0.01026694045174538,100.00%,,PENDING,,,,45427738-c122-46d3-bdd0-51b7c85948d8
1780066859.4946,MES,SELL_SIGNAL,7590,1.0,,BEARISH,0.9251660409839039,,0.010660980810234541,100.00%,,PENDING,,,,1f6e2c83-1f87-4147-994f-8e616bf92a07
1780066862.6316,MES,SELL_SIGNAL,7589.5,1.0,,BEARISH,1.0089553108086797,,0.011709601873536299,84.84%,,PENDING,,,,9f260161-5951-4e99-a9c5-d7bd232de011
1780066863.7396,MES,SELL_SIGNAL,7589.75,1.0,,BEARISH,1.0480931703743281,,0.010638297872340425,98.36%,,PENDING,,,,e31f4680-bbe9-4d58-b089-4954852ec5c8
1780066887.3578,MES,SELL_SIGNAL,7591.25,1.0,,BEARISH,1.1363520158625153,,0.01016260162601626,88.79%,,PENDING,,,,f6606262-ad17-4848-82eb-d7e8514b4c91
1780066993.7948,MES,SELL_SIGNAL,7592,1.0,,BEARISH,0.7749612711299917,,0.010224948875255624,99.85%,,PENDING,,,,c667915d-8157-4494-955b-61bdcde99368
1780067793.5749,MES,SELL_SIGNAL,7601.75,1.0,,BEARISH,0.733143914930759,,0.008278145695364239,95.49%,,PENDING,,,,d2f335a0-80bb-4695-ac4e-bfc533a9f194
1780067799.7412,MES,SELL_SIGNAL,7602.25,1.0,,BEARISH,0.8199920765774006,,0.008375209380234505,93.10%,,PENDING,,,,f503f651-eb28-4006-9b22-fb77d2354e98
1780067823.6101,MES,SELL_SIGNAL,7601.5,1.0,,BEARISH,0.8188609113215721,,0.008319467554076539,99.89%,,PENDING,,,,cf599d5b-5e29-4efb-8f6b-9b19ce1a4861
1780067896.7469,MES,SELL_SIGNAL,7600,1.0,,BEARISH,0.7817999476797696,,0.008532423208191127,87.51%,,PENDING,,,,51f66c02-82d3-48b9-897b-04c25e77d4da
1780067900.3875,MES,SELL_SIGNAL,7599.75,1.0,,BEARISH,0.8017790071280155,,0.008130081300813009,90.31%,,PENDING,,,,97a9d724-53dd-43dd-8e19-1e393453b628
1780074010.8771064,MES,SHORT,7604.75,1,,,,,,,,APPROVED,32.5,WIN,Exit Executed,MANUAL_1780067902
1780074011.331917,MES,SHORT,7597.5,1,,,,,,,,APPROVED,-3.75,LOSS,Exit Executed,MANUAL_1780068154
1780074011.845056,MES,SHORT,7598.5,1,,,,,,,,APPROVED,1.25,WIN,Exit Executed,MANUAL_1780068306
1780074012.3311832,MES,SHORT,7602.75,1,,,,,,,,APPROVED,22.5,WIN,Exit Executed,MANUAL_1780068577
1780074012.8520224,MES,SHORT,7599.0,1,,,,,,,,APPROVED,3.75,WIN,Exit Executed,MANUAL_1780068601
1780074013.323631,MES,SHORT,7601.0,1,,,,,,,,APPROVED,13.75,WIN,Exit Executed,MANUAL_1780068752
1780074013.76324,MES,SHORT,7602.25,1,,,,,,,,APPROVED,20.0,WIN,Exit Executed,MANUAL_1780068828
1780074014.2648704,MES,SHORT,7602.0,1,,,,,,,,APPROVED,18.75,WIN,Exit Executed,MANUAL_1780068871
1780074014.7272847,MES,SHORT,7602.5,1,,,,,,,,APPROVED,20.0,WIN,Exit Executed,MANUAL_1780069213
1780074015.2238677,MES,SHORT,7604.75,1,,,,,,,,APPROVED,31.25,WIN,Exit Executed,MANUAL_1780071036
1780074015.6182506,MES,SHORT,7603.75,1,,,,,,,,APPROVED,26.25,WIN,Exit Executed,MANUAL_1780072525
1780074016.07799,MES,SHORT,7605.0,1,,,,,,,,APPROVED,32.5,WIN,Exit Executed,MANUAL_1780072671
1780074016.5148065,MES,SHORT,7607.75,1,,,,,,,,APPROVED,46.25,WIN,Exit Executed,MANUAL_1780072886
1780075283.7158,MES,SELL_SIGNAL,7594.75,1.0,,BEARISH,0.836691679235365,,0.01,97.15%,,PENDING,,,,f6a349fe-fe2a-4c8f-ba69-090cec06c135
1780075292.1139,MES,SELL_SIGNAL,7594.5,1.0,,BEARISH,0.8549044285304083,,0.011160714285714286,83.59%,,PENDING,,,,c21ad4ac-a325-4f47-954d-1d25dd959621
1780075305.674,MES,SELL_SIGNAL,7595.25,1.0,,BEARISH,0.7062448439889788,,0.010683760683760684,80.19%,,PENDING,,,,5fad99e6-c8ab-43ad-9124-de60cfe23bf1
1780075311.7798,MES,SELL_SIGNAL,7594.25,1.0,,BEARISH,0.6200937372186991,,0.011037527593818985,96.36%,,PENDING,,,,3e9c64d4-aa1b-413b-81bb-6e1b5ef7c78a
1780075313.9261,MES,SELL_SIGNAL,7594,1.0,,BEARISH,0.6366152329329388,,0.011061946902654867,93.18%,,PENDING,,,,111faa88-56bb-4175-89b7-dd3f1d013d7f
1780075326.4403,MES,SELL_SIGNAL,7593.5,1.0,,BEARISH,0.7012272333333621,,0.009057971014492754,86.54%,,PENDING,,,,2084e504-290d-4ea9-919d-48bb6fd6f8ac
1780075345.916,MES,SELL_SIGNAL,7593,1.0,,BEARISH,0.8584389162202258,,0.009242144177449167,93.15%,,PENDING,,,,73ea7719-3af7-452f-bdef-ca0fe5c540df
1780075350.1887,MES,SELL_SIGNAL,7592.75,1.0,,BEARISH,0.9195287880704962,,0.009541984732824428,100.00%,,PENDING,,,,ef395bc6-e9ad-48d3-bc09-acaf448d1702
1780075354.9672,MES,SELL_SIGNAL,7592.5,1.0,,BEARISH,1.0031377326840334,,0.009363295880149813,92.65%,,PENDING,,,,ba38c3eb-02a5-4c21-a7d7-2a184f4aabbb
1780075532.8766,MES,SELL_SIGNAL,7596,1.0,,BEARISH,0.5608930278587575,,0.008143322475570033,85.87%,,PENDING,,,,b4fbd805-e6ce-4eea-b7b8-98adb35ca0e0
1780075534.9303,MES,SELL_SIGNAL,7595.75,1.0,,BEARISH,0.5337480732046885,,0.008576329331046312,80.30%,,PENDING,,,,bd04b772-1822-4ad2-af3c-5b2993eb858c
1780075537.0468,MES,SELL_SIGNAL,7595.25,1.0,,BEARISH,0.5776407060714597,,0.009191176470588236,82.66%,,PENDING,,,,41107bde-13b1-4f94-b675-730d2dcda425
1780075541.2382,MES,SELL_SIGNAL,7594.25,1.0,,BEARISH,0.7051064751106303,,0.009363295880149813,86.47%,,PENDING,,,,1f311f80-841e-4283-b7ad-049d1cc64f0e
1780075542.2407,MES,SELL_SIGNAL,7594,1.0,,BEARISH,0.7561424551163481,,0.009208103130755065,82.68%,,PENDING,,,,534f6527-22eb-438d-a301-d10edcab2f34
1780075551.7227,MES,SELL_SIGNAL,7593.5,1.0,,BEARISH,1.1045616764921464,,0.009615384615384616,82.17%,,PENDING,,,,e926aec7-4260-4a7b-8815-a8e79d428a58
1780075554.6715,MES,SELL_SIGNAL,7593.75,1.0,,BEARISH,1.1958319799594697,,0.009259259259259259,94.56%,,PENDING,,,,44405716-7859-4b0d-85b7-6763e70acdf4
1780077344.2976,MES,SELL_SIGNAL,7586.75,1.0,,BEARISH,0.9454021952240556,,0.008264462809917356,98.66%,,PENDING,,,,c0140427-0eb8-472c-b548-c0e41fa7e5d1
1780077346.4671,MES,SELL_SIGNAL,7585.75,1.0,,BEARISH,0.9490089240113116,,0.009140767824497258,100.00%,,PENDING,,,,c736289d-60c5-432e-b38f-2be11bb19b8e
1780077376.3551,MES,SELL_SIGNAL,7586,1.0,,BEARISH,0.5017448369001242,,0.008210180623973728,91.96%,,PENDING,,,,6aba182b-d327-41e2-bf43-6d22ad8e40ef
1780077437.4184,MES,SELL_SIGNAL,7583.75,1.0,,BEARISH,0.6429073045625529,,0.008547008547008548,82.04%,,PENDING,,,,86b4d0cb-ade4-47ba-85e5-ce423d39b802
1780077466.5642,MES,SELL_SIGNAL,7584.75,1.0,,BEARISH,0.706357330227486,,0.008156606851549756,87.79%,,PENDING,,,,bb269851-0d70-41d6-8bc0-07a64200437d
1780077469.4692,MES,SELL_SIGNAL,7584.25,1.0,,BEARISH,0.7091512393178121,,0.008103727714748784,98.30%,,PENDING,,,,8900f3db-a47e-4250-b247-8245de4a9c14
1780078457.9636,MES,SELL_SIGNAL,7587.25,1.0,,BEARISH,0.7390442751811058,,0.007352941176470588,85.96%,,PENDING,,,,c4d55c68-afb2-422f-aea6-6a795997d8d1
1780078463.2006,MES,SELL_SIGNAL,7587,1.0,,BEARISH,0.8696466585541873,,0.007204610951008645,93.03%,,PENDING,,,,6be6f557-a7b8-4aff-bf85-7a37fed260cf
1780078470.441,MES,SELL_SIGNAL,7586.75,1.0,,BEARISH,1.0089553108086797,,0.008237232289950576,94.93%,,PENDING,,,,06d45262-18f6-45f9-86ad-7cb5a7da4832
1780078472.5141,MES,SELL_SIGNAL,7586.5,1.0,,BEARISH,1.0366177073475258,,0.008532423208191127,97.68%,,PENDING,,,,07f3db50-e800-4bba-9418-3c2d1fd51e45
1780078481.8706,MES,SELL_SIGNAL,7586.25,1.0,,BEARISH,1.154211154785167,,0.008130081300813009,100.00%,,PENDING,,,,0ff5f3de-14f5-4d44-9d0f-2e0fdc1efd8e
1780078615.6317,MES,SELL_SIGNAL,7586.5,1.0,,BEARISH,0.40876692072650156,,0.00782472613458529,85.00%,,PENDING,,,,7b9b2c1d-ee3c-4070-995b-9472ee6ffde0
1780080318.6453,MES,SELL_SIGNAL,7592.75,1.0,,BEARISH,0.8000154482971715,,0.007575757575757576,90.52%,,PENDING,,,,8059ce5a-77e8-4004-b809-7aff03ac3767
1780080333.079,MES,SELL_SIGNAL,7592.25,1.0,,BEARISH,0.9577589779725406,,0.007518796992481203,92.29%,,PENDING,,,,2ffd7adc-66e8-4f00-812c-0f01454bf219
1780080337.0291,MES,SELL_SIGNAL,7592,1.0,,BEARISH,0.9677989910129322,,0.0073637702503681875,98.19%,,PENDING,,,,1db808f4-53b8-4824-b68d-d3c7e6bdda53
1780080338.0981,MES,SELL_SIGNAL,7591.75,1.0,,BEARISH,0.9890287994298725,,0.007309941520467836,100.00%,,PENDING,,,,6eeef43a-0efb-4899-81e0-c297e23584cc
1780080339.1531,MES,SELL_SIGNAL,7591.5,1.0,,BEARISH,1.0093052233582789,,0.007849293563579277,100.00%,,PENDING,,,,a0c100ee-10f3-4c0e-895d-faea203ae805
1780080341.3151,MES,SELL_SIGNAL,7591,1.0,,BEARISH,1.08423474015151,,0.008090614886731393,95.00%,,PENDING,,,,abc3917d-2672-4f88-8df3-3eacee7e9c4d
1780080342.1931,MES,SELL_SIGNAL,7590.25,1.0,,BEARISH,1.145759499418824,,0.008210180623973728,92.53%,,PENDING,,,,777776b9-932d-4259-85b9-b5d730d76827
1780080377.0916,MES,SELL_SIGNAL,7586.5,1.0,,BEARISH,2.855698535261344,,0.00967117988394584,92.46%,,PENDING,,,,f369b0d7-8f25-4fd8-8310-a584d6d13f3b
1780080378.8886,MES,SELL_SIGNAL,7586,1.0,,BEARISH,2.8863965962310973,,0.008417508417508417,91.87%,,PENDING,,,,5aee882c-b33e-4514-b7e3-3f7b610fa8cc
1780080380.9332,MES,SELL_SIGNAL,7586.25,1.0,,BEARISH,2.9037040439998774,,0.009191176470588236,89.84%,,PENDING,,,,4ddc0f95-7cb8-4119-bce8-68d1ae4e15b8
1780080397.4534,MES,SELL_SIGNAL,7588,1.0,,BEARISH,2.3670100510815124,,0.009107468123861567,83.17%,,PENDING,,,,9f5a9a90-b763-4434-b7ae-43279f521032
1780080398.3694,MES,SELL_SIGNAL,7587.75,1.0,,BEARISH,2.3254760766455647,,0.00896057347670251,97.20%,,PENDING,,,,dc64cf04-b9dd-484b-84e7-b23cabdfb674
1780080400.3234,MES,SELL_SIGNAL,7587.5,1.0,,BEARISH,2.285188583991873,,0.008726003490401396,100.00%,,PENDING,,,,146cf4e0-aaf4-4c8d-9245-52274fa6c3cc
1780080510.0612,MES,SELL_SIGNAL,7587.75,1.0,,BEARISH,0.7187338797013179,,0.008547008547008548,83.76%,,PENDING,,,,967f5bfd-e925-4368-b7f6-b273ffb2aac1
1780080530.7274,MES,SELL_SIGNAL,7588,1.0,,BEARISH,0.6879203902173827,,0.008090614886731393,91.82%,,PENDING,,,,7c8e4973-7576-4351-9652-5b121230e652
1780080674.1736,MES,SELL_SIGNAL,7588,1.0,,BEARISH,0.8397247834049003,,0.00865051903114187,92.65%,,PENDING,,,,4debe359-64bc-452e-b9be-71553364b25b
1780080677.2266,MES,SELL_SIGNAL,7587.5,1.0,,BEARISH,0.9002020331930892,,0.008143322475570033,82.09%,,PENDING,,,,60e38222-2d53-41f6-a554-a6814fb51c3f
1780080686.3552,MES,SELL_SIGNAL,7587,1.0,,BEARISH,1.1802503205714623,,0.00819672131147541,95.93%,,PENDING,,,,7a8e230a-8916-4421-97c5-1694532bb37e
1780080690.0113,MES,SELL_SIGNAL,7586.25,1.0,,BEARISH,1.2947839184513477,,0.00825082508250825,92.75%,,PENDING,,,,1dda65c4-b59a-4f41-9cb3-b845708a15c6
1780080700.8034,MES,SELL_SIGNAL,7586.5,1.0,,BEARISH,1.3548602091878992,,0.008389261744966443,94.68%,,PENDING,,,,03799e7a-3d1e-402f-94d9-a51a2d35adfb
1780080712.2406,MES,SELL_SIGNAL,7586.75,1.0,,BEARISH,1.1298076807493505,,0.007898894154818327,81.57%,,PENDING,,,,85bc8bac-1552-4a43-a250-fc328853d082
1780080717.3106,MES,SELL_SIGNAL,7586,1.0,,BEARISH,0.9601064412506946,,0.008389261744966443,98.92%,,PENDING,,,,7ed79def-3213-4c08-ad17-f0da731e06e6
1780080718.3506,MES,SELL_SIGNAL,7585.75,1.0,,BEARISH,0.9487112132264987,,0.008460236886632826,100.00%,,PENDING,,,,4735ca82-17d4-4b86-a24b-f34e87c5c73c
1780080731.667,MES,SELL_SIGNAL,7585.5,1.0,,BEARISH,0.64253646382492,,0.010351966873706004,91.80%,,PENDING,,,,26da5b1f-1d3f-4730-bda4-cf64b6ae44f0
1780080787.5102,MES,SELL_SIGNAL,7585.75,1.0,,BEARISH,0.49138050659329885,,0.008156606851549756,88.77%,,PENDING,,,,68c21ccd-d8f6-47bd-bd56-0b8ee64e54c3
