20260317 070100;6721.25;6721.25;6718.5;6720;381
20260317 070200;6720;6720;6717.5;6718.5;316
20260317 070300;6718.5;6722.5;6718.5;6722.25;424
20260317 070400;6722.25;6723.25;6721;6722;365
20260317 070500;6722;6722.75;6720.75;6722.75;197
20260317 070600;6722.5;6723.75;6722.25;6723;287
20260317 070700;6722.75;6724.5;6722.25;6723;419
20260317 070800;6723.25;6724.75;6722.75;6723.25;325
20260317 070900;6723.25;6723.25;6721;6721.5;378
20260317 071000;6721.5;6723;6721.5;6721.75;242
20260317 071100;6721.75;6723;6721.5;6722.5;156
20260317 071200;6722.25;6723.75;6721;6723.25;214
20260317 071300;6723.25;6723.75;6722;6722;259
20260317 071400;6722;6722.75;6721.75;6722.25;157
20260317 071500;6722.5;6723.5;6722.5;6722.5;151
20260317 071600;6722.5;6723;6721.75;6722;138
20260317 071700;6722.25;6722.5;6721.75;6722.25;84
20260317 071800;6722.25;6723;6722;6722;232
20260317 071900;6722.25;6724;6721.25;6723.75;224
20260317 072000;6723.75;6728;6723.75;6727.5;809
20260317 072100;6727.25;6728.5;6726;6727.75;422
20260317 072200;6727.75;6728.5;6726;6728.5;527
20260317 072300;6728.25;6730.25;6727.75;6730;514
20260317 072400;6730;6731.75;6730;6731.5;624
20260317 072500;6731.25;6731.5;6730;6730.5;574
20260317 072600;6730.5;6731;6728.25;6728.5;406
20260317 072700;6728.25;6731.25;6728.25;6731.25;319
20260317 072800;6731.25;6731.75;6729.75;6729.75;481
20260317 072900;6730;6731.5;6729.75;6731;267
20260317 073000;6731;6731.75;6730.5;6731.25;458
20260317 073100;6731;6732.5;6730.5;6731;621
20260317 073200;6731;6731.75;6730.5;6731.25;365
20260317 073300;6731.25;6731.25;6729.75;6730;195
20260317 073400;6730.25;6732.25;6730;6732.25;233
20260317 073500;6732.25;6732.25;6731;6731.5;330
20260317 073600;6731.75;6732;6731.25;6731.5;166
20260317 073700;6731.25;6731.25;6729.75;6730.25;215
20260317 073800;6730.5;6730.5;6729.5;6730.25;125
20260317 073900;6730.25;6731;6729.25;6730.75;233
20260317 074000;6731;6733.25;6731;6732.75;379
20260317 074100;6733;6735.5;6733;6733.5;549
20260317 074200;6733.5;6733.5;6732.75;6733;323
20260317 074300;6733;6733;6730.25;6730.5;558
20260317 074400;6730.5;6730.5;6729.5;6730;399
20260317 074500;6729.75;6729.75;6729;6729.25;329
20260317 074600;6729.25;6729.25;6727;6727.75;480
20260317 074700;6727.5;6728.75;6727.25;6728.25;281
20260317 074800;6728.5;6729;6728;6728.25;247
20260317 074900;6728.25;6729.5;6727.5;6728.5;498
20260317 075000;6728.25;6728.75;6727.25;6728;426
20260317 075100;6728;6728;6725.5;6725.5;243
20260317 075200;6725.75;6726.75;6725;6725;318
20260317 075300;6725.5;6726;6723.75;6724.5;294
20260317 075400;6724.25;6724.75;6723.75;6724.25;153
20260317 075500;6724.25;6725.25;6724;6724;120
20260317 075600;6724;6725.25;6723.75;6724.75;149
20260317 075700;6724.75;6725.75;6724.5;6724.5;292
20260317 075800;6724.5;6725.25;6724.5;6724.75;120
20260317 075900;6724.75;6725.75;6724.5;6725.75;226
20260317 080000;6725.75;6726.5;6725;6726.25;304
20260317 080100;6726;6732.25;6726;6731.25;1966
20260317 080200;6731.75;6734.25;6730.75;6733.5;1286
20260317 080300;6733.5;6733.75;6728.75;6729.75;975
20260317 080400;6730;6733.25;6730;6731.75;829
20260317 080500;6731.75;6731.75;6728;6730.75;631
20260317 080600;6730.75;6731;6729.25;6730;573
20260317 080700;6730;6730.25;6726.25;6726.75;1040
20260317 080800;6726.5;6730;6726.5;6729.75;555
20260317 080900;6729.75;6731;6728.75;6730.75;895
20260317 081000;6730.5;6730.5;6725.75;6726.5;499
20260317 081100;6726.5;6727.75;6724.5;6725;580
20260317 081200;6724.75;6726;6723.25;6724.75;657
20260317 081300;6724.75;6725.75;6724;6725.75;501
20260317 081400;6725.75;6728.75;6725.5;6728.25;729
20260317 081500;6728;6728.25;6724;6725.25;733
20260317 081600;6725;6725.5;6723.5;6724.75;617
20260317 081700;6724.75;6727.25;6723.75;6727.25;536
20260317 081800;6727.25;6728.25;6726.25;6727;600
20260317 081900;6727;6727.25;6724.75;6726.75;704
20260317 082000;6726.75;6730.5;6726.5;6730.5;977
20260317 082100;6730.25;6731.75;6727.5;6728.25;819
20260317 082200;6728.5;6728.75;6727.5;6728.5;732
20260317 082300;6728.25;6729.75;6727.75;6729.75;458
20260317 082400;6729.5;6729.5;6726.75;6727.25;484
20260317 082500;6727.5;6729.5;6724.5;6726;664
20260317 082600;6726;6728.25;6725;6728;520
20260317 082700;6728;6728.5;6726;6726.5;663
20260317 082800;6726.5;6728.5;6726;6726.25;740
20260317 082900;6726.25;6726.5;6723.5;6724.75;737
20260317 083000;6724.75;6724.75;6722.75;6723.75;1043
20260317 083100;6723.75;6726;6723.5;6724.75;961
20260317 083200;6724.5;6725.5;6723.25;6724.5;815
20260317 083300;6724.5;6726.5;6724.5;6726.5;473
20260317 083400;6726.5;6727.25;6725.5;6726;668
20260317 083500;6726;6726.75;6723.75;6723.75;537
20260317 083600;6723.75;6724.75;6720.75;6720.75;889
20260317 083700;6720.75;6722;6719.25;6721;881
20260317 083800;6720.75;6722;6720.25;6721.25;603
20260317 083900;6721.25;6724.25;6721;6723.5;563
20260317 084000;6723.5;6725.75;6723.5;6724.5;591
20260317 084100;6724.75;6730.75;6724.75;6730.75;807
20260317 084200;6731;6733.75;6731;6731.75;972
20260317 084300;6731.5;6731.75;6730;6730.5;718
20260317 084400;6730.75;6733.25;6729.75;6732.75;561
20260317 084500;6732.75;6733.75;6730.5;6731.5;708
20260317 084600;6731.5;6733.5;6731;6733.25;605
20260317 084700;6733.25;6733.5;6731;6731.5;635
20260317 084800;6731.75;6732;6730.25;6731.5;447
20260317 084900;6731.75;6731.75;6729.5;6730;444
20260317 085000;6730;6731;6729.5;6730;416
20260317 085100;6729.75;6730.5;6727.75;6729.75;741
20260317 085200;6729.5;6729.75;6727.25;6727.5;623
20260317 085300;6727.25;6728.25;6725;6725.25;524
20260317 085400;6725.5;6725.5;6722.25;6722.5;988
20260317 085500;6722.5;6726;6722.5;6724.75;599
20260317 085600;6724.75;6726.5;6724.75;6725.5;499
20260317 085700;6725.5;6727;6724.75;6724.75;421
20260317 085800;6725;6726.25;6724;6725.75;515
20260317 085900;6725.75;6726.75;6725.5;6726;403
20260317 090000;6726;6728.5;6726;6728.25;712
20260317 090100;6728;6731.75;6728;6731.25;853
20260317 090200;6731.25;6734;6730;6733.75;798
20260317 090300;6733.75;6735;6733.25;6734.5;984
20260317 090400;6734.5;6734.75;6732.5;6732.75;418
20260317 090500;6732.5;6732.5;6730.5;6731.5;400
20260317 090600;6731.5;6733.25;6730.5;6733;461
20260317 090700;6732.75;6733;6730.75;6732.25;368
20260317 090800;6732;6733.5;6730.25;6730.75;370
20260317 090900;6731;6733.75;6730.75;6733.5;405
20260317 091000;6733.25;6734;6732.25;6733.5;599
20260317 091100;6733.25;6735.5;6733.25;6734.5;576
20260317 091200;6734.75;6735.25;6733.25;6735.25;437
20260317 091300;6735.5;6735.5;6734.5;6734.5;259
20260317 091400;6734;6734.25;6733;6733;371
20260317 091500;6733.25;6736;6732;6734.25;1538
20260317 091600;6734.25;6736.25;6734;6734.75;417
20260317 091700;6735;6735;6734;6734.75;305
20260317 091800;6734.5;6734.75;6733;6733;296
20260317 091900;6733.25;6733.5;6731.5;6732.25;468
20260317 092000;6732.5;6737.75;6732.5;6736.5;920
20260317 092100;6736.5;6736.75;6735.25;6735.75;393
20260317 092200;6735.75;6737.5;6735;6736;353
20260317 092300;6736;6737.75;6736;6737.25;376
20260317 092400;6737.25;6739;6736.25;6737.5;1336
20260317 092500;6737.5;6738.75;6737.25;6738.25;351
20260317 092600;6738.25;6742.75;6738.25;6742.75;1199
20260317 092700;6742.5;6746.5;6742;6745.75;1579
20260317 092800;6745.75;6746;6744.25;6745.75;791
20260317 092900;6745.75;6747.25;6745.25;6747;795
20260317 093000;6747;6747.25;6746;6746;434
20260317 093100;6746.25;6748.25;6745;6747.5;1050
20260317 093200;6747.5;6748;6745.75;6745.75;489
20260317 093300;6745.5;6747;6745;6745.25;666
20260317 093400;6745.25;6746;6745;6746;432
20260317 093500;6746.25;6746.5;6744.75;6745.75;463
20260317 093600;6745.5;6746.25;6744.25;6745.5;664
20260317 093700;6745.25;6745.5;6744;6744;527
20260317 093800;6743.75;6744.5;6743.25;6743.75;756
20260317 093900;6743.75;6745;6742.25;6743;528
20260317 094000;6743.25;6744.75;6742.5;6743;523
20260317 094100;6743.25;6743.5;6741.75;6742.25;451
20260317 094200;6742.25;6743.5;6741.5;6742.5;450
20260317 094300;6742.5;6744.5;6742;6743.5;854
20260317 094400;6743.5;6744.25;6743;6743.25;303
20260317 094500;6743.25;6746.75;6743;6745.5;396
20260317 094600;6745.75;6745.75;6743;6743.75;325
20260317 094700;6744;6745.25;6744;6745.25;420
20260317 094800;6745.25;6747;6744.75;6746.25;513
20260317 094900;6746.5;6747.75;6745.5;6746.25;416
20260317 095000;6746;6746.25;6744.75;6745.75;397
20260317 095100;6745.75;6746.25;6743.75;6743.75;212
20260317 095200;6743.75;6745;6743.25;6744.5;386
20260317 095300;6744.5;6745;6743.75;6744;212
20260317 095400;6744.25;6745;6743.75;6744.5;302
20260317 095500;6744.5;6745.25;6744;6745;368
20260317 095600;6744.75;6745.5;6744;6745.5;610
20260317 095700;6745.25;6746.5;6744.5;6746;424
20260317 095800;6746;6747;6745.75;6746.5;489
20260317 095900;6746.75;6748;6746.25;6747.75;559
20260317 100000;6747.75;6747.75;6747;6747.5;253
20260317 100100;6747.5;6747.75;6744.75;6745.25;583
20260317 100200;6745.25;6746.25;6744.25;6746.25;720
20260317 100300;6746.25;6747.25;6745.25;6745.25;628
20260317 100400;6745.25;6745.75;6744.75;6745.75;308
20260317 100500;6745.75;6745.75;6744.25;6744.25;529
20260317 100600;6744.5;6744.75;6743.25;6744.25;456
20260317 100700;6744;6744.5;6741.5;6743.25;492
20260317 100800;6743.5;6744.25;6742;6742.5;511
20260317 100900;6742.5;6742.75;6741;6741;517
20260317 101000;6741.25;6741.75;6740.75;6741.5;200
20260317 101100;6741.5;6743;6741;6742.5;392
20260317 101200;6742.5;6743;6741.25;6742.25;359
20260317 101300;6742.25;6742.25;6740.5;6740.75;440
20260317 101400;6740.75;6742;6740.75;6742;279
20260317 101500;6741.75;6742;6740.75;6742;243
20260317 101600;6741.75;6741.75;6739.25;6740.25;465
20260317 101700;6740;6741.25;6738.75;6739;522
20260317 101800;6738.75;6739;6737;6737.5;631
20260317 101900;6737.25;6737.75;6735.5;6735.5;352
20260317 102000;6735.5;6737.5;6735.5;6736.75;311
20260317 102100;6736.75;6738.25;6735;6737;636
20260317 102200;6737;6737.25;6736;6736.5;333
20260317 102300;6736.75;6737.25;6736.25;6736.5;260
20260317 102400;6736.25;6738.5;6736.25;6738.25;402
20260317 102500;6738.5;6738.5;6736.25;6736.5;173
20260317 102600;6736.5;6737;6736.25;6736.25;198
20260317 102700;6736.5;6737.5;6736.5;6736.75;303
20260317 102800;6736.75;6737.5;6736.25;6737.25;194
20260317 102900;6737.5;6739.5;6737.5;6739;347
20260317 103000;6739;6739.25;6738.5;6739;235
20260317 103100;6738.75;6740;6738.5;6739.25;391
20260317 103200;6739;6739.75;6737.5;6738;413
20260317 103300;6738.25;6740;6738;6739.75;240
20260317 103400;6739.75;6741;6739.75;6740.25;273
20260317 103500;6740.5;6744;6740.5;6742.75;982
20260317 103600;6742.75;6743.25;6742.25;6743.25;393
20260317 103700;6743.25;6744.75;6743.25;6744.25;472
20260317 103800;6744.25;6745.25;6743.75;6744.75;383
20260317 103900;6744.75;6744.75;6741.25;6742;540
20260317 104000;6742;6742;6741.25;6741.5;327
20260317 104100;6741.25;6741.75;6739.5;6741;454
20260317 104200;6741;6741.75;6740.25;6740.25;293
20260317 104300;6740.25;6741.5;6739.75;6740.25;241
20260317 104400;6740.75;6742.25;6740.25;6741.75;282
20260317 104500;6742.25;6743.5;6741.5;6742.25;321
20260317 104600;6742.25;6743.75;6742.25;6743.5;443
20260317 104700;6743.5;6743.75;6743;6743.5;261
20260317 104800;6743.5;6744.5;6743.25;6743.75;518
20260317 104900;6743.75;6744.5;6743;6743.75;379
20260317 105000;6743.75;6744;6743.5;6743.75;247
20260317 105100;6743.75;6744;6740.75;6741;582
20260317 105200;6741;6742;6740.75;6742;445
20260317 105300;6741.75;6741.75;6741;6741.5;299
20260317 105400;6741.25;6743;6741.25;6743;370
20260317 105500;6742.75;6743.75;6742.5;6742.5;267
20260317 105600;6742.5;6742.75;6741.25;6742;323
20260317 105700;6742.5;6745.25;6742.5;6744.75;444
20260317 105800;6744.75;6745.75;6744.75;6745.5;336
20260317 105900;6745.75;6746;6745;6745.5;290
20260317 110000;6745.5;6746.5;6745;6746.25;362
20260317 110100;6746;6746.25;6745;6745.75;580
20260317 110200;6746;6748.25;6746;6746.5;594
20260317 110300;6746.75;6747.5;6746.25;6747.25;159
20260317 110400;6747.25;6748;6746.5;6747.25;274
20260317 110500;6747.25;6747.75;6745.25;6747.5;601
20260317 110600;6748;6749.75;6747.75;6748.5;701
20260317 110700;6748.5;6748.5;6745.25;6746.75;1232
20260317 110800;6746.75;6748.25;6746.5;6747.75;406
20260317 110900;6748;6748.75;6747.75;6748.5;383
20260317 111000;6748.5;6749.25;6747.75;6748.75;732
20260317 111100;6748.75;6749.25;6748.5;6749.25;260
20260317 111200;6749;6749.75;6748.25;6748.25;469
20260317 111300;6748.25;6748.25;6747;6747.75;431
20260317 111400;6747.5;6747.75;6743.5;6743.5;1087
20260317 111500;6744;6745;6743.5;6744.75;676
20260317 111600;6744.75;6745.25;6744;6744.75;468
20260317 111700;6744.75;6745.75;6744.25;6744.5;441
20260317 111800;6744.5;6744.5;6743.75;6744.25;237
20260317 111900;6744.25;6745.25;6744;6744.5;234
20260317 112000;6744.5;6745;6742.75;6743.5;377
20260317 112100;6743.75;6745.75;6743;6745.5;332
20260317 112200;6745.25;6746.25;6744.5;6746;313
20260317 112300;6746.25;6746.75;6746;6746.5;228
20260317 112400;6746.5;6749.75;6745.75;6749.25;703
20260317 112500;6749.25;6749.5;6748.5;6749;305
20260317 112600;6749.25;6751.25;6749.25;6750.5;1114
20260317 112700;6750.25;6750.75;6749.25;6750.25;411
20260317 112800;6750.25;6750.25;6749;6749.5;558
20260317 112900;6749.25;6749.75;6748;6749;428
20260317 113000;6748.75;6748.75;6747.5;6748;317
20260317 113100;6748;6748.25;6745.25;6745.5;719
20260317 113200;6745.5;6747;6745.5;6746.25;319
20260317 113300;6746.25;6747.5;6745.5;6747.25;545
20260317 113400;6747;6747.75;6746.75;6746.75;134
20260317 113500;6747;6747.5;6745.75;6746;374
20260317 113600;6746;6749.75;6745.25;6749.5;671
20260317 113700;6749.75;6750.75;6748;6749;737
20260317 113800;6749;6750;6748.75;6748.75;396
20260317 113900;6748.75;6750.5;6748.25;6750.5;1485
20260317 114000;6750.5;6751;6748.5;6749.25;678
20260317 114100;6749;6751;6748.75;6750.75;780
20260317 114200;6750.75;6751;6748.25;6748.75;1161
20260317 114300;6749;6751.25;6749;6750;543
20260317 114400;6749.75;6750;6748.75;6749.75;407
20260317 114500;6749.75;6750;6748.75;6749;237
20260317 114600;6748.75;6750.25;6748.75;6750;490
20260317 114700;6750.25;6750.25;6748.25;6749.75;548
20260317 114800;6749.5;6749.75;6748.5;6749.5;270
20260317 114900;6749.75;6750;6748.75;6749;605
20260317 115000;6748.75;6748.75;6746.75;6747;920
20260317 115100;6747;6747.75;6746.5;6746.75;357
20260317 115200;6746.75;6747.75;6746.25;6746.75;474
20260317 115300;6746.75;6746.75;6744.75;6745.25;541
20260317 115400;6745.5;6745.5;6742.25;6742.5;780
20260317 115500;6742.5;6743;6741.5;6742.25;900
20260317 115600;6742.5;6743.5;6742;6743.25;649
20260317 115700;6743.25;6744.5;6742.5;6742.5;436
20260317 115800;6742.25;6743.5;6742.25;6743;410
20260317 115900;6743;6743.25;6742.5;6742.75;257
20260317 120000;6742.75;6743.5;6742;6742.5;455
20260317 120100;6742.5;6743.75;6742.25;6743.25;717
20260317 120200;6743.5;6744.5;6742.25;6743;644
20260317 120300;6743;6745.5;6742.5;6745;722
20260317 120400;6744.75;6746.75;6744.5;6746.5;526
20260317 120500;6746.5;6751;6746;6750.25;1044
20260317 120600;6750.25;6752.75;6750;6751.5;1276
20260317 120700;6751.25;6752.75;6750.75;6752.5;748
20260317 120800;6752.5;6753.5;6751.75;6752;1206
20260317 120900;6752;6755.5;6752;6754.75;1150
20260317 121000;6754.75;6757.75;6754.5;6757;1602
20260317 121100;6757;6758.75;6755.5;6758.75;1339
20260317 121200;6758.75;6759.5;6757.75;6758.75;1173
20260317 121300;6758.75;6759.5;6757.5;6758.75;782
20260317 121400;6758.75;6762;6758.75;6761.75;1135
20260317 121500;6761.75;6761.75;6759.5;6760.25;924
20260317 121600;6760.5;6760.75;6759.75;6760.75;382
20260317 121700;6760.5;6761.75;6759.75;6760;907
20260317 121800;6759.75;6760.75;6759.5;6760.25;493
20260317 121900;6760.25;6760.5;6758.75;6758.75;809
20260317 122000;6758.75;6761.5;6758.5;6761.5;892
20260317 122100;6761.25;6765.25;6760.75;6764;1422
20260317 122200;6764.25;6764.25;6762.75;6763;977
20260317 122300;6763;6765;6763;6764.75;659
20260317 122400;6764.5;6765.25;6764;6764.25;746
20260317 122500;6764.25;6764.5;6762.75;6763.25;781
20260317 122600;6763.5;6764.25;6763.25;6763.5;688
20260317 122700;6763.5;6764.5;6762.25;6763.75;780
20260317 122800;6764;6766;6763.75;6765.5;887
20260317 122900;6765.5;6766.5;6764.75;6765.75;994
20260317 123000;6765.75;6766;6764.5;6765.25;340
20260317 123100;6765.5;6766.75;6765.25;6766;453
20260317 123200;6766;6768;6765.75;6767.5;922
20260317 123300;6767.25;6773.75;6767;6771.5;2603
20260317 123400;6771.5;6773.75;6770.75;6771.75;974
20260317 123500;6772;6772.75;6771.5;6771.75;549
20260317 123600;6771.75;6771.75;6769.25;6769.25;1133
20260317 123700;6769.5;6771.25;6768.25;6769.25;1632
20260317 123800;6769.25;6769.5;6768.25;6768.75;571
20260317 123900;6768.75;6773;6768.5;6773;866
20260317 124000;6772.5;6772.75;6771.25;6771.75;578
20260317 124100;6772;6773.25;6771;6772.75;969
20260317 124200;6772.75;6774;6770.5;6770.75;761
20260317 124300;6771;6772;6769.75;6772;628
20260317 124400;6772;6773.5;6771.5;6771.75;1174
20260317 124500;6771.5;6772.75;6770.75;6771.5;549
20260317 124600;6771.5;6771.5;6769.75;6769.75;707
20260317 124700;6769.75;6770.75;6767.5;6769;1540
20260317 124800;6769;6770.5;6768;6770.25;483
20260317 124900;6770.5;6771;6769.25;6770.5;646
20260317 125000;6770.5;6771.25;6769;6769.5;603
20260317 125100;6769.5;6770;6768.75;6769;374
20260317 125200;6768.5;6769;6768;6768.25;468
20260317 125300;6768.25;6769.5;6768;6768.75;288
20260317 125400;6769.25;6770.5;6769;6769.25;351
20260317 125500;6769.5;6769.75;6768.75;6769.5;284
20260317 125600;6769.5;6770;6769;6769;366
20260317 125700;6769;6769.75;6768.75;6769.5;295
20260317 125800;6769.5;6769.5;6768;6768.75;362
20260317 125900;6768.5;6769.75;6768.5;6769.5;331
20260317 130000;6769.5;6772.25;6769.5;6771.75;776
20260317 130100;6771.75;6775.25;6771.5;6774.25;2519
20260317 130200;6774.5;6774.5;6772.5;6773.5;754
20260317 130300;6773.75;6774.5;6773.25;6774.5;635
20260317 130400;6774.5;6775;6773.5;6773.75;794
20260317 130500;6773.75;6775;6773.75;6774;391
20260317 130600;6774;6774;6772;6773.5;681
20260317 130700;6773.5;6777.5;6773;6777.25;1144
20260317 130800;6777;6778;6776.5;6777.25;863
20260317 130900;6777;6779.5;6776.5;6777.75;1223
20260317 131000;6777.75;6779.5;6777.25;6779.5;547
20260317 131100;6779;6780;6778.5;6779.25;994
20260317 131200;6779.25;6781;6779;6780.75;818
20260317 131300;6781;6781;6779.5;6779.5;432
20260317 131400;6779.75;6780;6777.75;6778;754
20260317 131500;6778.25;6780.5;6778;6780.5;750
20260317 131600;6780.25;6780.5;6779;6780;690
20260317 131700;6780;6780.75;6778.5;6780.25;883
20260317 131800;6780.25;6782.25;6780.25;6781.25;1009
20260317 131900;6781.5;6783.5;6781;6783.5;1205
20260317 132000;6783.75;6786;6783;6785.75;1696
20260317 132100;6785.5;6788.5;6785.5;6787.5;2418
20260317 132200;6787.75;6787.75;6785;6786;1235
20260317 132300;6785.75;6785.75;6784.5;6785;870
20260317 132400;6784.75;6786;6784;6785.75;765
20260317 132500;6785.75;6789.75;6785.75;6788;1564
20260317 132600;6788;6791.25;6787;6790.75;2351
20260317 132700;6791;6791;6788;6788.5;900
20260317 132800;6788.5;6788.75;6786.5;6786.75;1299
20260317 132900;6786.75;6787.5;6785.75;6787.25;1029
20260317 133000;6787.5;6789.5;6787;6787.75;1529
20260317 133100;6788;6791.25;6783.25;6790.75;7867
20260317 133200;6790.75;6792.5;6787.5;6792.25;4461
20260317 133300;6792.5;6799.75;6791.25;6799.75;6587
20260317 133400;6799.5;6802.25;6797.75;6802;4854
20260317 133500;6802.25;6802.75;6797.5;6799.25;4930
20260317 133600;6799;6801.75;6798.25;6800.25;3720
20260317 133700;6800.5;6800.75;6797.5;6798.25;2789
20260317 133800;6798.5;6799.25;6796;6798;4367
20260317 133900;6797.75;6801.25;6797;6801.25;2989
20260317 134000;6801.25;6803.75;6798.75;6803.5;4320
20260317 134100;6803.5;6803.5;6798.5;6799.25;4603
20260317 134200;6799;6804.5;6798.75;6804;3095
20260317 134300;6803.75;6803.75;6800.25;6801;2661
20260317 134400;6801;6803.5;6800.25;6802.75;2052
20260317 134500;6802.75;6802.75;6798.5;6799.25;3020
20260317 134600;6799.25;6803.75;6797.75;6803.75;4826
20260317 134700;6803.75;6808.5;6803.25;6807.5;8000
20260317 134800;6807.75;6808;6804.75;6806;2685
20260317 134900;6806;6807.75;6805.5;6807.75;1967
20260317 135000;6807.75;6808;6804.75;6806.5;2424
20260317 135100;6806.75;6806.75;6802.75;6803.25;4397
20260317 135200;6803.25;6805.5;6803;6804;2534
20260317 135300;6803.75;6804.25;6801;6803;3401
20260317 135400;6803.25;6803.75;6801.75;6802.5;1887
20260317 135500;6802.75;6805.5;6801.25;6805.25;2522
20260317 135600;6805;6805.75;6803.75;6805.75;2232
20260317 135700;6805.75;6806;6804;6805.5;1530
20260317 135800;6805.5;6805.75;6801.25;6801.75;2410
20260317 135900;6801.75;6803.25;6800.5;6801.75;2328
20260317 140000;6801.75;6803.5;6800.75;6803.25;1365
20260317 140100;6803;6803.5;6798.75;6799;4921
20260317 140200;6799.25;6800.25;6797.75;6798.5;4071
20260317 140300;6798.25;6801;6795.75;6796;5332
20260317 140400;6796.25;6796.75;6793.75;6794.5;4808
20260317 140500;6794.75;6798.25;6794.5;6796;4570
20260317 140600;6796.25;6799.5;6795.25;6799.25;3213
20260317 140700;6799.25;6799.5;6796.5;6798.5;2613
20260317 140800;6798.75;6799.25;6796.5;6796.75;1646
20260317 140900;6796.75;6800;6795.5;6797.25;2837
20260317 141000;6797.25;6799;6796.5;6797;1615
20260317 141100;6797;6797.75;6793.25;6793.25;3725
20260317 141200;6793.5;6794.25;6789.25;6789.5;5179
20260317 141300;6789.75;6791;6788;6788.5;3950
20260317 141400;6788.5;6792;6788.25;6789.75;3071
20260317 141500;6789.75;6791.25;6786.75;6786.75;3465
20260317 141600;6786.75;6788.25;6784;6786.25;6295
20260317 141700;6786;6787;6784.5;6786.5;2546
20260317 141800;6786.25;6787.75;6779.25;6780;6330
20260317 141900;6780.25;6787;6780;6786.5;4751
20260317 142000;6786.25;6790;6786;6790;6114
20260317 142100;6790;6793.25;6786.75;6792.25;7055
20260317 142200;6792.25;6792.25;6788.75;6792;3288
20260317 142300;6791.75;6792.25;6787.5;6788.75;2807
20260317 142400;6788.75;6791;6788;6790;2008
20260317 142500;6790;6791.25;6788.5;6788.75;1693
20260317 142600;6788.75;6789.75;6784.25;6785;5265
20260317 142700;6785;6789.75;6784.5;6787;2940
20260317 142800;6787;6788.75;6786.25;6786.75;1645
20260317 142900;6786.5;6792;6786;6790.75;3283
20260317 143000;6790.5;6790.75;6787;6789.75;2517
20260317 143100;6789.75;6792.5;6789.75;6790;2717
20260317 143200;6790.25;6790.5;6785.5;6788.5;4051
20260317 143300;6788.75;6792.75;6788;6792.75;2752
20260317 143400;6792.75;6795.5;6790;6795.25;4334
20260317 143500;6795.25;6795.25;6793;6794.25;3346
20260317 143600;6794.5;6796.75;6793.25;6796.25;3121
20260317 143700;6796;6796.25;6793;6793.75;2781
20260317 143800;6793.5;6795;6791.5;6793;2928
20260317 143900;6793;6793.5;6787;6788.75;4809
20260317 144000;6788.5;6791.25;6787.75;6789.25;2529
20260317 144100;6789;6790.5;6787.25;6788;2752
20260317 144200;6788;6790.5;6786.25;6789.75;2781
20260317 144300;6789.5;6793.75;6788.5;6793;2898
20260317 144400;6793.25;6797.5;6791.75;6797.25;4394
20260317 144500;6797.5;6798;6796;6797;3043
20260317 144600;6797;6798;6796;6796.75;2768
20260317 144700;6797;6797;6794.5;6796.5;2908
20260317 144800;6796.5;6798;6795;6796.75;2049
20260317 144900;6796.5;6798.5;6795.75;6798;1833
20260317 145000;6798;6798.75;6796.75;6797.25;1949
20260317 145100;6797.25;6797.75;6793.75;6794;2976
20260317 145200;6794;6798;6793.5;6796.25;2750
20260317 145300;6796.25;6796.5;6793.75;6795;1465
20260317 145400;6795.25;6797.5;6795;6796.5;1304
20260317 145500;6796.25;6797.25;6794.5;6795.5;1287
20260317 145600;6795.5;6797.5;6795.5;6797.5;1046
20260317 145700;6797.25;6797.5;6796.25;6797;933
20260317 145800;6797;6797;6795.25;6795.25;1418
20260317 145900;6795;6795.75;6793.25;6794.25;1825
20260317 150000;6794.25;6795;6792.75;6794.5;1984
20260317 150100;6794.25;6797;6793.75;6795;2862
20260317 150200;6795;6796.75;6793.5;6794;1510
20260317 150300;6794;6794.75;6792.75;6793.25;1624
20260317 150400;6793.5;6793.5;6790.25;6791;2976
20260317 150500;6791;6792.25;6788.25;6788.75;3332
20260317 150600;6788.75;6789.75;6787.25;6788.25;3002
20260317 150700;6788.25;6790.25;6786.75;6787.5;2559
20260317 150800;6787.5;6789.75;6785;6785;2740
20260317 150900;6785;6785.75;6782.5;6783.75;4542
20260317 151000;6784;6784.25;6781.75;6781.75;2898
20260317 151100;6782;6785;6780.25;6784.5;5324
20260317 151200;6784.5;6786.25;6781;6782;4378
20260317 151300;6782;6785.75;6781.75;6785.25;2390
20260317 151400;6785.25;6785.25;6781.25;6782.5;2058
20260317 151500;6782.5;6785;6782.5;6783;1442
20260317 151600;6783;6788;6782.75;6786.5;3019
20260317 151700;6786.5;6790.5;6786.5;6790.5;3254
20260317 151800;6790.5;6791;6787.75;6789.75;2715
20260317 151900;6789.75;6790.75;6783.5;6786.25;7840
20260317 152000;6786.25;6788.5;6786;6788.25;2225
20260317 152100;6788.25;6790.5;6786;6786.5;2883
20260317 152200;6786.5;6787.75;6780;6780.25;4372
20260317 152300;6780;6785;6780;6784.5;3571
20260317 152400;6784.5;6787;6783.75;6785;2975
20260317 152500;6785;6785.5;6782.75;6785;2585
20260317 152600;6785.25;6789;6784.75;6788;2578
20260317 152700;6788;6789.5;6786.25;6789;1829
20260317 152800;6789.25;6789.25;6783.5;6783.5;2576
20260317 152900;6783.75;6784.75;6782.25;6782.25;2076
20260317 153000;6782.25;6783;6780;6780;2350
20260317 153100;6780.25;6784.25;6780;6784;2703
20260317 153200;6783.75;6786;6782.25;6783;2542
20260317 153300;6782.75;6782.75;6779.25;6779.25;2334
20260317 153400;6779.5;6780.75;6777.5;6778.25;4640
20260317 153500;6778;6780.25;6775.25;6776.25;4154
20260317 153600;6776.25;6779;6773.5;6773.5;4309
20260317 153700;6773.5;6774.5;6767.25;6767.75;7149
20260317 153800;6768;6770.75;6766.75;6769.25;5777
20260317 153900;6769;6771.25;6768;6768.25;3155
20260317 154000;6768.25;6773.5;6768;6771.75;3297
20260317 154100;6771.75;6774;6770;6773.25;3139
20260317 154200;6773.25;6773.75;6769.5;6771.25;2289
20260317 154300;6771;6771.75;6769.5;6770;1836
20260317 154400;6770.25;6773.5;6769.5;6773.25;2450
20260317 154500;6773.25;6776.5;6772.75;6776;4014
20260317 154600;6775.75;6778.5;6775;6778.25;2917
20260317 154700;6778;6780.5;6777;6778.75;3068
20260317 154800;6778.75;6779.25;6777.75;6778.75;1899
20260317 154900;6778.5;6778.75;6774.75;6776.25;3154
20260317 155000;6776.25;6776.75;6773;6773.25;2358
20260317 155100;6773.5;6778.25;6773.5;6777.25;3081
20260317 155200;6777;6780;6776.5;6778.75;2042
20260317 155300;6778.75;6779.5;6775;6776;1984
20260317 155400;6775.75;6779.25;6774.5;6778.75;2045
20260317 155500;6779;6779;6776.25;6777.25;1416
20260317 155600;6777.25;6779;6773.25;6777.25;3786
20260317 155700;6777.5;6778.5;6774.5;6775;1332
20260317 155800;6775;6776.5;6773.5;6773.75;1282
20260317 155900;6773.75;6774.75;6772;6773.25;2570
20260317 160000;6773.25;6775.5;6773.25;6773.75;1440
20260317 160100;6774;6774.75;6771.5;6772.5;1930
20260317 160200;6772.75;6773.25;6770.5;6772.5;2209
20260317 160300;6772.75;6773.5;6769;6769.5;2594
20260317 160400;6769.5;6770.5;6766.5;6768;4016
20260317 160500;6768;6772;6768;6769.75;2842
20260317 160600;6769.5;6773.75;6769.25;6770.25;4727
20260317 160700;6770.5;6772.25;6768.75;6769.25;1546
20260317 160800;6769.25;6769.75;6764.25;6766.75;4807
20260317 160900;6767;6772;6767;6768.75;6829
20260317 161000;6769;6771;6766.75;6770.75;2652
20260317 161100;6770.75;6773.25;6769.75;6772.5;3686
20260317 161200;6772.25;6776.5;6771;6775.25;3787
20260317 161300;6775.75;6775.75;6772.5;6773.75;2654
20260317 161400;6773.75;6775;6771.75;6772;2043
20260317 161500;6772.25;6772.25;6769.75;6771;2313
20260317 161600;6770.75;6772.5;6769.5;6770.75;1680
20260317 161700;6770.5;6773;6770.25;6771.25;1530
20260317 161800;6771.75;6775.5;6771.5;6775;1591
20260317 161900;6774.75;6778;6774.25;6777.75;3289
20260317 162000;6777.5;6779.5;6775;6779.5;2234
20260317 162100;6779.25;6779.5;6776.25;6777.75;2448
20260317 162200;6777.75;6778.75;6773.75;6775.25;2396
20260317 162300;6775.25;6777;6774.75;6776.75;1607
20260317 162400;6776.5;6777.75;6775.5;6776.25;1352
20260317 162500;6776.5;6779.75;6775.75;6778.75;2305
20260317 162600;6778.75;6778.75;6776.25;6778;2060
20260317 162700;6777.5;6778.5;6776;6777.75;1176
20260317 162800;6778;6778.25;6773.75;6774.25;1927
20260317 162900;6774.25;6776.25;6773.25;6775.25;2033
20260317 163000;6775.25;6777;6775.25;6776.25;1320
20260317 163100;6776.25;6778.25;6775.5;6776;2429
20260317 163200;6776;6776.75;6773.5;6776;2334
20260317 163300;6775.75;6776.75;6774.5;6775;1643
20260317 163400;6775;6777.25;6772;6773.25;2067
20260317 163500;6773.5;6775.75;6771;6775.5;2928
20260317 163600;6775.5;6779;6775;6777.25;3142
20260317 163700;6777;6778;6773.5;6773.75;1845
20260317 163800;6773.75;6775.25;6771;6772.25;2443
20260317 163900;6772.25;6775;6771.25;6774.25;1598
20260317 164000;6774;6774;6771.75;6772.75;1389
20260317 164100;6772.75;6776;6772.75;6772.75;1911
20260317 164200;6772.5;6774.5;6771.75;6774.5;1548
20260317 164300;6774.25;6774.5;6771.75;6774.5;936
20260317 164400;6774.25;6777.75;6774.25;6775.75;1767
20260317 164500;6775.5;6779.5;6775.5;6779.25;1863
20260317 164600;6779.5;6780.5;6778;6780.5;2531
20260317 164700;6780.5;6780.5;6778.5;6780.25;1966
20260317 164800;6780;6780;6776.25;6776.5;1894
20260317 164900;6776.5;6778;6775.75;6776;1281
20260317 165000;6776.25;6778.75;6775;6777;2118
20260317 165100;6776.75;6778;6776;6778;849
20260317 165200;6777.75;6779;6777;6777;1181
20260317 165300;6777.5;6778.25;6774.75;6775;1206
20260317 165400;6775.5;6776.75;6775;6776.25;951
20260317 165500;6776.5;6777;6775.75;6776.5;692
20260317 165600;6776.5;6778;6775.25;6777.75;1243
20260317 165700;6777.5;6778.25;6777;6777.25;1303
20260317 165800;6777.25;6777.5;6774.25;6775;1188
20260317 165900;6775;6776.25;6773.25;6774;1562
20260317 170000;6774.25;6774.25;6773;6773.5;877
20260317 170100;6773.5;6776.25;6773;6775.5;1865
20260317 170200;6775.75;6777.75;6775.5;6776.5;1294
20260317 170300;6776.75;6782.25;6776;6782;2895
20260317 170400;6782;6783.5;6780.25;6783.25;3087
20260317 170500;6783.25;6783.5;6781.75;6782.5;2094
20260317 170600;6782.5;6782.75;6780.5;6781.75;1615
20260317 170700;6781.75;6782.25;6780.75;6782;1051
20260317 170800;6782;6782.75;6780;6781.75;1462
20260317 170900;6781.75;6783;6781;6782.5;1035
20260317 171000;6782.75;6783.25;6781.75;6782.25;1077
20260317 171100;6782.25;6783;6776.25;6776.5;2670
20260317 171200;6776.5;6780.25;6776.5;6780;1912
20260317 171300;6780;6780.25;6777.5;6778.25;1293
20260317 171400;6778.25;6780.5;6777.75;6779;1204
20260317 171500;6779;6780.25;6778;6780;904
20260317 171600;6779.75;6780;6776.75;6777;1299
20260317 171700;6777;6779.25;6776.75;6779;964
20260317 171800;6779;6779;6777.75;6778;543
20260317 171900;6778.25;6779.5;6777.75;6779;511
20260317 172000;6779;6779.25;6776.75;6778;871
20260317 172100;6778;6778.5;6775.25;6775.5;1537
20260317 172200;6775.75;6778;6775.75;6777.25;1364
20260317 172300;6777.75;6780;6777;6779.5;1481
20260317 172400;6779.25;6780.5;6777.75;6779.25;945
20260317 172500;6779.25;6780;6777.75;6778.75;1026
20260317 172600;6778.75;6779;6776.75;6777;895
20260317 172700;6776.75;6779.5;6776.75;6779.25;808
20260317 172800;6779;6781.25;6779;6779.5;1440
20260317 172900;6780;6780;6778.5;6779.5;729
20260317 173000;6779.5;6779.75;6778.5;6779.5;642
20260317 173100;6779.25;6779.75;6777.5;6779.5;1092
20260317 173200;6779.5;6781.25;6779.25;6780.75;1269
20260317 173300;6781;6781.25;6780;6780;1219
20260317 173400;6780;6780.25;6778.25;6778.75;1105
20260317 173500;6778.5;6779.25;6778.25;6778.75;596
20260317 173600;6778.5;6780.25;6778.25;6779.75;905
20260317 173700;6779.75;6781.75;6779.25;6781;1376
20260317 173800;6781.25;6783.75;6780.75;6783.5;2022
20260317 173900;6783.5;6783.75;6782.5;6783.5;1295
20260317 174000;6783.5;6784.5;6782.75;6783.25;1261
20260317 174100;6783.25;6783.75;6781.25;6781.5;1378
20260317 174200;6781.25;6782.75;6780.75;6781.5;982
20260317 174300;6781.5;6783.5;6781;6782.25;1530
20260317 174400;6782.25;6782.5;6777.25;6777.25;3253
20260317 174500;6777;6778.75;6776;6777.25;2177
20260317 174600;6777.25;6779;6775.75;6775.75;2044
20260317 174700;6775.5;6777.75;6775.25;6776;1668
20260317 174800;6775.75;6776.75;6774;6774;1598
20260317 174900;6774;6777.5;6774;6776.75;1516
20260317 175000;6776.5;6777.75;6776.5;6777.5;712
20260317 175100;6777.25;6778.5;6775.75;6776;1898
20260317 175200;6776;6778;6775.75;6777.75;1183
20260317 175300;6777.75;6782.25;6777.5;6782;3045
20260317 175400;6782.25;6783.75;6781;6782.75;1866
20260317 175500;6783;6783;6781.5;6782.5;997
20260317 175600;6782.75;6782.75;6780.25;6781.25;1486
20260317 175700;6781;6782.75;6780.75;6781.25;830
20260317 175800;6781.5;6782.75;6781;6782.5;653
20260317 175900;6782.5;6782.75;6781;6781.75;986
20260317 180000;6781.5;6781.5;6780.5;6781.25;763
20260317 180100;6781.25;6782.5;6779.5;6779.75;1519
20260317 180200;6779.75;6780;6778.25;6778.5;1231
20260317 180300;6778.5;6782.25;6778.5;6782;1480
20260317 180400;6782;6784.25;6781.75;6782.75;1884
20260317 180500;6782.75;6783.75;6782.25;6783.25;1073
20260317 180600;6783.25;6784.5;6781;6781.5;1563
20260317 180700;6781.75;6785.25;6781.5;6785;1813
20260317 180800;6785.25;6786.75;6784.25;6786.25;2179
20260317 180900;6786.25;6786.5;6785;6785.25;967
20260317 181000;6785.25;6786.5;6785;6786.25;751
20260317 181100;6786.25;6787.5;6785.25;6786;1819
20260317 181200;6786;6786.25;6784.5;6785;1219
20260317 181300;6785;6786;6783.5;6784;1275
20260317 181400;6784;6784.25;6782.75;6783.75;1069
20260317 181500;6783.75;6784;6783;6783;720
20260317 181600;6783;6783.75;6782.5;6783;845
20260317 181700;6783.25;6784;6783;6783;862
20260317 181800;6783;6783.5;6781.75;6781.75;728
20260317 181900;6781.75;6783;6781.5;6782.5;862
20260317 182000;6782.5;6783;6781.5;6782;786
20260317 182100;6782.25;6782.5;6781.25;6781.75;796
20260317 182200;6781.75;6781.75;6779.5;6780.5;2379
20260317 182300;6780.5;6781.25;6780.25;6781;688
20260317 182400;6781.25;6781.25;6777.25;6777.75;2124
20260317 182500;6777.5;6778.5;6773.25;6773.5;3717
20260317 182600;6773.5;6776.5;6772.75;6772.75;2519
20260317 182700;6773.25;6775.75;6772.5;6774.5;2039
20260317 182800;6774.5;6776;6773;6773.25;1813
20260317 182900;6773.25;6775.5;6773;6774.75;1458
20260317 183000;6774.75;6775.5;6772.75;6773;1509
20260317 183100;6773;6774.75;6772;6773.5;1678
20260317 183200;6773.5;6774;6772.5;6772.5;843
20260317 183300;6772.75;6776;6771.25;6775.75;2717
20260317 183400;6775.75;6775.75;6773.75;6774;1077
20260317 183500;6774;6775.5;6774;6775;690
20260317 183600;6774.75;6775.75;6773.5;6775.25;1203
20260317 183700;6775.25;6776.25;6774.25;6774.25;1123
20260317 183800;6774.5;6775.25;6773.25;6774;1037
20260317 183900;6774.25;6775.25;6773.5;6774.5;484
20260317 184000;6774.25;6776;6774;6774.5;1642
20260317 184100;6774.5;6776.25;6773.75;6775;1364
20260317 184200;6775;6775.25;6773;6773;1094
20260317 184300;6773.25;6774.25;6773;6773.75;789
20260317 184400;6773.5;6775.25;6773.5;6774.25;837
20260317 184500;6774.25;6774.5;6772;6772.5;926
20260317 184600;6772.75;6773.75;6772.25;6772.75;1117
20260317 184700;6772.75;6775.5;6772.5;6775;1194
20260317 184800;6775.25;6776;6774.25;6774.5;974
20260317 184900;6774.75;6776;6774.25;6775.5;887
20260317 185000;6775.5;6776;6775;6775.5;909
20260317 185100;6775.5;6775.5;6773.25;6774.5;966
20260317 185200;6774.75;6777.75;6774.5;6777.5;1464
20260317 185300;6777.5;6777.75;6776.75;6777.5;1000
20260317 185400;6777.5;6778.75;6777;6777.75;1408
20260317 185500;6777.75;6778.75;6777.75;6778;606
20260317 185600;6778.25;6778.25;6774.25;6774.75;1941
20260317 185700;6774.75;6775;6772.5;6773.5;1773
20260317 185800;6773.75;6775.25;6773.5;6774.75;1028
20260317 185900;6774.75;6775.25;6774.25;6775;466
20260317 190000;6775;6775.25;6774.25;6775.25;580
20260317 190100;6775.25;6776;6774.25;6774.5;1238
20260317 190200;6774.75;6776;6774.25;6775.25;968
20260317 190300;6775.5;6777.5;6775;6776.5;1428
20260317 190400;6776.25;6776.25;6773.75;6774.75;1242
20260317 190500;6774.75;6775.5;6774;6774.5;745
20260317 190600;6774.5;6774.5;6773;6773;962
20260317 190700;6773;6773.75;6770.25;6771;2236
20260317 190800;6770.75;6772;6770.5;6771.25;1709
20260317 190900;6771.25;6774.25;6771.25;6773.75;1805
20260317 191000;6774;6774.5;6772.75;6774;1163
20260317 191100;6774.25;6776.75;6773.75;6776;1761
20260317 191200;6776;6776;6774;6775.25;1170
20260317 191300;6775.25;6775.25;6774;6775;530
20260317 191400;6775;6776.25;6774.5;6775.5;822
20260317 191500;6775.75;6776.25;6775.5;6776.25;680
20260317 191600;6776.25;6780.5;6775.5;6780.25;3438
20260317 191700;6780;6780;6778.25;6778.75;1958
20260317 191800;6778.5;6778.75;6777.25;6777.75;1315
20260317 191900;6777.75;6780;6777.25;6780;1033
20260317 192000;6779.75;6780;6778.25;6778.5;1060
20260317 192100;6778.5;6778.75;6776.75;6777.5;1190
20260317 192200;6777.25;6778;6776;6776.25;1059
20260317 192300;6776;6777.25;6775.25;6775.75;971
20260317 192400;6775.75;6776.75;6775.25;6775.5;851
20260317 192500;6775.75;6776.5;6775.5;6776;598
20260317 192600;6776;6776.5;6774.75;6774.75;1178
20260317 192700;6775;6776.5;6774.75;6775.25;1362
20260317 192800;6775.25;6775.5;6774.5;6774.75;803
20260317 192900;6774.75;6776.5;6774.75;6775.5;1074
20260317 193000;6775.25;6775.25;6773.75;6774.5;1221
20260317 193100;6774.5;6776.75;6774.25;6776.5;1997
20260317 193200;6776.25;6776.5;6774.75;6776.5;1158
20260317 193300;6776.5;6777;6775;6775.5;774
20260317 193400;6775.25;6776;6775;6775;615
20260317 193500;6774.75;6774.75;6773.5;6773.75;1043
20260317 193600;6774;6775.5;6773.75;6774.5;914
20260317 193700;6774.25;6774.75;6773.75;6774;587
20260317 193800;6774;6775;6774;6774.75;409
20260317 193900;6774.75;6774.75;6773.5;6773.75;714
20260317 194000;6774;6774.25;6773.25;6773.75;848
20260317 194100;6774;6775.5;6774;6774.75;1078
20260317 194200;6775;6775.75;6774.5;6774.5;766
20260317 194300;6774.75;6775;6773;6773.25;1061
20260317 194400;6773.5;6773.5;6771.5;6773;1492
20260317 194500;6773.25;6773.5;6772.25;6772.5;937
20260317 194600;6772.75;6775.5;6772.75;6775;1746
20260317 194700;6775;6776.25;6774.25;6775;1325
20260317 194800;6775;6775.5;6774;6774.25;914
20260317 194900;6774.5;6776;6774.25;6776;876
20260317 195000;6776;6776.5;6775.5;6776;1332
20260317 195100;6776.25;6776.75;6771;6771;3788
20260317 195200;6771.5;6774.25;6771.5;6772.25;2139
20260317 195300;6772.25;6773.5;6771.75;6772.5;1381
20260317 195400;6772.5;6772.5;6770.75;6772.25;1765
20260317 195500;6772.25;6776.75;6770;6776.75;3656
20260317 195600;6776.75;6776.75;6771.5;6771.75;3054
20260317 195700;6771.5;6772.25;6770.75;6770.75;1123
20260317 195800;6770.5;6770.75;6769;6769.5;1869
20260317 195900;6769.5;6770.75;6769;6770.5;1546
20260317 200000;6770.5;6774.75;6770.25;6772.25;8424
20260317 200100;6772.25;6773.75;6769.75;6773.25;3183
20260317 200200;6773.25;6774.25;6771.5;6772.25;1123
20260317 200300;6772.25;6773.25;6771.75;6773;588
20260317 200400;6773;6774.25;6773;6774.25;467
20260317 200500;6774.25;6774.5;6773.25;6774;547
20260317 200600;6773.75;6774.5;6773.5;6773.5;315
20260317 200700;6773.5;6773.75;6772.5;6773;461
20260317 200800;6772.75;6772.75;6771.75;6772;276
20260317 200900;6772;6772.5;6771.25;6772.5;477
20260317 201000;6772.5;6773.25;6772.5;6772.75;301
20260317 201100;6772.5;6773.75;6771.75;6773.25;375
20260317 201200;6773.5;6774;6773;6773.75;173
20260317 201300;6774;6774;6773;6773;148
20260317 201400;6773.5;6773.75;6773.25;6773.25;189
20260317 201500;6773.5;6774.5;6773.25;6774;441
20260317 201600;6774.25;6774.5;6773.5;6773.5;406
20260317 201700;6773.5;6773.5;6772.25;6772.75;209
20260317 201800;6772.5;6774;6772.5;6774;341
20260317 201900;6773.75;6774.75;6773.5;6774.5;256
20260317 202000;6774.5;6774.75;6773.75;6774;198
20260317 202100;6774;6774;6773.25;6773.5;155
20260317 202200;6773.5;6774;6772.5;6774;251
20260317 202300;6774.25;6774.5;6773.75;6774;105
20260317 202400;6773.75;6773.75;6773.25;6773.75;129
20260317 202500;6774;6774.25;6774;6774.25;131
20260317 202600;6774;6774.25;6773.75;6774.25;108
20260317 202700;6774.25;6774.75;6774;6774.25;180
20260317 202800;6774;6774.5;6773.75;6774.25;148
20260317 202900;6774;6774.5;6773.75;6774;198
20260317 203000;6774.25;6774.5;6774;6774.25;122
20260317 203100;6774.25;6774.5;6774;6774.25;144
20260317 203200;6774;6775.25;6774;6774.75;290
20260317 203300;6774.75;6775;6774.5;6775;106
20260317 203400;6774.75;6775;6774.5;6774.75;181
20260317 203500;6774.75;6775.25;6774.75;6774.75;126
20260317 203600;6774.75;6775;6774.25;6774.75;104
20260317 203700;6774.5;6774.75;6774.25;6774.25;66
20260317 203800;6774.5;6774.75;6774.25;6774.5;100
20260317 203900;6774.5;6775;6774.5;6775;70
20260317 204000;6775;6775.5;6774.75;6774.75;304
20260317 204100;6774.75;6775.5;6774.75;6775;216
20260317 204200;6775.25;6775.75;6775;6775;146
20260317 204300;6775.25;6775.25;6774.75;6774.75;77
20260317 204400;6775;6775.25;6774.5;6775.25;190
20260317 204500;6775.25;6775.25;6775;6775;246
20260317 204600;6775;6776;6774.5;6775.25;532
20260317 204700;6775.25;6775.5;6774.75;6774.75;113
20260317 204800;6775;6776;6774.5;6776;181
20260317 204900;6775.75;6776.25;6775.25;6775.25;226
20260317 205000;6775.25;6775.25;6774.5;6774.75;153
20260317 205100;6774.75;6775.25;6774.75;6775;129
20260317 205200;6775;6775;6774;6774.25;190
20260317 205300;6774.25;6774.75;6773.5;6773.75;589
20260317 205400;6774;6774;6773.5;6773.5;73
20260317 205500;6773.75;6774.25;6773.5;6774.25;136
20260317 205600;6774.25;6774.25;6773.25;6773.5;228
20260317 205700;6773.75;6774;6773.25;6773.25;116
20260317 205800;6773.25;6773.75;6772.5;6773;224
20260317 205900;6773.5;6773.75;6772.75;6773.75;233
20260317 210000;6773.75;6774.75;6773;6774.25;407
20260317 220100;6774.75;6775.25;6770.75;6771.5;682
20260317 220200;6771.25;6771.5;6770;6770.5;299
20260317 220300;6770.5;6771.25;6770.25;6770.5;142
20260317 220400;6770.75;6771;6769.5;6769.75;149
20260317 220500;6770;6770.75;6769.5;6769.5;178
20260317 220600;6769.75;6770.5;6769.25;6770.5;237
20260317 220700;6770.25;6770.25;6769;6769.75;257
20260317 220800;6769.75;6770;6769.25;6769.25;146
20260317 220900;6769.75;6771;6769.25;6770.5;232
20260317 221000;6770.25;6771.25;6770.25;6770.75;236
20260317 221100;6771.25;6771.25;6770.25;6770.5;240
20260317 221200;6770.5;6771.25;6770.25;6771;98
20260317 221300;6771;6771.5;6770.5;6771;104
20260317 221400;6771;6771.75;6771;6771.25;261
20260317 221500;6771.25;6771.5;6771.25;6771.25;116
20260317 221600;6771.5;6771.5;6770.25;6770.25;189
20260317 221700;6770.25;6770.25;6767.75;6767.75;729
20260317 221800;6768;6769.25;6767.75;6769.25;344
20260317 221900;6769;6769.5;6768.75;6769;148
20260317 222000;6769.25;6770;6767.75;6768;309
20260317 222100;6768;6769;6767.75;6768.5;254
20260317 222200;6768.25;6768.75;6767.75;6768;213
20260317 222300;6768;6769;6768;6769;153
20260317 222400;6769;6770;6768.75;6768.75;329
20260317 222500;6769;6769.75;6768.75;6769.25;291
20260317 222600;6769.25;6770;6769;6769.75;154
20260317 222700;6769.5;6771;6769.5;6770.25;343
20260317 222800;6770;6770;6769;6769;174
20260317 222900;6769;6770;6769;6769.5;306
20260317 223000;6769.5;6770;6769.25;6769.5;116
20260317 223100;6769.75;6771;6769.5;6770.25;309
20260317 223200;6770.5;6770.5;6769.75;6770;241
20260317 223300;6770.25;6770.25;6769.75;6770;110
20260317 223400;6770;6770.25;6769.75;6770;86
20260317 223500;6769.75;6770;6769;6769;241
20260317 223600;6769;6769.5;6768.25;6768.25;406
20260317 223700;6768.25;6769;6767.75;6768;236
20260317 223800;6768;6768.25;6766.75;6767;458
20260317 223900;6767.25;6767.75;6766.5;6767;394
20260317 224000;6767.25;6767.25;6765.5;6766.25;695
20260317 224100;6766.75;6766.75;6765.75;6766;176
20260317 224200;6766.25;6766.5;6765.25;6765.25;281
20260317 224300;6765.25;6766;6765;6765.75;305
20260317 224400;6766;6766.75;6765.5;6766.75;199
20260317 224500;6766.75;6767;6766;6766.5;99
20260317 224600;6766.25;6766.75;6766;6766.5;88
20260317 224700;6766.75;6767;6766.25;6766.5;323
20260317 224800;6766.75;6766.75;6765.5;6766.25;273
20260317 224900;6766;6766;6764.75;6765;196
20260317 225000;6765;6765.75;6765;6765;154
20260317 225100;6765.25;6766.25;6765;6766;191
20260317 225200;6765.75;6766.5;6765.75;6766;134
20260317 225300;6766.5;6766.75;6766.25;6766.25;185
20260317 225400;6766.5;6767.25;6766.25;6767;184
20260317 225500;6767.25;6767.5;6766.25;6766.25;281
20260317 225600;6766.25;6767.25;6766.25;6767.25;194
20260317 225700;6767;6767.5;6767;6767.5;38
20260317 225800;6767.5;6768.5;6767.25;6767.75;451
20260317 225900;6767.75;6769;6767.75;6769;313
20260317 230000;6768.75;6769;6768;6768;270
20260317 230100;6768.25;6769.25;6767.25;6768;806
20260317 230200;6768.25;6768.75;6767.5;6768.25;520
20260317 230300;6768.25;6768.5;6766.75;6766.75;223
20260317 230400;6767;6767;6765.75;6766.25;282
20260317 230500;6766;6767;6766;6767;318
20260317 230600;6766.75;6767.5;6766.5;6767;134
20260317 230700;6767;6767.5;6767;6767;117
20260317 230800;6767;6767.75;6766.75;6767.75;192
20260317 230900;6767.75;6768;6767.25;6767.5;94
20260317 231000;6767.5;6767.5;6766.75;6766.75;192
20260317 231100;6766.5;6766.75;6766.25;6766.5;194
20260317 231200;6766.25;6767;6765.75;6767;146
20260317 231300;6767;6768;6766.75;6767.25;186
20260317 231400;6767;6767.5;6767;6767.25;97
20260317 231500;6767.5;6768;6767.25;6768;238
20260317 231600;6767.75;6767.75;6767;6767.75;121
20260317 231700;6767.75;6767.75;6767.25;6767.75;105
20260317 231800;6767.5;6767.75;6767.25;6767.75;41
20260317 231900;6767.75;6769.5;6767.5;6769.5;291
20260317 232000;6769.5;6770.75;6768.75;6770.5;561
20260317 232100;6770.75;6771.5;6770;6771.25;504
20260317 232200;6771.25;6771.25;6769.75;6770.5;237
20260317 232300;6770.25;6770.25;6768.5;6769;333
20260317 232400;6768.75;6769.5;6767.75;6768.25;477
20260317 232500;6768.5;6769;6768.25;6768.25;160
20260317 232600;6768.25;6769;6767.75;6768;163
20260317 232700;6767.75;6768.25;6767.5;6767.5;95
20260317 232800;6767.5;6768;6767.5;6767.5;113
20260317 232900;6767.5;6768.25;6767.5;6768;129
20260317 233000;6768;6768.25;6767.25;6767.25;191
20260317 233100;6767;6767;6766.5;6766.75;408
20260317 233200;6766.75;6767;6766.5;6766.75;154
20260317 233300;6766.5;6767.25;6766.25;6767.25;161
20260317 233400;6767.25;6768.25;6767;6768;252
20260317 233500;6768;6768;6767.5;6768;85
20260317 233600;6768;6769;6767.75;6768.25;237
20260317 233700;6768.25;6768.25;6767.75;6768;132
20260317 233800;6768;6768;6766.75;6766.75;198
20260317 233900;6766.75;6767;6766;6766.5;204
20260317 234000;6766.5;6766.5;6765.5;6765.5;207
20260317 234100;6765.75;6766.5;6765.5;6765.5;273
20260317 234200;6765.75;6766.75;6765.5;6766.25;147
20260317 234300;6766.25;6766.5;6765.75;6765.75;63
20260317 234400;6766;6766;6765;6765.75;136
20260317 234500;6766;6766.75;6765.75;6766.5;220
20260317 234600;6766.5;6767.5;6766.25;6767.25;177
20260317 234700;6767;6767.75;6766.75;6767.5;132
20260317 234800;6767;6767.25;6766.5;6766.5;101
20260317 234900;6766.5;6766.5;6766;6766;98
20260317 235000;6766.5;6767.25;6766.5;6767;73
20260317 235100;6767;6767.75;6766.5;6767.25;87
20260317 235200;6767.5;6767.5;6766.5;6766.5;79
20260317 235300;6766.75;6767;6766.25;6767;63
20260317 235400;6767;6767;6766.25;6766.5;86
20260317 235500;6766.75;6767;6766.5;6766.75;69
20260317 235600;6766.75;6767;6766.25;6766.25;124
20260317 235700;6766.25;6767;6765.75;6766.5;188
20260317 235800;6766.5;6766.5;6766.25;6766.25;31
20260317 235900;6766.25;6766.5;6765.75;6765.75;92
20260318 000000;6766;6766.75;6765.75;6766.5;184
20260318 000100;6766.5;6766.5;6765;6766;437
20260318 000200;6765.5;6769.5;6765.25;6768.75;904
20260318 000300;6768.75;6769.25;6768;6768;260
20260318 000400;6768;6768.75;6767.75;6768;162
20260318 000500;6768;6769.25;6768;6769.25;168
20260318 000600;6769.25;6770.5;6769.25;6770;370
20260318 000700;6770.25;6772.25;6770.25;6771.75;847
20260318 000800;6772;6772.25;6770.75;6770.75;390
20260318 000900;6771;6771.5;6770;6771.25;288
20260318 001000;6771.25;6772;6771;6772;315
20260318 001100;6771.75;6774.5;6771.5;6774.5;737
20260318 001200;6774.25;6774.5;6773;6773.25;369
20260318 001300;6773.25;6775.25;6773;6775;361
20260318 001400;6774.75;6775.25;6774.5;6775;298
20260318 001500;6775;6776.25;6774.5;6776;390
20260318 001600;6775.75;6776.75;6774.25;6775;674
20260318 001700;6775.25;6775.75;6774.5;6775;353
20260318 001800;6775;6775.25;6774.25;6774.75;211
20260318 001900;6774.5;6774.5;6773.25;6773.5;428
20260318 002000;6773.75;6774;6772.5;6772.75;294
20260318 002100;6772.75;6773.5;6772.25;6772.75;291
20260318 002200;6772.5;6774.75;6772.25;6774.75;317
20260318 002300;6774.5;6774.75;6773.75;6774.5;147
20260318 002400;6774.75;6775.25;6774.5;6774.75;277
20260318 002500;6774.75;6775.75;6774.5;6774.75;273
20260318 002600;6775;6775;6774;6775;166
20260318 002700;6775;6775.25;6774.25;6774.5;200
20260318 002800;6774.5;6774.75;6774;6774.5;262
20260318 002900;6774.25;6774.75;6774;6774;89
20260318 003000;6774.25;6774.5;6774;6774;99
20260318 003100;6774.25;6774.5;6773.75;6774.5;136
20260318 003200;6774;6775;6774;6774.25;128
20260318 003300;6774;6774.25;6772.75;6773.25;206
20260318 003400;6773;6774;6773;6774;171
20260318 003500;6773.75;6774.25;6773.75;6774;120
20260318 003600;6774;6774;6773.5;6773.5;106
20260318 003700;6773.75;6773.75;6773.5;6773.5;56
20260318 003800;6773.5;6774;6773.5;6773.75;60
20260318 003900;6773.75;6775;6773.75;6774.5;214
20260318 004000;6774.25;6775;6774.25;6774.75;82
20260318 004100;6774.75;6774.75;6774;6774.5;131
20260318 004200;6774.25;6774.5;6773.75;6773.75;111
20260318 004300;6774;6774.75;6773.75;6774.25;83
20260318 004400;6774.5;6774.75;6774.25;6774.75;134
20260318 004500;6774.75;6776.5;6774.25;6776.25;515
20260318 004600;6776;6781;6775.75;6780;1650
20260318 004700;6779.75;6780;6778.5;6779;288
20260318 004800;6779;6779.75;6778.75;6779.5;204
20260318 004900;6779.75;6780.25;6779.5;6779.75;161
20260318 005000;6779.75;6780.5;6779.5;6780;298
20260318 005100;6780;6780;6779.25;6779.5;197
20260318 005200;6780;6780;6778.5;6779.75;245
20260318 005300;6779.75;6781;6779.5;6780.75;329
20260318 005400;6780.75;6781.25;6780;6780.75;477
20260318 005500;6780.75;6780.75;6780;6780.25;235
20260318 005600;6780;6780.25;6779.25;6779.75;228
20260318 005700;6779.5;6780.5;6779.5;6780;110
20260318 005800;6780.25;6780.75;6780;6780.75;84
20260318 005900;6781;6781;6780.25;6781;162
20260318 010000;6781.25;6781.5;6780.5;6780.5;253
20260318 010100;6780.75;6782.25;6780.75;6782;725
20260318 010200;6781.75;6784.5;6781.5;6784.25;742
20260318 010300;6784.25;6784.75;6783.5;6783.75;617
20260318 010400;6783.75;6784.5;6783.25;6784.25;339
20260318 010500;6784.25;6784.5;6783;6783.5;319
20260318 010600;6783.5;6784.5;6783.25;6784.25;197
20260318 010700;6784;6784.5;6783.5;6784;190
20260318 010800;6784;6784;6782.5;6783.5;261
20260318 010900;6783.25;6784;6783.25;6784;148
20260318 011000;6784;6784;6783.5;6784;249
20260318 011100;6784;6785;6783;6783;520
20260318 011200;6783.25;6783.75;6782.75;6783;331
20260318 011300;6783.25;6783.25;6782;6783;411
20260318 011400;6783;6784;6783;6783.25;167
20260318 011500;6783.25;6783.75;6783;6783.75;190
20260318 011600;6783.75;6785;6783.5;6785;275
20260318 011700;6785;6785.25;6784.5;6785;473
20260318 011800;6785.25;6785.5;6784.25;6784.25;300
20260318 011900;6784.25;6785;6783.75;6784.5;181
20260318 012000;6784.5;6785.75;6783.75;6783.75;398
20260318 012100;6784;6785.5;6783.25;6785.25;331
20260318 012200;6785.5;6785.75;6785;6785.5;199
20260318 012300;6785.5;6786.5;6785.5;6785.75;347
20260318 012400;6786;6786.75;6785.5;6785.75;419
20260318 012500;6785.5;6786.25;6785.25;6785.75;277
20260318 012600;6785.5;6785.75;6785.25;6785.25;123
20260318 012700;6785.25;6785.5;6784.5;6785.25;287
20260318 012800;6785.5;6785.75;6785.25;6785.75;143
20260318 012900;6786;6786;6785.5;6785.75;159
20260318 013000;6785.5;6785.75;6784.75;6785;149
20260318 013100;6785;6785;6784.25;6784.5;260
20260318 013200;6784.5;6785.25;6784.5;6784.75;213
20260318 013300;6784.75;6785.75;6784.75;6785.25;136
20260318 013400;6785;6785.25;6784.75;6785.25;288
20260318 013500;6785;6785.5;6784.75;6785.5;141
20260318 013600;6785.5;6785.75;6785.25;6785.25;106
20260318 013700;6785;6785.25;6784;6784.5;330
20260318 013800;6784.5;6785.25;6784.5;6785.25;121
20260318 013900;6785;6785.25;6784.5;6785;66
20260318 014000;6784.75;6785.75;6784.75;6785.25;146
20260318 014100;6785.5;6786.25;6785.5;6786.25;156
20260318 014200;6786.25;6786.25;6785.5;6785.75;131
20260318 014300;6785.75;6785.75;6785;6785.25;167
20260318 014400;6785.25;6786;6785.25;6786;133
20260318 014500;6786;6786.5;6785.75;6785.75;126
20260318 014600;6785.75;6786;6785.25;6785.5;216
20260318 014700;6785.5;6785.5;6785;6785;114
20260318 014800;6785.25;6785.5;6785;6785;146
20260318 014900;6784.75;6785.25;6784.25;6784.5;282
20260318 015000;6784.25;6784.75;6783.75;6784.25;410
20260318 015100;6784.5;6784.75;6783.75;6783.75;194
20260318 015200;6783.75;6783.75;6782.5;6782.75;511
20260318 015300;6782.75;6783.5;6782.5;6783;366
20260318 015400;6783.25;6783.25;6782.75;6783;129
20260318 015500;6782.75;6783.25;6782.5;6782.75;245
20260318 015600;6782.75;6783.5;6782.5;6783.5;120
20260318 015700;6783.5;6785;6783.25;6785;337
20260318 015800;6785;6785.5;6784.75;6785.5;268
20260318 015900;6785.25;6785.75;6785;6785.75;277
20260318 020000;6785.75;6786.25;6785.25;6785.75;309
20260318 020100;6786;6788;6785.5;6787.75;674
20260318 020200;6787.75;6788.5;6787.5;6787.75;594
20260318 020300;6787.5;6787.75;6786.5;6786.75;230
20260318 020400;6787;6787.25;6786.75;6787.25;216
20260318 020500;6787;6787.25;6786.25;6786.5;207
20260318 020600;6786.5;6787;6786.25;6786.75;249
20260318 020700;6786.75;6787.25;6786.5;6786.5;206
20260318 020800;6787;6787.75;6786.75;6786.75;192
20260318 020900;6786.75;6788;6786.75;6787.75;180
20260318 021000;6787.75;6788.75;6787.75;6788.5;299
20260318 021100;6788.75;6789;6787.25;6787.75;237
20260318 021200;6787.5;6787.5;6786.75;6787;222
20260318 021300;6787;6788.25;6787;6788;239
20260318 021400;6787.75;6788.25;6787.5;6788;96
20260318 021500;6788.25;6789.25;6788;6788.5;277
20260318 021600;6788.5;6788.5;6787.75;6788;293
20260318 021700;6787.75;6788.75;6787.75;6788.75;228
20260318 021800;6788.75;6790.75;6788.75;6790.5;925
20260318 021900;6790.5;6791;6790.25;6790.5;398
20260318 022000;6790.5;6791.25;6790.25;6790.5;293
20260318 022100;6790.75;6791;6790.5;6790.75;164
20260318 022200;6791;6791.75;6790.5;6791;359
20260318 022300;6791;6791.25;6790;6790;323
20260318 022400;6790;6790.75;6790;6790.75;101
20260318 022500;6791;6791;6790.25;6790.75;122
20260318 022600;6790.5;6790.75;6790.25;6790.25;85
20260318 022700;6790.5;6791.25;6790;6791;318
20260318 022800;6791;6791.5;6791;6791.25;185
20260318 022900;6791.25;6791.75;6791.25;6791.5;153
20260318 023000;6791.5;6793;6791.5;6791.75;832
20260318 023100;6792;6793.5;6792;6792.75;797
20260318 023200;6792.75;6792.75;6791.75;6792.5;255
20260318 023300;6792.5;6793.75;6792.5;6793;317
20260318 023400;6793.25;6793.25;6791.75;6793;279
20260318 023500;6792.75;6794;6792.75;6793.25;268
20260318 023600;6793.5;6794;6793.25;6794;123
20260318 023700;6793.75;6793.75;6791.75;6791.75;311
20260318 023800;6791.75;6793;6791.75;6792.75;156
20260318 023900;6792.75;6793.75;6792.75;6793.75;104
20260318 024000;6793.5;6794;6793.25;6793.75;255
20260318 024100;6794;6794.5;6793.5;6793.5;212
20260318 024200;6793.5;6793.75;6793.25;6793.75;100
20260318 024300;6793.5;6793.75;6793;6793.25;136
20260318 024400;6793;6793;6792;6792.25;197
20260318 024500;6792.25;6792.5;6792;6792;86
20260318 024600;6792.25;6793.5;6792;6793;391
20260318 024700;6793.25;6793.75;6793;6793.25;194
20260318 024800;6793.25;6793.25;6793;6793;139
20260318 024900;6793.25;6793.5;6792.5;6792.5;69
20260318 025000;6792.75;6792.75;6791.75;6791.75;222
20260318 025100;6791.75;6792.25;6791.75;6791.75;116
20260318 025200;6791.75;6792.25;6791.25;6792;280
20260318 025300;6792;6793;6792;6792.75;171
20260318 025400;6793;6793;6792.25;6792.5;90
20260318 025500;6792.75;6792.75;6792;6792;148
20260318 025600;6792;6792.5;6792;6792;72
20260318 025700;6792.25;6792.5;6791.75;6792;183
20260318 025800;6792;6792;6791.25;6791.5;177
20260318 025900;6791.75;6791.75;6791;6791.75;254
20260318 030000;6792;6792.25;6791.75;6792.25;51
20260318 030100;6792;6792.75;6792;6792;246
20260318 030200;6792;6792.25;6791;6791.25;185
20260318 030300;6791.25;6791.5;6791;6791;99
20260318 030400;6791.25;6792.25;6791.25;6791.75;112
20260318 030500;6791.75;6791.75;6791.25;6791.25;83
20260318 030600;6791.25;6791.25;6790.75;6790.75;198
20260318 030700;6791;6791.25;6790.25;6790.75;160
20260318 030800;6790.5;6791.5;6790.25;6790.75;271
20260318 030900;6791;6792;6790.75;6791.5;204
20260318 031000;6791.5;6791.5;6791;6791.25;101
20260318 031100;6791.25;6791.5;6791.25;6791.5;15
20260318 031200;6791.5;6791.75;6791.25;6791.75;56
20260318 031300;6791.5;6792;6791.25;6791.75;123
20260318 031400;6791.75;6792.5;6791.75;6792.5;136
20260318 031500;6792.25;6793.25;6792.25;6793;497
20260318 031600;6793.25;6793.5;6792.75;6792.75;332
20260318 031700;6792.75;6792.75;6792.5;6792.5;93
20260318 031800;6792.5;6792.75;6792.25;6792.5;32
20260318 031900;6792.25;6792.5;6792;6792.5;59
20260318 032000;6792.5;6792.75;6792.25;6792.75;62
20260318 032100;6792.75;6793;6792.75;6792.75;84
20260318 032200;6792.75;6793.5;6792.75;6793.5;173
20260318 032300;6793.5;6794;6793.25;6794;204
20260318 032400;6793.75;6794.25;6793.75;6794;242
20260318 032500;6794;6794;6793.5;6793.5;141
20260318 032600;6793.5;6794.25;6793.5;6794;121
20260318 032700;6794.25;6794.5;6794;6794.25;158
20260318 032800;6794.25;6794.25;6793.5;6793.75;157
20260318 032900;6793.5;6793.5;6792.25;6792.25;224
20260318 033000;6792.25;6793;6792.25;6792.75;110
20260318 033100;6792.75;6793.25;6792.75;6793;177
20260318 033200;6793;6793;6792.5;6793;104
20260318 033300;6793.25;6793.5;6792.75;6793.25;107
20260318 033400;6793.25;6794;6793;6794;68
20260318 033500;6794;6794;6793.5;6793.75;103
20260318 033600;6793.5;6794;6793.5;6794;32
20260318 033700;6794;6794;6793.5;6793.75;78
20260318 033800;6793.75;6793.75;6793;6793.25;115
20260318 033900;6793.25;6793.25;6792.5;6792.75;76
20260318 034000;6792.75;6793;6792.5;6792.75;95
20260318 034100;6792.75;6793.5;6792.5;6793.25;47
20260318 034200;6793.25;6793.5;6792.75;6793;84
20260318 034300;6792.75;6792.75;6792.25;6792.75;74
20260318 034400;6793;6793;6792.75;6793;104
20260318 034500;6793;6794;6793;6793.75;183
20260318 034600;6793.75;6795;6793.75;6794.5;414
20260318 034700;6794.75;6796.25;6794.5;6796;644
20260318 034800;6795.75;6796.25;6795.75;6796;125
20260318 034900;6795.75;6796;6795;6795;229
20260318 035000;6795.25;6795.75;6795;6795.5;122
20260318 035100;6795.5;6795.75;6795;6795.75;113
20260318 035200;6795.75;6796.25;6795.5;6795.5;146
20260318 035300;6795.5;6796;6795.5;6795.75;38
20260318 035400;6795.75;6796;6795.5;6796;156
20260318 035500;6796;6796.5;6796;6796;211
20260318 035600;6796;6797;6795.75;6797;292
20260318 035700;6797;6797.5;6796.5;6797.25;294
20260318 035800;6797;6798.5;6796.75;6798.25;334
20260318 035900;6798;6799;6797;6797;430
20260318 040000;6797.25;6797.5;6796.5;6797.25;221
20260318 040100;6797.25;6798.25;6797.25;6797.5;331
20260318 040200;6797.25;6798;6797.25;6797.5;168
20260318 040300;6797.5;6799;6797.25;6798.75;303
20260318 040400;6798.75;6799;6798.25;6798.5;394
20260318 040500;6798.5;6798.5;6797.75;6798;161
20260318 040600;6798.25;6798.25;6797.25;6797.75;187
20260318 040700;6798;6798.25;6797.75;6798;180
20260318 040800;6797.75;6798.75;6797.75;6798;146
20260318 040900;6798.25;6798.5;6797.75;6798.5;85
20260318 041000;6798.25;6798.5;6798;6798.25;132
20260318 041100;6798.25;6798.75;6798.25;6798.75;106
20260318 041200;6798.75;6799.5;6798.25;6799.5;458
20260318 041300;6799.25;6800.25;6799;6800;493
20260318 041400;6799.75;6799.75;6798.75;6799;253
20260318 041500;6799;6799.75;6799;6799.5;65
20260318 041600;6799.5;6800;6799.5;6799.75;144
20260318 041700;6800;6800;6799.5;6799.5;112
20260318 041800;6799.5;6800.25;6799.25;6800;223
20260318 041900;6799.75;6800;6798.75;6799;160
20260318 042000;6799;6799.5;6798.75;6799;113
20260318 042100;6799.25;6799.5;6799.25;6799.25;61
20260318 042200;6799.5;6799.5;6799;6799.5;71
20260318 042300;6799.5;6800;6799;6799.5;134
20260318 042400;6799.5;6799.75;6799;6799.75;164
20260318 042500;6799.5;6799.75;6799.25;6799.25;46
20260318 042600;6799.25;6799.25;6798.5;6798.75;215
20260318 042700;6799;6799;6798.5;6798.75;178
20260318 042800;6798.75;6798.75;6798;6798;336
20260318 042900;6798;6798.75;6798;6798.75;70
20260318 043000;6798.75;6799.25;6798.5;6799;119
20260318 043100;6798.75;6799;6798.5;6798.75;87
20260318 043200;6798.75;6799.25;6798.75;6799;81
20260318 043300;6799;6799.25;6798.75;6798.75;31
20260318 043400;6798.5;6798.75;6798;6798;91
20260318 043500;6798;6798;6797.5;6797.75;202
20260318 043600;6798;6798;6797;6798;225
20260318 043700;6797.5;6798.5;6797.25;6798.25;175
20260318 043800;6798.25;6798.75;6798.25;6798.75;59
20260318 043900;6798.5;6798.75;6798;6798.25;74
20260318 044000;6798;6798.5;6798;6798;64
20260318 044100;6798;6798;6796.75;6796.75;78
20260318 044200;6796.75;6797;6796.5;6796.75;194
20260318 044300;6797;6797.5;6796.75;6797;125
20260318 044400;6797;6797.25;6796.75;6797;42
20260318 044500;6797.25;6797.75;6797.25;6797.25;108
20260318 044600;6797.25;6798.25;6797.25;6798;167
20260318 044700;6798;6798;6797.75;6797.75;19
20260318 044800;6797.75;6798.25;6797.75;6798.25;121
20260318 044900;6797.75;6798.75;6797.75;6798.75;87
20260318 045000;6798.75;6799.25;6798.75;6799;145
20260318 045100;6799;6800;6799;6800;202
20260318 045200;6799.75;6801;6799.75;6800.75;473
20260318 045300;6800.75;6801.25;6800.25;6800.5;374
20260318 045400;6800.5;6801;6800.25;6800.5;79
20260318 045500;6800.75;6800.75;6800;6800.25;52
20260318 045600;6800.25;6800.5;6799.75;6799.75;176
20260318 045700;6799.75;6799.75;6799;6799;156
20260318 045800;6799;6799.5;6798;6798.25;162
20260318 045900;6798.25;6799.25;6798.25;6799.25;155
20260318 050000;6798.75;6799.25;6798.75;6799;47
20260318 050100;6799;6799.5;6797.75;6798;253
20260318 050200;6798.25;6799.25;6798.25;6798.75;82
20260318 050300;6799;6799.75;6798.75;6799.75;148
20260318 050400;6799.75;6800.25;6799.5;6800;75
20260318 050500;6800;6800.5;6799.75;6800;81
20260318 050600;6800;6800.25;6799.5;6800;125
20260318 050700;6799.75;6799.75;6798.75;6799.25;108
20260318 050800;6799;6799.75;6799;6799.25;73
20260318 050900;6799.25;6799.75;6799.25;6799.75;29
20260318 051000;6799.75;6799.75;6799.25;6799.5;74
20260318 051100;6799.5;6800.25;6799.25;6800.25;113
20260318 051200;6800.25;6801;6800;6800.75;183
20260318 051300;6801;6801;6800.25;6800.75;195
20260318 051400;6800.75;6801;6800;6801;140
20260318 051500;6801;6801.25;6800.75;6801;173
20260318 051600;6800.75;6801;6800.75;6800.75;126
20260318 051700;6800.75;6801;6800.25;6800.5;146
20260318 051800;6800.75;6801.25;6800.5;6801.25;45
20260318 051900;6801.25;6802;6801.25;6802;149
20260318 052000;6801.75;6802.25;6801.5;6802;237
20260318 052100;6801.75;6802;6800.25;6800.75;147
20260318 052200;6800.75;6801;6800.5;6800.75;42
20260318 052300;6801;6801.5;6801;6801;64
20260318 052400;6801.25;6801.5;6801.25;6801.5;80
20260318 052500;6801.5;6802;6801.5;6801.75;88
20260318 052600;6802;6802.25;6801.75;6802;97
20260318 052700;6802;6802.25;6801.75;6802;118
20260318 052800;6802.25;6803;6801.75;6802;328
20260318 052900;6802;6802.5;6802;6802.25;37
20260318 053000;6802;6802.75;6802;6802.25;82
20260318 053100;6802.5;6804;6802.5;6803.75;376
20260318 053200;6803.75;6804;6803;6803.75;126
20260318 053300;6803.75;6803.75;6803.25;6803.25;88
20260318 053400;6803.25;6803.75;6803;6803.75;101
20260318 053500;6803.25;6803.5;6802;6802.25;234
20260318 053600;6802.25;6803;6802;6802.75;204
20260318 053700;6803;6803.25;6802.75;6803;51
20260318 053800;6803.25;6803.25;6802.75;6803;196
20260318 053900;6803.25;6803.25;6802.75;6803;71
20260318 054000;6803;6803.25;6803;6803;369
20260318 054100;6803;6803.25;6802.75;6802.75;173
20260318 054200;6802.5;6803.25;6802.5;6803.25;154
20260318 054300;6803.5;6804;6803.25;6803.75;99
20260318 054400;6803.75;6803.75;6803;6803.25;91
20260318 054500;6803.25;6803.75;6803;6803.5;90
20260318 054600;6803.5;6803.75;6802.75;6803;87
20260318 054700;6803;6803.25;6803;6803;85
20260318 054800;6803.25;6804;6803;6803;134
20260318 054900;6803;6803.75;6803;6803.75;71
20260318 055000;6803.75;6804.5;6803.75;6804.25;326
20260318 055100;6804.5;6804.75;6803.75;6804;189
20260318 055200;6804;6804;6803.25;6803.5;67
20260318 055300;6803.5;6803.75;6803.25;6803.5;120
20260318 055400;6803.75;6804.5;6803.5;6804.25;97
20260318 055500;6804.5;6804.75;6804.25;6804.75;51
20260318 055600;6804.5;6804.75;6804;6804;71
20260318 055700;6804.25;6804.5;6803.75;6803.75;200
20260318 055800;6803.75;6804.5;6803.75;6804.25;50
20260318 055900;6804.5;6804.75;6804;6804.25;125
20260318 060000;6804.25;6804.5;6804.25;6804.5;33
20260318 060100;6804.5;6805.5;6804;6805.25;639
20260318 060200;6805.25;6805.25;6804.75;6805;276
20260318 060300;6805.25;6805.25;6804.25;6804.25;148
20260318 060400;6804.25;6805;6804;6804.75;110
20260318 060500;6804.75;6804.75;6803.5;6804;269
20260318 060600;6803.75;6805.25;6803.75;6805;106
20260318 060700;6805;6805;6804.5;6805;83
20260318 060800;6805.25;6806.25;6805;6805.75;305
20260318 060900;6806;6806.5;6805.75;6806;174
20260318 061000;6806.25;6806.75;6805.75;6806.5;223
20260318 061100;6806.5;6806.75;6806.25;6806.25;202
20260318 061200;6806.5;6807.5;6806.25;6806.75;289
20260318 061300;6806.5;6807;6805.75;6806.5;157
20260318 061400;6806.75;6806.75;6806;6806.5;186
20260318 061500;6806;6806.25;6805.75;6805.75;178
20260318 061600;6806;6806;6804.75;6805.5;295
20260318 061700;6805.5;6805.5;6805;6805.5;127
20260318 061800;6805.5;6807.25;6805.5;6806.75;124
20260318 061900;6806.5;6808;6806.5;6808;248
20260318 062000;6807.75;6808.25;6807.25;6807.5;240
20260318 062100;6807.75;6810;6807.75;6809.5;961
20260318 062200;6809.5;6810;6809;6809.5;373
20260318 062300;6809.5;6809.75;6808;6808.5;705
20260318 062400;6808.75;6809.25;6808.5;6809;314
20260318 062500;6809;6811.5;6809;6811.25;659
20260318 062600;6811;6813.25;6811;6813;797
20260318 062700;6813.25;6813.5;6812;6813.25;266
20260318 062800;6813.25;6813.75;6812.25;6813;401
20260318 062900;6813.25;6813.75;6812.75;6813.5;338
20260318 063000;6813.5;6813.5;6812.5;6813.25;316
20260318 063100;6813;6813.75;6812.5;6813;294
20260318 063200;6813;6813;6811.5;6812;467
20260318 063300;6812.25;6813.75;6811.5;6813.25;490
20260318 063400;6813.25;6813.25;6811.75;6812.25;252
20260318 063500;6812;6812.25;6811.5;6811.5;218
20260318 063600;6811.75;6813.25;6811.5;6812;244
20260318 063700;6811.75;6812;6811.25;6811.75;171
20260318 063800;6811.75;6811.75;6810.75;6810.75;175
20260318 063900;6810.75;6811.25;6810.25;6811;263
20260318 064000;6810.75;6810.75;6810;6810;282
20260318 064100;6810;6810.5;6809.5;6810;216
20260318 064200;6810;6810.75;6809.75;6810.25;225
20260318 064300;6810.25;6811;6810.25;6810.25;219
20260318 064400;6810.25;6811;6810;6810.75;123
20260318 064500;6811;6811.25;6810.25;6810.25;117
20260318 064600;6810.25;6810.5;6809.75;6810.5;124
20260318 064700;6810.25;6810.75;6808.75;6809;214
20260318 064800;6809.25;6809.75;6808.5;6808.75;179
20260318 064900;6809;6809.25;6808.5;6808.75;127
20260318 065000;6808.75;6809.25;6808.5;6809;140
20260318 065100;6808.75;6809;6807.75;6808;186
20260318 065200;6808;6808.25;6807.25;6807.5;186
20260318 065300;6807.5;6808.5;6807.5;6807.75;305
20260318 065400;6807.75;6808.5;6807.75;6808;152
20260318 065500;6807.75;6809.25;6807.75;6809;133
20260318 065600;6808.75;6808.75;6807.5;6807.5;367
20260318 065700;6807.75;6808.5;6807.75;6808.5;74
20260318 065800;6808.25;6808.75;6808.25;6808.5;57
20260318 065900;6808.5;6808.5;6808;6808;81
20260318 070000;6808;6808;6807.5;6808;93
20260318 070100;6808;6809.5;6808;6808.25;303
20260318 070200;6808.25;6808.75;6807.5;6808.25;335
20260318 070300;6808;6808.25;6807.75;6807.75;185
20260318 070400;6808;6808;6806.25;6807.5;315
20260318 070500;6807.5;6808.25;6807.5;6808.25;179
20260318 070600;6808.25;6808.75;6807;6807.25;345
20260318 070700;6807;6807;6806;6806;303
20260318 070800;6806.25;6807.5;6806;6807.5;381
20260318 070900;6807.5;6808.5;6807.25;6807.5;470
20260318 071000;6807.75;6807.75;6807.25;6807.25;155
20260318 071100;6807.25;6808;6807;6807.75;199
20260318 071200;6808;6809;6807.75;6808.75;247
20260318 071300;6808.5;6809;6808.25;6808.75;141
20260318 071400;6808.75;6809;6808.25;6808.5;315
20260318 071500;6808.5;6809;6808.25;6809;153
20260318 071600;6808.75;6810.75;6808;6808;1104
20260318 071700;6808;6809;6807.75;6808;253
20260318 071800;6808;6809.5;6808;6809.25;155
20260318 071900;6809;6810;6809;6809.75;186
20260318 072000;6809.75;6810;6809;6809.75;84
20260318 072100;6809.5;6810.5;6809.5;6810;138
20260318 072200;6810;6810.25;6809.25;6810;130
20260318 072300;6809.5;6810.25;6809.5;6809.5;180
20260318 072400;6809.25;6809.25;6809;6809.25;89
20260318 072500;6809;6809.25;6807.5;6807.75;279
20260318 072600;6807.75;6808;6806;6806.5;493
20260318 072700;6806.75;6807.5;6806.75;6807.5;187
20260318 072800;6807.5;6808;6807.25;6808;303
20260318 072900;6807.75;6808.25;6807.25;6808;219
20260318 073000;6808;6808.5;6807.75;6807.75;179
20260318 073100;6807.75;6808.25;6807.25;6808;183
20260318 073200;6808.25;6809;6808;6808.25;191
20260318 073300;6808.25;6808.5;6807.75;6808;196
20260318 073400;6808;6809.25;6808;6809.25;213
20260318 073500;6809.25;6809.75;6808.25;6808.5;142
20260318 073600;6808.25;6808.25;6806.25;6806.25;266
20260318 073700;6806.25;6807;6806.25;6806.5;222
20260318 073800;6806.25;6807.25;6806.25;6807;291
20260318 073900;6807.25;6807.5;6806.5;6807.5;225
20260318 074000;6807.5;6807.5;6806.5;6806.5;313
20260318 074100;6806.5;6808.5;6806.5;6808.25;295
20260318 074200;6808.25;6808.5;6807.5;6807.75;120
20260318 074300;6807.75;6808.25;6807.5;6808.25;125
20260318 074400;6808.5;6809.25;6808.25;6809;272
20260318 074500;6808.75;6809;6808.5;6808.5;223
20260318 074600;6808.5;6808.75;6806.5;6806.5;460
20260318 074700;6806.5;6806.75;6805.75;6805.75;245
20260318 074800;6806;6806.5;6806;6806;260
20260318 074900;6806.25;6806.5;6805.5;6806.5;205
20260318 075000;6806.5;6806.5;6804.5;6804.75;432
20260318 075100;6804.75;6805.25;6804.25;6804.5;296
20260318 075200;6804.5;6806;6804.25;6805.5;267
20260318 075300;6805.5;6805.75;6805.25;6805.5;124
20260318 075400;6805.25;6805.75;6805;6805.25;156
20260318 075500;6805.25;6805.5;6804.5;6805;187
20260318 075600;6804.75;6805.25;6804.5;6804.75;191
20260318 075700;6805;6805;6803.25;6804.25;289
20260318 075800;6804;6804.75;6804;6804.25;211
20260318 075900;6804.25;6804.25;6802.75;6803.5;477
20260318 080000;6803.25;6803.5;6802.75;6803.5;182
20260318 080100;6803.25;6803.5;6802.25;6803;511
20260318 080200;6803.25;6805;6803.25;6805;388
20260318 080300;6805.25;6805.5;6803.75;6805;294
20260318 080400;6805.25;6807.25;6805.25;6806.75;453
20260318 080500;6807;6807;6805.5;6806.25;254
20260318 080600;6806.25;6807.5;6806.25;6807.25;336
20260318 080700;6807.25;6809.25;6807;6808.5;564
20260318 080800;6808.5;6808.75;6807.5;6808;424
20260318 080900;6807.75;6808.25;6806.5;6806.75;248
20260318 081000;6806.75;6808.5;6806.75;6807.75;274
20260318 081100;6807.75;6808.5;6807.25;6807.75;239
20260318 081200;6807.75;6810.75;6807.75;6810.25;755
20260318 081300;6810.25;6810.5;6809;6809.5;377
20260318 081400;6809.75;6809.75;6808.5;6809;282
20260318 081500;6809;6809.25;6808.5;6808.5;201
20260318 081600;6808.5;6809.75;6808.25;6809.75;254
20260318 081700;6809.75;6809.75;6805.5;6807;815
20260318 081800;6807.25;6807.5;6806.5;6807.25;169
20260318 081900;6807.25;6808.25;6806.25;6806.25;222
20260318 082000;6806.25;6807.5;6806.25;6807;226
20260318 082100;6807;6807.5;6806;6807.5;457
20260318 082200;6807.5;6807.75;6805.75;6807;268
20260318 082300;6807;6807.5;6805.75;6806.75;148
20260318 082400;6807;6808;6806.75;6807.5;124
20260318 082500;6807.5;6807.75;6805.75;6807.75;271
20260318 082600;6807.75;6808.25;6805.5;6805.75;321
20260318 082700;6805.5;6807.25;6805.5;6806.25;418
20260318 082800;6806.25;6806.5;6804.75;6806.25;711
20260318 082900;6806.5;6806.75;6805.25;6805.75;224
20260318 083000;6805.5;6806;6804;6804.5;301
20260318 083100;6804.25;6805.25;6802.5;6805.25;649
20260318 083200;6805.25;6806.5;6805;6806.5;279
20260318 083300;6806.25;6806.5;6805.75;6806.25;192
20260318 083400;6806.25;6806.75;6804.25;6804.25;351
20260318 083500;6804.25;6805.5;6802.5;6805;567
20260318 083600;6805.25;6805.5;6804.25;6804.5;487
20260318 083700;6804.75;6806.25;6804.5;6805.25;313
20260318 083800;6805.25;6806.25;6803.75;6803.75;226
20260318 083900;6803.75;6804;6802.25;6803.75;382
20260318 084000;6804;6804.5;6803.75;6804;197
20260318 084100;6804.25;6805;6803.25;6805;216
20260318 084200;6804.75;6805;6804.25;6804.5;163
20260318 084300;6804.75;6804.75;6803.25;6804.5;180
20260318 084400;6804.75;6805.25;6803;6803.25;113
20260318 084500;6803.25;6804.75;6803.25;6804.5;211
20260318 084600;6804.25;6805;6803.75;6804.5;171
20260318 084700;6804.75;6806.5;6803.75;6806.5;177
20260318 084800;6806.25;6807.25;6805.5;6807.25;229
20260318 084900;6807.25;6808.5;6806.5;6806.5;580
20260318 085000;6806.25;6807;6805.75;6806.5;255
20260318 085100;6807;6808.5;6807;6807.75;325
20260318 085200;6807.75;6808.75;6807.25;6807.75;289
20260318 085300;6808;6808;6807.25;6808;158
20260318 085400;6808;6809.25;6806.5;6807.25;324
20260318 085500;6807;6808;6807;6807.5;128
20260318 085600;6807.25;6808.25;6806.75;6808.25;140
20260318 085700;6808;6808.75;6807;6807;167
20260318 085800;6807;6807.5;6806.75;6807;262
20260318 085900;6807;6807;6805.75;6806;136
20260318 090000;6806.25;6806.75;6805.75;6806.25;173
20260318 090100;6806.25;6807.5;6805.75;6807.5;254
20260318 090200;6807.25;6808.25;6805;6805.5;314
20260318 090300;6805.75;6806;6805.25;6805.25;201
20260318 090400;6805.5;6806.5;6805.25;6806;272
20260318 090500;6806;6807;6805.75;6806.75;144
20260318 090600;6806.5;6806.5;6805;6806;181
20260318 090700;6806;6807.25;6805.75;6807;177
20260318 090800;6807.25;6809;6807;6808.5;248
20260318 090900;6808.75;6809.5;6807.75;6807.75;365
20260318 091000;6807.5;6808;6806.75;6807.5;160
20260318 091100;6807.25;6807.75;6806;6807;278
20260318 091200;6807;6807;6805.5;6805.5;271
20260318 091300;6805.5;6807.25;6804.25;6804.5;625
20260318 091400;6804.75;6805;6804;6804.25;185
20260318 091500;6804;6804.25;6803;6803;441
20260318 091600;6803;6804;6803;6804;273
20260318 091700;6804;6807.25;6803.75;6807;417
20260318 091800;6807;6807.25;6805;6805.5;415
20260318 091900;6805.75;6807.25;6805.5;6806.5;223
20260318 092000;6806.5;6808.25;6806.5;6807.5;237
20260318 092100;6807.5;6809;6807.25;6809;334
20260318 092200;6808.75;6809.75;6808.75;6809.25;239
20260318 092300;6809.25;6809.75;6808.75;6808.75;286
20260318 092400;6808.5;6808.5;6807;6807.75;418
20260318 092500;6808;6808.25;6806.25;6807;214
20260318 092600;6807.25;6808.5;6806.25;6808;213
20260318 092700;6808.25;6808.25;6807.25;6808.25;167
20260318 092800;6808.25;6808.25;6807.5;6807.75;202
20260318 092900;6807.5;6807.5;6806.75;6807.5;133
20260318 093000;6807.5;6808;6807.25;6807.75;130
20260318 093100;6808;6808.5;6807.5;6807.75;204
20260318 093200;6807.75;6808;6806.5;6808;161
20260318 093300;6807.75;6807.75;6807;6807.5;172
20260318 093400;6807.5;6807.75;6807;6807.25;269
20260318 093500;6807.25;6808.25;6807.25;6808;312
20260318 093600;6808;6808;6807.5;6807.75;132
20260318 093700;6807.5;6807.75;6807.25;6807.75;117
20260318 093800;6807.5;6808.5;6807.25;6808.5;112
20260318 093900;6808.5;6809.75;6808.5;6809.5;244
20260318 094000;6809.25;6809.25;6807.5;6808;229
20260318 094100;6808;6808.25;6807;6807;159
20260318 094200;6807.25;6808.75;6807;6808.5;171
20260318 094300;6808.5;6809.75;6808.5;6809.5;247
20260318 094400;6809.25;6809.75;6809;6809.5;184
20260318 094500;6809.75;6809.75;6809.25;6809.25;116
20260318 094600;6809.25;6810;6809.25;6809.25;171
20260318 094700;6809.25;6809.25;6807.25;6808;373
20260318 094800;6808;6808.25;6807.5;6808;249
20260318 094900;6807.75;6808.25;6807.25;6808.25;295
20260318 095000;6808.25;6809.5;6808.25;6809;300
20260318 095100;6808.75;6809.5;6808.75;6809.25;162
20260318 095200;6809.25;6809.25;6808;6808.25;118
20260318 095300;6808;6808;6806;6806.75;237
20260318 095400;6806.5;6807;6805.75;6806.25;300
20260318 095500;6806;6806.25;6805.75;6806.25;199
20260318 095600;6806.25;6807.25;6806.25;6806.25;193
20260318 095700;6806.25;6806.25;6805;6805;262
20260318 095800;6805;6806.75;6805;6806;417
20260318 095900;6806;6806.5;6805.75;6806.5;95
20260318 100000;6806.5;6807;6806;6806;158
20260318 100100;6806;6806.5;6805.5;6805.5;656
20260318 100200;6805.5;6806.75;6804.75;6805;223
20260318 100300;6805;6805.75;6804.25;6804.75;390
20260318 100400;6805;6805.75;6804.75;6805;441
20260318 100500;6805;6805.5;6804;6804.5;339
20260318 100600;6804.5;6805.5;6804.5;6805.25;287
20260318 100700;6805.5;6806.75;6805.5;6806.25;202
20260318 100800;6806.5;6807.5;6806.5;6807.25;282
20260318 100900;6807.25;6807.75;6807;6807;220
20260318 101000;6807.25;6808.5;6807.25;6808.25;180
20260318 101100;6808;6808;6807.5;6808;190
20260318 101200;6807.75;6808;6807;6807.5;169
20260318 101300;6807.75;6808.25;6807.25;6807.75;119
20260318 101400;6807.5;6808.25;6807.25;6808;99
20260318 101500;6807.75;6808.75;6807.75;6808.75;108
20260318 101600;6808.5;6808.5;6807.25;6808;212
20260318 101700;6808;6808.75;6808;6808.75;336
20260318 101800;6808.75;6809.75;6808.75;6809.5;516
20260318 101900;6809.5;6810.5;6809;6810.5;288
20260318 102000;6810.5;6811.75;6810.5;6810.75;737
20260318 102100;6810.75;6811.75;6810.5;6811.25;387
20260318 102200;6811.5;6811.5;6810;6810.5;336
20260318 102300;6810.5;6811;6810.25;6810.5;119
20260318 102400;6810.5;6810.75;6809.75;6809.75;359
20260318 102500;6809.75;6810;6809.5;6810;235
20260318 102600;6809.75;6811.25;6809.5;6811.25;470
20260318 102700;6811;6811.25;6809.75;6809.75;147
20260318 102800;6809.75;6810.25;6809;6810.25;146
20260318 102900;6810.25;6810.75;6810;6810;146
20260318 103000;6809.75;6810;6808.75;6809;160
20260318 103100;6808.75;6811;6808.75;6810.5;471
20260318 103200;6810.5;6810.5;6809.5;6809.5;181
20260318 103300;6809.25;6809.75;6808.5;6809.25;174
20260318 103400;6809;6810;6809;6810;147
20260318 103500;6809.75;6810.25;6809.75;6809.75;128
20260318 103600;6809.75;6810.25;6809.5;6809.75;327
20260318 103700;6809.75;6810;6809;6809.25;145
20260318 103800;6809.5;6810;6809.25;6809.25;189
20260318 103900;6809;6809.25;6808.5;6808.75;113
20260318 104000;6808.75;6809.5;6808.5;6808.75;186
20260318 104100;6808.75;6808.75;6806.75;6807;471
20260318 104200;6807;6807.75;6807;6807.5;166
20260318 104300;6807.5;6808;6807;6807.75;386
20260318 104400;6807.75;6808.5;6807.75;6808.25;174
20260318 104500;6808;6808.25;6807.25;6807.5;265
20260318 104600;6807.5;6808;6807;6807.5;255
20260318 104700;6807.75;6807.75;6807.25;6807.25;184
20260318 104800;6807.25;6807.5;6805.75;6805.75;318
20260318 104900;6805.75;6806.5;6805.5;6806.25;276
20260318 105000;6806.25;6808;6806;6807.75;195
20260318 105100;6807.75;6807.75;6806.25;6806.5;292
20260318 105200;6806.5;6807;6806.5;6806.75;108
20260318 105300;6806.5;6806.5;6805.5;6805.5;287
20260318 105400;6805.5;6805.5;6804;6804.5;574
20260318 105500;6804.5;6805;6803.75;6804;312
20260318 105600;6803.75;6804;6803;6803.25;308
20260318 105700;6803;6804.25;6803;6803.75;250
20260318 105800;6803.75;6804.25;6802.75;6803.25;417
20260318 105900;6803.25;6804.25;6803;6804;385
20260318 110000;6803.75;6804.25;6803.25;6803.25;176
20260318 110100;6803;6803.5;6801;6801.25;1000
20260318 110200;6801.25;6802.25;6800.25;6801.75;625
20260318 110300;6801.75;6803;6801.5;6802.25;457
20260318 110400;6802.25;6803.25;6801.75;6801.75;515
20260318 110500;6801.75;6802.25;6800.75;6802;281
20260318 110600;6802;6802.5;6801.5;6802;224
20260318 110700;6802;6802.25;6801.25;6801.25;352
20260318 110800;6801.25;6801.5;6800.5;6800.75;219
20260318 110900;6801;6802;6800.75;6801.75;309
20260318 111000;6802;6802.75;6801;6802.75;267
20260318 111100;6802.75;6804;6802.5;6803.75;489
20260318 111200;6804;6804.5;6803.25;6803.5;435
20260318 111300;6803.5;6805.25;6803.5;6804.5;337
20260318 111400;6804.5;6806.5;6804.5;6806.25;545
20260318 111500;6806.25;6806.25;6804.25;6804.5;768
20260318 111600;6804.5;6805;6804.25;6804.5;271
20260318 111700;6804.5;6805;6804.25;6805;287
20260318 111800;6805.25;6806.5;6805;6806.25;410
20260318 111900;6806.25;6806.75;6805.75;6806;162
20260318 112000;6806.25;6807;6806;6806.75;372
20260318 112100;6806.75;6806.75;6805.75;6806.25;317
20260318 112200;6806.25;6807;6806;6807;281
20260318 112300;6807;6807.25;6805.5;6805.75;477
20260318 112400;6805.75;6806.25;6803.75;6805.75;1008
20260318 112500;6806;6806.5;6803.5;6804.5;1259
20260318 112600;6804.75;6804.75;6801.25;6801.75;2231
20260318 112700;6801.5;6802.75;6794.25;6794.25;2606
20260318 112800;6794.5;6796.25;6791;6792.75;4371
20260318 112900;6792.5;6795.5;6792.25;6792.5;2383
20260318 113000;6792.25;6793.75;6789;6789.75;2456
20260318 113100;6789.5;6791.75;6787.5;6788.25;3096
20260318 113200;6788.5;6793.25;6788.25;6793.25;2415
20260318 113300;6793.25;6796;6793;6794.75;1491
20260318 113400;6794.75;6795;6793;6795;904
20260318 113500;6795;6795.75;6793;6793.75;1162
20260318 113600;6793.75;6795.5;6792.75;6792.75;901
20260318 113700;6793;6794.25;6791;6791.75;932
20260318 113800;6791.75;6793.25;6791;6791.75;742
20260318 113900;6792;6794.75;6791;6794.5;1143
20260318 114000;6794.25;6795.25;6793.25;6794.25;828
20260318 114100;6794.25;6797.5;6793.75;6797;955
20260318 114200;6797;6799.5;6796.5;6799.5;927
20260318 114300;6799.5;6799.75;6798.5;6799;791
20260318 114400;6799.25;6801.5;6798.75;6801.5;812
20260318 114500;6801.5;6801.75;6798.25;6799;1386
20260318 114600;6798.75;6799.75;6798;6799.5;597
20260318 114700;6799.5;6799.75;6796.25;6796.25;673
20260318 114800;6796.5;6798.75;6795.75;6797.75;955
20260318 114900;6797.5;6799;6796.25;6797;906
20260318 115000;6797;6798.5;6796.25;6798.25;763
20260318 115100;6798.25;6798.25;6795.75;6796;1144
20260318 115200;6795.75;6798.75;6795.75;6796.5;690
20260318 115300;6796.75;6797.75;6795.25;6795.25;793
20260318 115400;6795.5;6795.75;6794.25;6795.5;966
20260318 115500;6795.5;6795.75;6793.5;6794.25;623
20260318 115600;6794;6797.5;6793.25;6795.5;2937
20260318 115700;6795.25;6796.5;6793.75;6795.75;2082
20260318 115800;6795.75;6796.25;6793.75;6795.5;851
20260318 115900;6795.5;6795.5;6792.25;6792.5;1268
20260318 120000;6792.75;6793.75;6792;6793;1074
20260318 120100;6792.75;6794.5;6791.5;6792.5;1276
20260318 120200;6792.25;6792.25;6788.75;6789;1608
20260318 120300;6789;6790.25;6788;6789.5;1266
20260318 120400;6789.25;6789.75;6785;6786;2220
20260318 120500;6786;6786.25;6783.25;6784.75;2045
20260318 120600;6784.5;6785.25;6783.25;6784.5;1693
20260318 120700;6784.25;6786.5;6782.75;6782.75;2026
20260318 120800;6783;6783.75;6782;6783;1321
20260318 120900;6783;6783.75;6781.5;6782.75;1074
20260318 121000;6782.75;6783.25;6780.25;6781;1685
20260318 121100;6781;6781.5;6779;6779.5;1554
20260318 121200;6779.75;6782.5;6779.75;6782;1863
20260318 121300;6781.5;6782.5;6776.5;6778.25;1786
20260318 121400;6778;6778.5;6775.75;6775.75;1490
20260318 121500;6775.75;6779.5;6774.75;6779.25;2112
20260318 121600;6779.25;6780.25;6777.25;6779.25;1246
20260318 121700;6779.25;6779.5;6772.25;6772.5;4465
20260318 121800;6772.75;6774.25;6771.75;6774.25;2176
20260318 121900;6774.25;6774.75;6771.75;6771.75;1461
20260318 122000;6771.75;6771.75;6767.5;6768;2700
20260318 122100;6768.25;6770.75;6767.25;6769.5;2643
20260318 122200;6769.25;6771.75;6769;6770.75;1996
20260318 122300;6770.75;6772.5;6768.5;6769.25;2151
20260318 122400;6769.5;6773;6769.25;6771.75;1404
20260318 122500;6771.75;6773;6770.25;6771;1441
20260318 122600;6771;6772.25;6769.25;6769.25;1442
20260318 122700;6769.25;6771.5;6768.5;6771.25;1527
20260318 122800;6771.5;6772.5;6771.25;6771.5;1107
20260318 122900;6771.5;6774;6770.75;6773.25;1140
20260318 123000;6773;6776;6773;6773.5;1535
20260318 123100;6773.75;6774.25;6762.5;6763.5;3681
20260318 123200;6763.75;6765.5;6760;6760.25;2595
20260318 123300;6760.5;6761.25;6756.5;6757.25;2695
20260318 123400;6757;6757.75;6753.75;6755.75;2884
20260318 123500;6755.75;6758.75;6755.5;6757.5;2604
20260318 123600;6757.5;6761.25;6757.5;6758.25;1924
20260318 123700;6758.5;6759.5;6756.25;6759;1741
20260318 123800;6759;6760;6757.25;6758.5;1079
20260318 123900;6758.25;6761.75;6758.25;6760.75;1321
20260318 124000;6760.75;6764;6760.75;6763.75;1674
20260318 124100;6763.5;6766.75;6763.5;6764;2205
20260318 124200;6764.25;6766.5;6764;6765.5;956
20260318 124300;6765.5;6766;6750.5;6751.75;8782
20260318 124400;6751.75;6755.25;6746;6748;6088
20260318 124500;6747.75;6749.25;6742;6746;4962
20260318 124600;6746;6748.75;6744;6745.25;3102
20260318 124700;6745;6745.75;6741.5;6742.5;2531
20260318 124800;6742.75;6745.5;6741.25;6744.5;2619
20260318 124900;6744.5;6747.25;6737.25;6738.25;5603
20260318 125000;6738.25;6741.5;6736.75;6739.25;2996
20260318 125100;6739;6743;6734.75;6739.25;3678
20260318 125200;6739;6744;6738.5;6742.75;3029
20260318 125300;6742.5;6745;6741.5;6742.75;2618
20260318 125400;6742.5;6744;6738.5;6739.5;3535
20260318 125500;6739.25;6740.25;6736;6737.25;2794
20260318 125600;6737.5;6743.5;6737;6741.75;3461
20260318 125700;6741.5;6744;6741.5;6742;1913
20260318 125800;6742.25;6744.5;6736.5;6737;4226
20260318 125900;6737.5;6739.75;6733.75;6736.5;3088
20260318 130000;6736.75;6738;6734.75;6737;2090
20260318 130100;6737;6740;6735.75;6737;3753
20260318 130200;6737;6737.5;6732;6732.75;2678
20260318 130300;6732.5;6738.25;6732;6737.5;2466
20260318 130400;6737.5;6742;6737.25;6740.25;2414
20260318 130500;6740.25;6742.25;6738.5;6738.75;1798
20260318 130600;6738.75;6741.25;6737.25;6737.75;1930
20260318 130700;6737.5;6738.75;6736.25;6738.25;1401
20260318 130800;6738.25;6743;6738.25;6741.5;1494
20260318 130900;6741.75;6741.75;6739.5;6740.25;1588
20260318 131000;6740.25;6741;6737.75;6739.5;1530
20260318 131100;6739.75;6740.25;6737.5;6739.25;1310
20260318 131200;6739.25;6742.5;6738.75;6741.5;1290
20260318 131300;6741.5;6742.5;6739.25;6739.5;1374
20260318 131400;6739.75;6741.5;6739.25;6739.25;1190
20260318 131500;6739.5;6743;6739;6739.25;1023
20260318 131600;6739.25;6740;6737.75;6738;1150
20260318 131700;6738.25;6738.5;6734.25;6736;2000
20260318 131800;6736;6741.25;6735.25;6741.25;1530
20260318 131900;6741.25;6741.25;6738;6738.75;1335
20260318 132000;6738.75;6741.75;6738.75;6739.25;1253
20260318 132100;6739;6742;6738.75;6741.25;1120
20260318 132200;6741.25;6744.25;6741.25;6742.75;1455
20260318 132300;6742.75;6744.25;6741.25;6743;1336
20260318 132400;6743;6744.25;6742.25;6742.75;1365
20260318 132500;6742.75;6742.75;6739.75;6741.75;1630
20260318 132600;6742;6747;6742;6746.5;3031
20260318 132700;6746.5;6749.75;6746.25;6749;3249
20260318 132800;6748.75;6749.75;6748;6749;1163
20260318 132900;6748.75;6748.75;6745.25;6746.5;1787
20260318 133000;6746.5;6747.25;6744.75;6746.25;1404
20260318 133100;6746.5;6753.75;6742.5;6742.75;14472
20260318 133200;6742.5;6748.5;6741.75;6748;8618
20260318 133300;6747.75;6753.75;6745.25;6751;6878
20260318 133400;6751.25;6751.25;6747.5;6749;5906
20260318 133500;6749;6750.75;6747.75;6750.75;4009
20260318 133600;6750.5;6752.75;6748;6751.5;5721
20260318 133700;6751.25;6752.25;6748.75;6750.5;4016
20260318 133800;6750.5;6755.75;6749.75;6753;5973
20260318 133900;6753;6755.5;6750.5;6755;4939
20260318 134000;6755;6755.75;6752;6754;3532
20260318 134100;6754;6757;6753.25;6757;4476
20260318 134200;6757;6758.5;6753.75;6754.5;4730
20260318 134300;6754.75;6758.5;6754;6756.5;3539
20260318 134400;6756.25;6756.75;6746.75;6748.25;5721
20260318 134500;6748.25;6750.5;6745.25;6750.25;4507
20260318 134600;6750;6751.75;6748.25;6751.5;4984
20260318 134700;6751.5;6759.75;6748;6759.25;8786
20260318 134800;6759;6759.25;6755.25;6758;4805
20260318 134900;6758;6759.25;6752.25;6752.75;4049
20260318 135000;6752.5;6757.5;6752.25;6753.75;4382
20260318 135100;6753.75;6756.25;6751.5;6752.25;4640
20260318 135200;6752.25;6754;6748.25;6749;4984
20260318 135300;6749;6755.5;6748.75;6755;4750
20260318 135400;6755.25;6755.5;6750;6751;3539
20260318 135500;6751;6753.5;6748.75;6750.5;3418
20260318 135600;6750.25;6754.25;6749.75;6750.25;3687
20260318 135700;6750.5;6751;6747.5;6749.5;4751
20260318 135800;6749.5;6750.25;6746.25;6747.5;4402
20260318 135900;6747.25;6754.25;6747.25;6754.25;3077
20260318 140000;6754.25;6756;6752.75;6755.75;2380
20260318 140100;6755.5;6757.25;6749.5;6749.5;4325
20260318 140200;6749.75;6754.5;6749.75;6752.75;3336
20260318 140300;6752.5;6753.75;6745;6745.25;3991
20260318 140400;6745.5;6749;6742;6748.5;6389
20260318 140500;6748.25;6751.75;6747.25;6747.5;3998
20260318 140600;6747.75;6750;6745.25;6745.5;4085
20260318 140700;6745.5;6751.5;6744.75;6750.25;3523
20260318 140800;6750.5;6754.75;6746.75;6754.5;4823
20260318 140900;6754.5;6757;6752.25;6756.5;3889
20260318 141000;6756.5;6756.5;6751.5;6751.5;2924
20260318 141100;6751.5;6752.25;6744.75;6745;5136
20260318 141200;6745;6746.25;6742.25;6743;4517
20260318 141300;6743.25;6745;6740.75;6742;3997
20260318 141400;6742.25;6744.25;6735;6735.25;6332
20260318 141500;6735.25;6737.25;6734;6734.25;4843
20260318 141600;6734.25;6739.75;6733.75;6737.25;5260
20260318 141700;6737;6741.25;6736;6738.25;4239
20260318 141800;6738.5;6738.75;6736;6738.75;3092
20260318 141900;6738.25;6740;6737;6737.75;2357
20260318 142000;6738;6740;6736.75;6738;2333
20260318 142100;6738;6739.75;6736.25;6736.5;2677
20260318 142200;6736.5;6738.75;6736.25;6737.5;2043
20260318 142300;6737.25;6739.5;6735.5;6735.5;2879
20260318 142400;6735.5;6737.5;6734.75;6736.75;2356
20260318 142500;6736.5;6737.75;6734.5;6735.5;2232
20260318 142600;6735.5;6736.25;6728.75;6729;6280
20260318 142700;6729.25;6730;6721.5;6722.25;8350
20260318 142800;6722.25;6724.5;6721.5;6721.5;4649
20260318 142900;6721.75;6722.75;6719.25;6720.5;4918
20260318 143000;6720.5;6723.75;6720.5;6721.75;4002
20260318 143100;6721.75;6725.5;6721;6724.75;5557
20260318 143200;6724.75;6726.5;6723.25;6723.25;4032
20260318 143300;6723.5;6727.75;6723.5;6727.5;3733
20260318 143400;6727.25;6732;6725.75;6730.5;5594
20260318 143500;6730.5;6731;6723.75;6724.5;3752
20260318 143600;6724.25;6726.75;6722.75;6723.5;3148
20260318 143700;6723.5;6725.5;6723;6724.25;2333
20260318 143800;6724;6724.25;6721.75;6723;2233
20260318 143900;6723;6728;6722.75;6727.5;3489
20260318 144000;6727.5;6728;6723;6723.25;2457
20260318 144100;6723.25;6724.25;6721.25;6722.75;2745
20260318 144200;6722.75;6723.5;6721.5;6722;2132
20260318 144300;6722.25;6725.25;6721.75;6722.5;3425
20260318 144400;6722.5;6722.75;6719.5;6720.5;4050
20260318 144500;6720.5;6723.25;6719.5;6721.5;3248
20260318 144600;6721.25;6727;6721.25;6725.25;5085
20260318 144700;6725.25;6726;6723.5;6723.5;2585
20260318 144800;6723.75;6726.75;6722.75;6726.25;2853
20260318 144900;6726.25;6726.5;6720;6720.25;3137
20260318 145000;6720.25;6721.5;6718.75;6721.5;3911
20260318 145100;6721.25;6724;6721;6723.75;3302
20260318 145200;6724;6726;6723.25;6724;3208
20260318 145300;6724;6724.25;6720.75;6721.25;2904
20260318 145400;6721;6724.5;6720.75;6724.25;2145
20260318 145500;6724.25;6726.25;6724;6724.5;2983
20260318 145600;6724.25;6726.5;6723.75;6726;2532
20260318 145700;6726;6727;6725;6726.5;3144
20260318 145800;6726.5;6729;6726.25;6727.75;4175
20260318 145900;6727.75;6731.5;6726.75;6731;3606
20260318 150000;6731;6734.25;6730;6733.75;5273
20260318 150100;6734;6739.75;6733.5;6739;8991
20260318 150200;6739.25;6739.75;6734.75;6735.25;6715
20260318 150300;6735.5;6735.75;6729.75;6732;6235
20260318 150400;6732;6734;6730.25;6733;3513
20260318 150500;6733.25;6734.75;6732.25;6734.75;2788
20260318 150600;6734.5;6737.75;6734;6737.25;3949
20260318 150700;6737;6741.25;6735;6741;4244
20260318 150800;6741.25;6743;6740;6742.5;6566
20260318 150900;6742.5;6743;6739.75;6741;4199
20260318 151000;6740.75;6742.75;6739;6742.5;3796
20260318 151100;6742.5;6742.75;6738.25;6739;4001
20260318 151200;6739.25;6741.25;6738;6740.75;4343
20260318 151300;6740.75;6741.75;6739;6741.75;3400
20260318 151400;6741.75;6742.5;6739.25;6740.5;4266
20260318 151500;6740.5;6741.25;6736.25;6737.75;3856
20260318 151600;6738;6740;6737;6738.25;3516
20260318 151700;6738.25;6739.5;6736.75;6737;2480
20260318 151800;6737;6738.25;6736;6737;2412
20260318 151900;6737;6739;6732.75;6733;4547
20260318 152000;6732.75;6733.5;6730.25;6731.25;4502
20260318 152100;6731;6733.25;6728;6728;4710
20260318 152200;6728;6729;6726.25;6727.25;3928
20260318 152300;6727.25;6730.5;6726.75;6729.75;3215
20260318 152400;6730;6733.25;6729.5;6732.25;3185
20260318 152500;6732.25;6734.25;6731;6733.75;3539
20260318 152600;6733.75;6735.5;6732.5;6733;3380
20260318 152700;6733;6735;6733;6733.25;2006
20260318 152800;6733.25;6735.25;6732.25;6734.75;2197
20260318 152900;6735;6735.25;6733.5;6734.25;2369
20260318 153000;6734;6734.5;6731.25;6731.75;2273
20260318 153100;6731.5;6734;6730.75;6732.5;3395
20260318 153200;6732.75;6733.25;6730.5;6731.75;2177
20260318 153300;6731.75;6736;6731.5;6735.5;2473
20260318 153400;6735.5;6739;6734.75;6738.75;3587
20260318 153500;6738.75;6738.75;6735.5;6735.75;3206
20260318 153600;6735.75;6736.5;6733;6735.75;2888
20260318 153700;6735.75;6736.5;6734.75;6735.5;1861
20260318 153800;6735.5;6737.75;6735;6736.5;1859
20260318 153900;6736.75;6738.25;6736;6737.25;1711
20260318 154000;6737.25;6737.75;6735.25;6736;1800
20260318 154100;6736;6736.5;6733.5;6733.5;2085
20260318 154200;6733.25;6736.25;6730.25;6730.75;4302
20260318 154300;6730.75;6732;6729.75;6730.75;3459
20260318 154400;6730.75;6733.75;6730.75;6733.25;2412
20260318 154500;6733.25;6734;6732.5;6733.75;1759
20260318 154600;6733.5;6735.25;6732.75;6734;2372
20260318 154700;6734;6735.25;6729.25;6730;2908
20260318 154800;6729.75;6735.75;6729.75;6735.75;2282
20260318 154900;6735.75;6736.25;6733.25;6734;2583
20260318 155000;6733.75;6734;6730;6731.25;2661
20260318 155100;6731;6733.75;6730;6730.5;2162
20260318 155200;6730.75;6733.25;6729.5;6729.75;2404
20260318 155300;6729.75;6734.75;6729;6734.5;2883
20260318 155400;6734.5;6735;6730.5;6731.25;1727
20260318 155500;6731.25;6736;6731.25;6736;2363
20260318 155600;6735.75;6737;6734.25;6736.75;3544
20260318 155700;6736.5;6737.25;6733;6735;2357
20260318 155800;6735;6735.25;6731.75;6732;2004
20260318 155900;6732;6737;6731.75;6737;2280
20260318 160000;6736.75;6737;6732.75;6733.25;2066
20260318 160100;6733;6733.25;6728.25;6728.75;3732
20260318 160200;6728.5;6730;6727.75;6728.75;2512
20260318 160300;6728.5;6729.5;6727.75;6728.5;2630
20260318 160400;6728.5;6731;6728.25;6730;2309
20260318 160500;6730;6731.5;6729.75;6731.25;2314
20260318 160600;6731.25;6731.5;6728.5;6729;2028
20260318 160700;6729;6731.75;6728.75;6731.25;1678
20260318 160800;6731.5;6732.25;6730.25;6731;1302
20260318 160900;6731;6733.25;6729.75;6731.5;3209
20260318 161000;6731.75;6731.75;6729.25;6729.5;1786
20260318 161100;6729.5;6730.75;6727.25;6729.75;2088
20260318 161200;6729.75;6732;6729.25;6730.5;1891
20260318 161300;6730.5;6733.25;6730.5;6732.75;1956
20260318 161400;6732.5;6736.5;6731.5;6736;2889
20260318 161500;6736;6737;6735;6735.75;3085
20260318 161600;6735.75;6736;6732.25;6732.25;3127
20260318 161700;6732;6735;6730.5;6734.75;2916
20260318 161800;6734.75;6736.5;6734.5;6735.25;2744
20260318 161900;6735.5;6736.25;6733.5;6735.25;1860
20260318 162000;6735.25;6736;6733.5;6736;1850
20260318 162100;6736.25;6738.75;6735;6736;3391
20260318 162200;6736.25;6737;6735.5;6736;1715
20260318 162300;6735.75;6737.25;6734.5;6736.75;1895
20260318 162400;6736.75;6738;6735.25;6737;1635
20260318 162500;6737.25;6737.25;6735.5;6736.75;1425
20260318 162600;6736.75;6737.25;6732.5;6733.5;2714
20260318 162700;6733.5;6735;6733.25;6734;1794
20260318 162800;6734;6735.75;6734;6734.5;1431
20260318 162900;6734.5;6735;6732.75;6733.75;1879
20260318 163000;6733.75;6735.5;6733.25;6733.25;1683
20260318 163100;6733.5;6734;6731.75;6732.25;2456
20260318 163200;6732.25;6735.75;6732;6733.75;1911
20260318 163300;6733.75;6734.5;6731.5;6734;1963
20260318 163400;6734;6734.25;6727;6729.25;6434
20260318 163500;6729.5;6730.75;6725.25;6725.75;4750
20260318 163600;6725.75;6726.5;6720.5;6720.75;5660
20260318 163700;6721;6725;6721;6725;3829
20260318 163800;6725.25;6728.75;6725;6727.75;3277
20260318 163900;6727.5;6728.75;6726;6728.25;2335
20260318 164000;6728;6730.75;6727.5;6729.5;3847
20260318 164100;6729.5;6729.5;6726.5;6726.75;2111
20260318 164200;6726.75;6729.25;6726;6729.25;1370
20260318 164300;6729.25;6731;6728.5;6729.25;2137
20260318 164400;6729.25;6729.75;6727.5;6728.75;1807
20260318 164500;6728.75;6729;6726.75;6727.5;1391
20260318 164600;6727.25;6727.25;6724.75;6726;2103
20260318 164700;6726.25;6728.25;6725.25;6727.75;1410
20260318 164800;6727.5;6728;6726.75;6726.75;955
20260318 164900;6727;6729.75;6727;6727.5;1567
20260318 165000;6727.5;6728.75;6727.25;6728.5;740
20260318 165100;6728.25;6728.25;6726.5;6728;1330
20260318 165200;6728;6729.25;6727.5;6728.75;1148
20260318 165300;6728.5;6731.25;6727;6731;2181
20260318 165400;6730.75;6733.75;6730.5;6733.75;3132
20260318 165500;6733.5;6733.5;6731.5;6732.5;1469
20260318 165600;6732.75;6733.75;6731.75;6733.75;1332
20260318 165700;6733.5;6734.5;6731.5;6734.5;1456
20260318 165800;6734.5;6734.75;6732;6733;1375
20260318 165900;6733;6733.25;6730.75;6730.75;1722
20260318 170000;6730.75;6732;6727;6728;2763
20260318 170100;6727.75;6729;6726;6726.25;2405
20260318 170200;6726.5;6726.75;6719.75;6720.5;5324
20260318 170300;6720.75;6723;6720.75;6722.75;2778
20260318 170400;6722.75;6724.25;6722.75;6723;2070
20260318 170500;6723;6725.75;6722.75;6725.25;1618
20260318 170600;6725.25;6725.75;6723;6723.25;1395
20260318 170700;6723;6726.5;6721.75;6726.25;2155
20260318 170800;6726.25;6726.5;6724.75;6726.5;1648
20260318 170900;6726.5;6726.75;6721.75;6722;1472
20260318 171000;6722;6722.75;6721;6721.75;1702
20260318 171100;6721.75;6723.5;6721.5;6722.25;1471
20260318 171200;6722;6722.25;6716.5;6717;4455
20260318 171300;6717.25;6719.5;6717;6719.25;2597
20260318 171400;6719.25;6720.75;6718.5;6719;1935
20260318 171500;6719;6719.75;6718;6718.5;1389
20260318 171600;6718.5;6720.5;6717.75;6718.5;1842
20260318 171700;6718.5;6720.25;6716.5;6718.75;2198
20260318 171800;6718.75;6721.5;6718.75;6720.25;1947
20260318 171900;6720;6721.5;6719.5;6721;1517
20260318 172000;6721;6722.5;6721;6721.75;2028
20260318 172100;6722;6722.75;6720.5;6721.5;1750
20260318 172200;6721.5;6724;6721;6721.75;1463
20260318 172300;6721.5;6723;6720.75;6721.25;1107
20260318 172400;6721;6723;6720.75;6722.5;1048
20260318 172500;6722.5;6723.5;6721.25;6723;1522
20260318 172600;6723;6723.25;6719.75;6720.25;1600
20260318 172700;6720.25;6721.5;6719.25;6721.25;1408
20260318 172800;6721.5;6722;6720.25;6721.75;768
20260318 172900;6721.75;6721.75;6719.75;6721;1146
20260318 173000;6721;6721.5;6720.25;6720.75;911
20260318 173100;6721;6722.25;6717.5;6717.75;2853
20260318 173200;6718;6718;6715.25;6715.75;3749
20260318 173300;6715.75;6721;6715.75;6720.25;2874
20260318 173400;6720.25;6720.75;6719;6720.25;1438
20260318 173500;6720;6722.75;6719.5;6722.5;2172
20260318 173600;6722.75;6726.5;6722.5;6725.75;3257
20260318 173700;6725.75;6726.25;6723;6726.25;2371
20260318 173800;6726.25;6727.25;6725.25;6726.25;2481
20260318 173900;6726.25;6727;6725.25;6726.5;1527
20260318 174000;6726.5;6728;6725.5;6726.25;2291
20260318 174100;6726.5;6726.5;6723.5;6723.75;2205
20260318 174200;6724;6724.5;6722;6723.75;2506
20260318 174300;6723.75;6723.75;6720.5;6722.5;2549
20260318 174400;6722.5;6723.25;6720.75;6721.25;1975
20260318 174500;6721.5;6723.25;6720.75;6721.75;1743
20260318 174600;6721.75;6725;6721;6724.75;2617
20260318 174700;6724.75;6728.5;6724.25;6728.5;4012
20260318 174800;6728.5;6729.25;6726.75;6728.75;2832
20260318 174900;6728.75;6729;6724.75;6726.75;2042
20260318 175000;6726.75;6727.5;6723.5;6724.25;2078
20260318 175100;6724;6724;6721.75;6722.75;2179
20260318 175200;6722.5;6727.5;6722.5;6727.25;1825
20260318 175300;6727.25;6727.25;6725;6725.5;1204
20260318 175400;6725.75;6725.75;6723.25;6724.5;1382
20260318 175500;6724.5;6728.25;6724.5;6728;1267
20260318 175600;6728.25;6728.5;6725.75;6726.75;1282
20260318 175700;6726.75;6729.25;6726.25;6729.25;891
20260318 175800;6729;6730.25;6727.75;6729.75;1273
20260318 175900;6729.5;6731.5;6728.25;6731.5;1142
20260318 180000;6731.25;6731.5;6728.5;6729.5;701
20260318 180100;6730.75;6738;6728.75;6735;3365
20260318 180200;6735.25;6737.5;6730.25;6733.25;4619
20260318 180300;6732.75;6734.25;6729.25;6732;2184
20260318 180400;6732;6732.5;6727.5;6730.75;2275
20260318 180500;6730.5;6736.25;6730.25;6734;2233
20260318 180600;6733.75;6734;6728.5;6729;3289
20260318 180700;6728.75;6732;6728;6728.75;2851
20260318 180800;6729;6730.75;6727.25;6729.5;2310
20260318 180900;6729.25;6731;6728.5;6731;1522
20260318 181000;6730.5;6730.75;6727.5;6727.75;1374
20260318 181100;6728;6730.5;6724.75;6725;2961
20260318 181200;6725;6727.5;6724.5;6725.75;2115
20260318 181300;6725.75;6729;6725;6728.75;1808
20260318 181400;6728.5;6730.25;6727.5;6730;1636
20260318 181500;6730.25;6730.5;6726.5;6728.25;2032
20260318 181600;6728.5;6728.5;6716.5;6717;9918
20260318 181700;6717;6722.75;6717;6720.75;4969
20260318 181800;6721;6726;6719.5;6719.5;4266
20260318 181900;6719.75;6720.75;6718.25;6719.25;3000
20260318 182000;6719.5;6721;6718.25;6719;1974
20260318 182100;6719;6722.5;6719;6720;2360
20260318 182200;6720.25;6721;6717.75;6718.5;2358
20260318 182300;6718.25;6720;6717;6719;1593
20260318 182400;6719;6720;6717.5;6718;1531
20260318 182500;6718.25;6720.5;6716;6720.25;2811
20260318 182600;6720.5;6721.25;6718.25;6720;1703
20260318 182700;6719.75;6722.75;6719.25;6722.25;1890
20260318 182800;6722.5;6722.75;6719.25;6721.75;2104
20260318 182900;6721.75;6724;6721.5;6724;2157
20260318 183000;6724;6724.25;6722.5;6723.75;1248
20260318 183100;6723.75;6725.5;6722;6724.75;1717
20260318 183200;6725;6725;6719;6719.5;2623
20260318 183300;6719.5;6721;6715.5;6716;2710
20260318 183400;6716.25;6717.75;6714.25;6715;4286
20260318 183500;6715.25;6717;6708.5;6709;10124
20260318 183600;6708.75;6715.25;6707;6712.5;9377
20260318 183700;6712.5;6720.5;6712.5;6720.25;6288
20260318 183800;6720.25;6723.75;6715.75;6716.5;6685
20260318 183900;6716.75;6719;6713;6714.5;3957
20260318 184000;6714.5;6717;6709.5;6709.75;3587
20260318 184100;6709.75;6711.25;6706.25;6707.75;6609
20260318 184200;6707.75;6713.75;6707.25;6709.5;5579
20260318 184300;6709.75;6715.5;6709.5;6714.25;4050
20260318 184400;6714.25;6717.5;6713;6714.5;3942
20260318 184500;6714.5;6715.5;6711.5;6711.75;2551
20260318 184600;6711.75;6713;6709.25;6710.25;3665
20260318 184700;6710.5;6711.75;6708;6710.5;3489
20260318 184800;6710.25;6712.5;6709.5;6710.75;2771
20260318 184900;6710.75;6712.5;6709.75;6711;2184
20260318 185000;6711.25;6711.25;6708;6708.75;1720
20260318 185100;6708.5;6709;6704.25;6704.5;4878
20260318 185200;6704.5;6707.25;6702.5;6706;5088
20260318 185300;6705.75;6706.25;6700;6700.25;4826
20260318 185400;6700.5;6703.25;6698.5;6698.5;4879
20260318 185500;6698.5;6700.5;6696;6698.25;5760
20260318 185600;6698.25;6701.75;6696;6699.75;5985
20260318 185700;6700;6702;6696.75;6698.5;4671
20260318 185800;6698.5;6700;6697.75;6699;2625
20260318 185900;6698.75;6700;6695;6697.5;5278
20260318 190000;6697.5;6697.75;6695.25;6695.75;2311
20260318 190100;6695.75;6698.75;6694.25;6698.5;4733
20260318 190200;6698.5;6700.25;6696.25;6696.75;4414
20260318 190300;6697;6700.5;6696.25;6699.5;2617
20260318 190400;6699.5;6704;6699;6702.25;4643
20260318 190500;6702.25;6706.5;6701.5;6706.5;3575
20260318 190600;6706.25;6706.75;6704.25;6706;3265
20260318 190700;6705.75;6709.5;6704.75;6709;3833
20260318 190800;6709;6709;6703;6704;2887
20260318 190900;6704;6708.25;6703.75;6706.5;2498
20260318 191000;6706.25;6708.75;6703.5;6707;5959
20260318 191100;6706.75;6706.75;6702.5;6702.5;3642
20260318 191200;6702.25;6703.25;6699.5;6699.5;2959
20260318 191300;6699.5;6700.75;6698.5;6699.5;2016
20260318 191400;6699.75;6703;6699.5;6701.5;1997
20260318 191500;6701.5;6702.75;6701;6701.75;1191
20260318 191600;6701.75;6702.5;6699.75;6701.75;1730
20260318 191700;6702;6702.75;6696.75;6697.5;2764
20260318 191800;6697.5;6699.75;6697.5;6697.75;1891
20260318 191900;6697.75;6699.5;6697.5;6699.25;1577
20260318 192000;6699.25;6700.5;6695.5;6695.5;2624
20260318 192100;6695.5;6697.25;6694.5;6695;3011
20260318 192200;6695.25;6695.5;6691.25;6694;6069
20260318 192300;6694;6696.5;6692;6692.25;3874
20260318 192400;6692.25;6693;6689;6692.25;5281
20260318 192500;6692.25;6693;6689.5;6689.75;2788
20260318 192600;6689.75;6691.75;6689;6690.5;3392
20260318 192700;6690.5;6692;6689;6690.25;2426
20260318 192800;6690.25;6691.25;6689.75;6690.75;2044
20260318 192900;6691;6694;6690.5;6693.5;3164
20260318 193000;6693.25;6694.5;6690.5;6691.5;2985
20260318 193100;6691.25;6693.5;6691;6691.75;2982
20260318 193200;6692;6692.5;6690;6691;2206
20260318 193300;6691;6693.75;6688.5;6693;3689
20260318 193400;6693;6694.5;6691;6691;2995
20260318 193500;6691;6694.25;6690;6692.75;2549
20260318 193600;6693;6693.25;6689.5;6690;2274
20260318 193700;6690.25;6691;6688.75;6690.25;1851
20260318 193800;6690;6691;6687.75;6688.5;2365
20260318 193900;6688.75;6689.75;6686.75;6688.5;3051
20260318 194000;6688.75;6689;6686.25;6687.25;3150
20260318 194100;6687.25;6688.75;6685.75;6686;2779
20260318 194200;6686.25;6686.25;6683;6683.25;4041
20260318 194300;6683.25;6685.75;6682;6685;3257
20260318 194400;6685;6685.5;6682;6682.5;2994
20260318 194500;6682.5;6684;6679;6682;6237
20260318 194600;6682.25;6682.25;6678.75;6680.25;3828
20260318 194700;6680.5;6681.5;6679;6679;2492
20260318 194800;6679;6681;6678.25;6680;3723
20260318 194900;6680.25;6683;6679.5;6682;3521
20260318 195000;6682;6684;6680.25;6681;2645
20260318 195100;6680.75;6685.5;6680.5;6683.75;5646
20260318 195200;6683.5;6684.75;6680.5;6682.25;3572
20260318 195300;6682.5;6683;6680.5;6681.5;2097
20260318 195400;6681.5;6682.75;6680.75;6682.5;1875
20260318 195500;6682.5;6683;6679.75;6681.75;3711
20260318 195600;6681.75;6683.25;6679;6682.25;4243
20260318 195700;6682.25;6682.75;6680.25;6680.75;1817
20260318 195800;6681;6681.5;6679;6679.75;2516
20260318 195900;6679.75;6679.75;6676.25;6677;4538
20260318 200000;6677;6679.25;6673.75;6677;14396
20260318 200100;6677;6678.75;6675.5;6676.75;4553
20260318 200200;6676.75;6680.25;6674.25;6676;3348
20260318 200300;6676;6678.25;6674;6674.75;1632
20260318 200400;6675;6675.75;6673.5;6674.5;1840
20260318 200500;6674.75;6676;6674;6674.75;1148
20260318 200600;6674.75;6675.75;6672;6672.5;1901
20260318 200700;6672.75;6672.75;6668.5;6669;3102
20260318 200800;6669.25;6670;6667;6669;1647
20260318 200900;6669.25;6669.5;6667.25;6669.25;986
20260318 201000;6669.25;6670;6668.75;6669.75;622
20260318 201100;6669.5;6670.25;6666.75;6667.25;1330
20260318 201200;6667.25;6668.5;6667;6668;1107
20260318 201300;6668;6668;6665;6666.25;1876
20260318 201400;6666.25;6666.25;6663;6665.25;1625
20260318 201500;6665.25;6666.5;6664.25;6664.75;1091
20260318 201600;6664.75;6665.75;6662.25;6663.5;1483
20260318 201700;6663.5;6663.5;6660.25;6661.25;1846
20260318 201800;6661.25;6662.5;6660;6662.5;1195
20260318 201900;6662.5;6664;6662;6662.5;816
20260318 202000;6662;6663.5;6661;6661.25;588
20260318 202100;6661;6662.25;6660;6662.25;891
20260318 202200;6662.25;6664;6661.25;6663.25;753
20260318 202300;6663.25;6663.5;6661.25;6662;611
20260318 202400;6661.75;6662.75;6661.5;6662.5;401
20260318 202500;6662.5;6663.75;6662.25;6662.75;451
20260318 202600;6662.5;6662.75;6660;6660.75;638
20260318 202700;6660.75;6660.75;6657.5;6657.75;1902
20260318 202800;6657.5;6658;6654.5;6657.5;2161
20260318 202900;6657.5;6659.25;6656.75;6657.75;1043
20260318 203000;6658;6659.5;6657.75;6658.75;673
20260318 203100;6659;6661.5;6659;6660;836
20260318 203200;6659.75;6661;6659.25;6660.75;502
20260318 203300;6660.75;6661.25;6659.25;6660.25;571
20260318 203400;6660.25;6662;6660.25;6661.75;590
20260318 203500;6662;6662.25;6660.5;6661;795
20260318 203600;6661.25;6662.5;6661;6662.25;844
20260318 203700;6662;6662.25;6661;6661.5;360
20260318 203800;6661.5;6662.25;6661;6661.75;281
20260318 203900;6661.75;6665;6661.75;6664.25;982
20260318 204000;6664;6664.5;6663;6664.25;474
20260318 204100;6664.25;6665.25;6663.75;6664.25;477
20260318 204200;6664.5;6665.75;6664;6665.5;668
20260318 204300;6665.5;6666.25;6665.25;6666;341
20260318 204400;6665.5;6666;6665;6665.25;311
20260318 204500;6665.25;6666.75;6665;6666;491
20260318 204600;6666;6667.25;6665.75;6667;688
20260318 204700;6667;6668;6667;6667.25;758
20260318 204800;6667;6667.25;6666;6666.75;592
20260318 204900;6666.75;6668;6666.75;6667.75;352
20260318 205000;6667.5;6668;6666.75;6667.75;780
20260318 205100;6668;6668.25;6667.25;6668;398
20260318 205200;6667.75;6668.75;6667.75;6668.75;350
20260318 205300;6668.75;6668.75;6667.75;6667.75;322
20260318 205400;6668;6668.5;6666.75;6666.75;274
20260318 205500;6666.75;6669;6666.5;6668.5;411
20260318 205600;6668.25;6668.75;6667.5;6667.75;338
20260318 205700;6668;6668;6665.75;6666.25;366
20260318 205800;6665.75;6667.25;6665;6666;318
20260318 205900;6666;6666.25;6664.5;6664.75;230
20260318 210000;6664.75;6665.5;6663.25;6664;345
20260318 220100;6671.25;6672.5;6666;6669.75;1668
20260318 220200;6669.5;6670.25;6665.5;6668.25;842
20260318 220300;6668;6668.5;6665.5;6667.25;489
20260318 220400;6667.25;6667.5;6664.75;6665.25;484
20260318 220500;6665.25;6668;6665;6667.25;340
20260318 220600;6667.25;6668.25;6663.25;6663.5;481
20260318 220700;6663.75;6666.5;6662.5;6665;626
20260318 220800;6665.5;6668;6665.5;6666.25;477
20260318 220900;6666.5;6666.5;6665.75;6666.25;177
20260318 221000;6666.25;6666.25;6664.5;6666;156
20260318 221100;6666;6666.25;6663.5;6664.5;264
20260318 221200;6664.5;6665.25;6664;6665.25;283
20260318 221300;6665.5;6667.25;6664.75;6666.75;462
20260318 221400;6666.25;6666.75;6663.25;6664.5;462
20260318 221500;6664.75;6665.25;6663.75;6664;215
20260318 221600;6664.25;6664.5;6662.5;6663.25;317
20260318 221700;6664;6665.5;6662;6664.75;381
20260318 221800;6664.75;6665.25;6663.75;6664;350
20260318 221900;6664;6666.5;6663.75;6664.25;326
20260318 222000;6664;6665.75;6663;6665.75;312
20260318 222100;6665.5;6667.75;6665;6665.25;554
20260318 222200;6665.25;6665.25;6660.5;6661;979
20260318 222300;6661.25;6662.75;6661;6661.75;403
20260318 222400;6661.75;6662.75;6661.75;6662.25;218
20260318 222500;6662.75;6663.25;6661.25;6661.5;282
20260318 222600;6661.75;6662.5;6660.5;6661.75;267
20260318 222700;6661.75;6662.25;6660;6661.5;484
20260318 222800;6661.25;6661.5;6660.5;6661;181
20260318 222900;6661;6661.25;6659.75;6660.5;290
20260318 223000;6660.25;6660.5;6659.25;6660.5;373
20260318 223100;6660.5;6662.5;6660.25;6661.75;356
20260318 223200;6661.75;6661.75;6659;6660;455
20260318 223300;6660;6660.25;6658.25;6659.25;383
20260318 223400;6659;6660.25;6658.75;6659.75;157
20260318 223500;6660;6660.75;6657.5;6658;601
20260318 223600;6658.25;6658.75;6658;6658.25;164
20260318 223700;6658.5;6659;6657.5;6658;308
20260318 223800;6658.25;6658.5;6656.75;6657.5;324
20260318 223900;6657.5;6658;6657;6658;194
20260318 224000;6658;6659.5;6657.5;6659;278
20260318 224100;6659;6659.5;6657.25;6657.75;370
20260318 224200;6657.75;6658.5;6657.5;6657.75;233
20260318 224300;6658;6658.5;6657.5;6657.75;148
20260318 224400;6658;6659.75;6657.75;6659.75;196
20260318 224500;6659.5;6660.5;6658.75;6659.5;338
20260318 224600;6659.25;6660.25;6659;6660;330
20260318 224700;6660;6661.5;6659.75;6661.5;518
20260318 224800;6661.25;6661.5;6659.75;6660.5;276
20260318 224900;6660.75;6661.25;6660.5;6661.25;182
20260318 225000;6661.25;6661.5;6660.5;6661.25;227
20260318 225100;6661;6662.5;6661;6661.75;331
20260318 225200;6661.75;6663.25;6661.25;6662.75;522
20260318 225300;6662.75;6663.25;6662.5;6663.25;246
20260318 225400;6663;6663.25;6662;6662.5;220
20260318 225500;6662.25;6662.75;6662;6662.25;310
20260318 225600;6662;6662.75;6661.75;6662.5;309
20260318 225700;6662.75;6663;6662.25;6662.75;271
20260318 225800;6662.75;6663.5;6662.25;6663.5;152
20260318 225900;6663.5;6664;6663;6663.75;386
20260318 230000;6663.75;6663.75;6663;6663.5;172
20260318 230100;6663.5;6663.75;6662.75;6663.25;251
20260318 230200;6663.25;6665.5;6663;6665;840
20260318 230300;6665.25;6666.75;6665;6666.5;782
20260318 230400;6666.25;6668.25;6666.25;6667.75;909
20260318 230500;6667.75;6668.75;6667;6667.25;449
20260318 230600;6667.25;6667.5;6665.25;6665.75;346
20260318 230700;6665.75;6666;6665.25;6665.25;228
20260318 230800;6665.25;6666;6665;6665.75;315
20260318 230900;6665.75;6666;6665.5;6666;150
20260318 231000;6666.25;6667.5;6666;6667.25;198
20260318 231100;6667.25;6669.5;6667;6669.25;745
20260318 231200;6669;6669.5;6668.25;6668.5;417
20260318 231300;6668.5;6668.75;6668;6668.25;195
20260318 231400;6668.25;6669;6668.25;6669;119
20260318 231500;6669;6669;6667.5;6667.75;235
20260318 231600;6667.75;6668.5;6667.75;6668.5;172
20260318 231700;6668.5;6668.75;6668.25;6668.5;169
20260318 231800;6668.25;6669;6668;6668.25;243
20260318 231900;6668.25;6668.5;6667.75;6667.75;134
20260318 232000;6667.75;6668;6666.5;6667.75;596
20260318 232100;6668;6668.25;6667.75;6668;80
20260318 232200;6668.25;6668.75;6668.25;6668.5;91
20260318 232300;6668.25;6669.25;6668.25;6669.25;153
20260318 232400;6669.25;6669.5;6668.5;6669.5;183
20260318 232500;6669.5;6670;6669.25;6669.75;217
20260318 232600;6669.5;6670.25;6669.25;6670;371
20260318 232700;6670;6671.25;6669.75;6669.75;340
20260318 232800;6669.75;6671.25;6669.75;6670.5;324
20260318 232900;6670.25;6671.5;6670.25;6670.75;307
20260318 233000;6670.75;6671.25;6670.75;6671.25;62
20260318 233100;6671;6671.5;6670.75;6670.75;254
20260318 233200;6670.75;6671.5;6670.5;6671.25;187
20260318 233300;6671.25;6671.75;6670.75;6671;310
20260318 233400;6670.75;6671;6670.25;6670.75;200
20260318 233500;6670.75;6671;6670.25;6671;219
20260318 233600;6671;6671;6670.25;6671;193
20260318 233700;6671;6671;6670.25;6670.5;122
20260318 233800;6670.5;6671.25;6670.5;6671.25;115
20260318 233900;6671;6671.5;6669.75;6670.75;780
20260318 234000;6671;6671.75;6670.5;6671.25;451
20260318 234100;6671.5;6671.75;6671.25;6671.75;189
20260318 234200;6671.75;6675.75;6671.75;6675;1499
20260318 234300;6674.75;6675;6673.5;6674.25;826
20260318 234400;6674;6674.5;6672.5;6672.75;446
20260318 234500;6672.75;6674.25;6668.75;6670.75;1907
20260318 234600;6671;6671.75;6665.25;6668.75;4783
20260318 234700;6668.75;6672;6668.5;6670.5;1143
20260318 234800;6670.25;6671.5;6668.5;6668.75;1012
20260318 234900;6668.75;6670.5;6668;6669;515
20260318 235000;6669.25;6671.25;6668;6670.75;390
20260318 235100;6670.5;6670.5;6668;6668.75;410
20260318 235200;6668.75;6668.75;6666.5;6668;517
20260318 235300;6668.25;6670.25;6668;6668.25;368
20260318 235400;6668.25;6669.75;6667.5;6669.25;283
20260318 235500;6669;6670.25;6668.5;6669.75;299
20260318 235600;6669.75;6670.25;6668.75;6668.75;122
20260318 235700;6669;6669.75;6668.5;6669.75;179
20260318 235800;6669.25;6671;6669;6671;344
20260318 235900;6671;6671.75;6670;6671.75;323
20260319 000000;6671.75;6672.5;6670;6670;582
20260319 000100;6670.25;6670.75;6666.5;6667;1361
20260319 000200;6666.75;6669.25;6666.75;6668.5;370
20260319 000300;6668.25;6668.75;6666.5;6667;406
20260319 000400;6667.25;6671.5;6667.25;6671.25;480
20260319 000500;6671;6674;6670;6673.5;880
20260319 000600;6673.5;6675.75;6672.75;6675;845
20260319 000700;6674.75;6675;6672.5;6673.25;497
20260319 000800;6673.5;6675.5;6672.75;6674.75;512
20260319 000900;6674.75;6675.5;6673.5;6673.75;417
20260319 001000;6673.75;6674;6671;6671.25;488
20260319 001100;6671.25;6671.75;6667;6668.25;1045
20260319 001200;6668.25;6671;6667.5;6670.25;656
20260319 001300;6670.75;6673.25;6670.75;6672.5;522
20260319 001400;6672.25;6672.75;6671.25;6672.75;360
20260319 001500;6672.75;6673;6672;6672.25;206
20260319 001600;6672.25;6673;6672;6672.25;273
20260319 001700;6672;6673.75;6671.25;6673;523
20260319 001800;6673;6673;6670;6670.5;401
20260319 001900;6670.25;6671.5;6670;6670.75;260
20260319 002000;6671;6671.5;6670.5;6671;157
20260319 002100;6671;6671.25;6668.75;6669.25;245
20260319 002200;6669.25;6670.25;6668;6668;472
20260319 002300;6668;6669.25;6667;6667.5;588
20260319 002400;6667.75;6668;6665.5;6665.5;506
20260319 002500;6665.75;6667.25;6665.5;6665.5;468
20260319 002600;6665.5;6668;6665.25;6667;353
20260319 002700;6667.25;6669.25;6666.25;6669;398
20260319 002800;6669;6669.25;6668.5;6669;220
20260319 002900;6669;6671;6668.75;6670.75;329
20260319 003000;6670.75;6671.75;6669.5;6671.75;287
20260319 003100;6671.5;6674;6670.25;6673.25;672
20260319 003200;6673.5;6673.75;6667.75;6669.25;1182
20260319 003300;6669.25;6669.5;6668.25;6668.75;286
20260319 003400;6668.75;6669;6666;6666.75;419
20260319 003500;6666.25;6667.5;6666.25;6667;309
20260319 003600;6667;6667.75;6666.5;6667;190
20260319 003700;6666.75;6669.5;6666.75;6668.75;413
20260319 003800;6668.5;6670;6668.5;6669.25;281
20260319 003900;6669.25;6669.25;6666.25;6666.5;432
20260319 004000;6666.5;6666.75;6666;6666.5;256
20260319 004100;6666.25;6667;6666;6666.75;328
20260319 004200;6666.75;6667.25;6665.25;6666;334
20260319 004300;6666;6666.75;6665.25;6665.5;365
20260319 004400;6665.5;6665.75;6663.25;6663.5;1062
20260319 004500;6663.5;6664.25;6662.5;6663;789
20260319 004600;6662.75;6663.25;6662.25;6663;711
20260319 004700;6662.75;6664.75;6662.75;6664.75;486
20260319 004800;6664.75;6666.5;6664.25;6666.5;400
20260319 004900;6666;6668.25;6666;6668.25;536
20260319 005000;6667.75;6669.25;6667.25;6668.5;580
20260319 005100;6668.75;6670;6668.75;6669.5;557
20260319 005200;6669.25;6669.5;6668.5;6669.5;254
20260319 005300;6669.25;6669.75;6666.75;6666.75;599
20260319 005400;6667;6668.5;6666.25;6668.5;549
20260319 005500;6668.5;6669.25;6667.25;6668.75;308
20260319 005600;6668.75;6670;6668.25;6669.25;335
20260319 005700;6669;6669.25;6667.75;6668.75;280
20260319 005800;6668.5;6669.25;6668.25;6668.5;157
20260319 005900;6668.5;6669.25;6668;6668.75;331
20260319 010000;6668.75;6670.5;6668.75;6670.25;467
20260319 010100;6670;6671.25;6669.5;6670.75;512
20260319 010200;6670.75;6670.75;6667.25;6668;623
20260319 010300;6668;6669.75;6667.75;6669.25;323
20260319 010400;6668.75;6669.5;6668;6668.25;168
20260319 010500;6668.5;6669;6667.25;6668;288
20260319 010600;6667.75;6668;6666;6666.5;288
20260319 010700;6666.75;6668.25;6666.75;6668.25;166
20260319 010800;6668.5;6668.5;6667.5;6668.5;139
20260319 010900;6668.75;6670;6668.5;6669.25;215
20260319 011000;6669.25;6669.75;6668.75;6669.75;151
20260319 011100;6669.75;6670.25;6669;6669.75;163
20260319 011200;6669.75;6670.75;6669.25;6670.75;327
20260319 011300;6670.5;6670.5;6669.5;6669.75;173
20260319 011400;6669.5;6669.75;6668.75;6669.25;190
20260319 011500;6669.5;6670.5;6669;6669.5;157
20260319 011600;6669.75;6671;6668.75;6671;190
20260319 011700;6671;6671;6669.75;6671;316
20260319 011800;6671;6672.5;6670.75;6672;394
20260319 011900;6672;6672.5;6671.75;6672.25;340
20260319 012000;6672.25;6673;6671.25;6672;369
20260319 012100;6672;6673;6671.75;6672.5;280
20260319 012200;6672.5;6673;6671.25;6671.75;214
20260319 012300;6672;6672.5;6671.25;6671.75;238
20260319 012400;6671.75;6672.75;6671.25;6672.5;166
20260319 012500;6672.5;6674.25;6672.25;6674;407
20260319 012600;6673.75;6674.5;6673;6674.5;361
20260319 012700;6674.25;6674.5;6673.25;6674.5;208
20260319 012800;6674.5;6675.5;6674;6674.5;501
20260319 012900;6674.5;6675;6673.75;6674.5;235
20260319 013000;6674.5;6674.75;6674;6674.25;182
20260319 013100;6674.25;6675.25;6673.5;6674.25;553
20260319 013200;6674;6674.5;6672.25;6674;463
20260319 013300;6674;6674.5;6673;6674;315
20260319 013400;6673.75;6674.5;6673.5;6674.5;285
20260319 013500;6674.5;6675;6674.25;6675;208
20260319 013600;6675;6675.5;6674.25;6675.5;250
20260319 013700;6675.25;6676.25;6674.75;6676.25;306
20260319 013800;6676;6679;6675.5;6679;1168
20260319 013900;6678.75;6679;6677;6677.75;418
20260319 014000;6677.75;6678;6677.25;6678;163
20260319 014100;6678;6678.5;6677.25;6678.5;224
20260319 014200;6678.5;6678.75;6677;6677.75;235
20260319 014300;6677.75;6679;6677.5;6678.5;393
20260319 014400;6678.75;6680;6678.5;6679;454
20260319 014500;6679;6679.25;6677.25;6678;572
20260319 014600;6678;6678.5;6676.75;6678;398
20260319 014700;6678;6679.5;6677.25;6679;278
20260319 014800;6678.75;6679.25;6677.25;6677.5;231
20260319 014900;6677.5;6677.75;6676;6676.25;426
20260319 015000;6676.5;6678.25;6675.75;6677.75;600
20260319 015100;6677.75;6678;6676.5;6676.75;345
20260319 015200;6676.75;6677;6675.75;6676;186
20260319 015300;6676.25;6678;6676.25;6677.75;278
20260319 015400;6677.75;6678;6677.25;6678;113
20260319 015500;6677.75;6679.5;6677.25;6679.25;379
20260319 015600;6679;6680;6679;6679.25;472
20260319 015700;6679.25;6681;6679;6680.5;526
20260319 015800;6680.5;6680.5;6679;6679.25;430
20260319 015900;6679;6679;6676.25;6676.25;561
20260319 020000;6676.25;6676.5;6673;6673.75;968
20260319 020100;6674;6674.25;6669;6669;1711
20260319 020200;6669;6670.5;6666.25;6667.25;1521
20260319 020300;6667.25;6670.75;6667.25;6669.75;836
20260319 020400;6670;6671.5;6669.75;6670.75;493
20260319 020500;6671;6673;6671;6671.5;334
20260319 020600;6671.5;6673.25;6670.75;6670.75;507
20260319 020700;6671.25;6675;6671.25;6674.25;744
20260319 020800;6674.5;6681.75;6674.25;6680.25;2173
20260319 020900;6680;6683.5;6678.75;6682.75;1494
20260319 021000;6682.5;6682.5;6680.5;6680.75;959
20260319 021100;6681;6683.75;6680.75;6683.5;1091
20260319 021200;6683.25;6684.5;6682.5;6683.5;777
20260319 021300;6683.25;6685.25;6682.75;6684.5;998
20260319 021400;6684.5;6684.75;6683;6683.25;492
20260319 021500;6683.25;6684.25;6681.5;6682.5;891
20260319 021600;6682.25;6683;6681;6682.25;693
20260319 021700;6682.5;6682.75;6681;6681.75;249
20260319 021800;6682;6685.25;6681.75;6685;629
20260319 021900;6684.5;6685.25;6683.25;6683.75;667
20260319 022000;6684;6685.5;6683.5;6685.25;645
20260319 022100;6685.25;6688.5;6685.25;6688.5;1463
20260319 022200;6688.25;6689;6687.75;6688.75;600
20260319 022300;6688.5;6689.75;6688.25;6688.75;532
20260319 022400;6688.75;6689;6687;6688.5;730
20260319 022500;6688.75;6689.75;6688.25;6689.5;368
20260319 022600;6689.5;6689.5;6688.5;6688.75;506
20260319 022700;6689;6689.25;6687.75;6687.75;761
20260319 022800;6687.75;6688.5;6687.25;6687.75;405
20260319 022900;6687.75;6688;6687.25;6687.25;325
20260319 023000;6687;6687.75;6687;6687.25;335
20260319 023100;6687.25;6688.75;6686.75;6688.5;759
20260319 023200;6688.75;6689.5;6688.5;6689.25;393
20260319 023300;6689.25;6689.25;6688.25;6689;478
20260319 023400;6689;6690.5;6688.5;6690;536
20260319 023500;6690;6691;6689.25;6691;383
20260319 023600;6690.75;6693.75;6690.5;6692.75;1325
20260319 023700;6692.75;6695;6692.5;6692.75;1180
20260319 023800;6692.75;6693.5;6692.25;6692.75;319
20260319 023900;6692.75;6693.25;6691.75;6693;580
20260319 024000;6693;6693.5;6692;6692.75;421
20260319 024100;6692.5;6693;6691.75;6692.75;296
20260319 024200;6692.5;6693;6691.5;6693;342
20260319 024300;6693.25;6694.25;6692.75;6692.75;296
20260319 024400;6693;6693;6692.25;6692.25;218
20260319 024500;6692.5;6692.5;6692;6692;127
20260319 024600;6692;6692.5;6690.5;6690.5;444
20260319 024700;6690.5;6690.75;6689.75;6690.5;446
20260319 024800;6690.5;6691;6690;6690.5;204
20260319 024900;6690.5;6690.5;6689;6689;400
20260319 025000;6689;6689.5;6687.75;6687.75;468
20260319 025100;6688;6688.75;6687.5;6688.5;407
20260319 025200;6688.25;6688.25;6685.75;6686.75;680
20260319 025300;6687;6688.25;6686.5;6687;384
20260319 025400;6687;6687.75;6686.75;6687;241
20260319 025500;6687.25;6688;6687;6687.25;169
20260319 025600;6687.25;6689;6687;6688.5;261
20260319 025700;6688.5;6688.75;6687.5;6687.5;158
20260319 025800;6687.5;6688.75;6687.5;6687.75;123
20260319 025900;6687.75;6688;6687;6687;231
20260319 030000;6687;6687.75;6685.75;6687.5;335
20260319 030100;6687.5;6689.25;6687.5;6689;426
20260319 030200;6689;6689;6688.25;6688.75;139
20260319 030300;6688.5;6688.75;6688;6688.25;209
20260319 030400;6688.25;6689.25;6688;6688.25;225
20260319 030500;6688.25;6689.25;6688.25;6689;177
20260319 030600;6689;6689.5;6688.5;6689.25;166
20260319 030700;6689.25;6689.5;6688.25;6688.25;187
20260319 030800;6688.25;6688.75;6688;6688.25;143
20260319 030900;6688.5;6689.75;6688.25;6689.75;123
20260319 031000;6689.5;6690;6689.25;6689.5;172
20260319 031100;6689.75;6690.75;6689.75;6690.5;287
20260319 031200;6690.5;6691.25;6690.25;6690.5;353
20260319 031300;6690.75;6691.75;6690.75;6691.5;233
20260319 031400;6691.5;6691.75;6690.75;6691.5;252
20260319 031500;6691.5;6692;6691.25;6691.25;211
20260319 031600;6691;6691.5;6690.75;6691.25;181
20260319 031700;6691.5;6691.75;6690.25;6690.5;198
20260319 031800;6690.75;6690.75;6689.5;6689.75;303
20260319 031900;6689.75;6691;6689.75;6690;304
20260319 032000;6690.25;6690.5;6689.75;6690;106
20260319 032100;6689.75;6690.25;6689.25;6690;181
20260319 032200;6690.25;6690.5;6689.75;6690.5;116
20260319 032300;6690.25;6691;6690;6690.75;136
20260319 032400;6690.75;6691;6690;6690.5;104
20260319 032500;6690.25;6690.25;6689;6689;232
20260319 032600;6689.25;6689.5;6688;6688.5;336
20260319 032700;6688.5;6689.25;6687.75;6689.25;321
20260319 032800;6689;6689.25;6688;6688;110
20260319 032900;6688.25;6688.5;6688;6688.5;180
20260319 033000;6688.5;6689.25;6687.75;6688.25;270
20260319 033100;6688;6688.25;6685.5;6685.75;701
20260319 033200;6686;6687.25;6685.25;6685.5;462
20260319 033300;6685.75;6686.25;6684.25;6684.75;631
20260319 033400;6685;6685.25;6684;6685.25;431
20260319 033500;6685.5;6686.75;6685.25;6686.25;235
20260319 033600;6686.5;6686.5;6684.5;6684.75;254
20260319 033700;6684.75;6685.5;6684.75;6685.5;131
20260319 033800;6685.5;6686.5;6685.5;6685.5;115
20260319 033900;6685.25;6686.25;6685.25;6686;153
20260319 034000;6686;6686.25;6685.75;6686;145
20260319 034100;6686.25;6686.5;6685.5;6685.75;123
20260319 034200;6685.5;6686;6685;6685.5;135
20260319 034300;6685.5;6685.5;6684.5;6685;142
20260319 034400;6684.75;6685.75;6684.5;6685.75;132
20260319 034500;6685.5;6685.75;6685;6685.25;107
20260319 034600;6685.25;6686.5;6685.25;6686.5;247
20260319 034700;6686.5;6687.25;6685.5;6685.5;219
20260319 034800;6685.75;6686.25;6685.75;6686;68
20260319 034900;6685.75;6686.75;6685.25;6686.75;149
20260319 035000;6686.75;6687.5;6685.5;6686;261
20260319 035100;6686;6686.25;6685.5;6685.5;161
20260319 035200;6685.75;6686.25;6684;6685.25;575
20260319 035300;6685;6685.5;6684.25;6684.75;230
20260319 035400;6684.25;6685.5;6684.25;6685.25;108
20260319 035500;6685.25;6686;6685.25;6685.75;115
20260319 035600;6685.5;6686.75;6684.75;6684.75;260
20260319 035700;6685;6685.75;6684.5;6684.75;134
20260319 035800;6684.75;6685;6684;6684.75;120
20260319 035900;6684.5;6685;6683.5;6684;265
20260319 040000;6683.75;6684;6682.5;6682.5;350
20260319 040100;6682.5;6682.75;6680.75;6681.25;613
20260319 040200;6681.25;6682;6680.75;6681;168
20260319 040300;6681;6681.5;6680.5;6681.25;204
20260319 040400;6681.25;6682;6680.75;6680.75;249
20260319 040500;6680.5;6681.25;6679.25;6680.25;467
20260319 040600;6680.5;6680.5;6679.5;6679.5;210
20260319 040700;6679.5;6680;6678.5;6679.25;519
20260319 040800;6678.75;6679.75;6677.25;6677.25;482
20260319 040900;6677.25;6678;6676.75;6677.25;517
20260319 041000;6677.25;6677.75;6676.75;6676.75;371
20260319 041100;6676.75;6677.25;6676;6677.25;566
20260319 041200;6677;6677.5;6676.25;6676.75;275
20260319 041300;6676.5;6678;6676.5;6677.25;377
20260319 041400;6677.5;6677.75;6677;6677.25;234
20260319 041500;6677.5;6678.25;6677.25;6677.75;175
20260319 041600;6677.75;6678.5;6677.5;6678.25;153
20260319 041700;6678;6678.25;6677;6677.5;176
20260319 041800;6677.75;6678;6676.25;6676.5;288
20260319 041900;6676.25;6676.75;6675.25;6676.25;476
20260319 042000;6676.5;6677.25;6675.75;6677;202
20260319 042100;6676.75;6677.25;6676;6677.25;185
20260319 042200;6677.5;6677.75;6676;6676;164
20260319 042300;6676.25;6678.25;6676.25;6678;207
20260319 042400;6678;6678.5;6677.75;6678;271
20260319 042500;6677.75;6678;6677;6677;104
20260319 042600;6677;6677.25;6676.25;6677;425
20260319 042700;6677.25;6678;6677;6677.5;174
20260319 042800;6677.75;6677.75;6676.5;6676.75;163
20260319 042900;6677;6678.5;6677;6677.5;238
20260319 043000;6677.25;6677.25;6676.25;6677;169
20260319 043100;6677;6677.25;6675.75;6676.5;235
20260319 043200;6676.75;6677.75;6676.75;6676.75;150
20260319 043300;6676.75;6678.25;6676.75;6678.25;312
20260319 043400;6678.25;6679;6677.75;6678.5;277
20260319 043500;6678.5;6678.5;6677.25;6677.5;68
20260319 043600;6677.5;6678.25;6677.5;6677.75;85
20260319 043700;6677.5;6677.75;6675.75;6676;155
20260319 043800;6676.25;6676.5;6675.5;6675.75;192
20260319 043900;6675.75;6676;6674.5;6676;535
20260319 044000;6676;6676.5;6675.75;6676;196
20260319 044100;6676;6676;6674.75;6675;123
20260319 044200;6674.75;6675.25;6672.75;6672.75;559
20260319 044300;6673;6673.75;6672.25;6672.25;310
20260319 044400;6672.25;6675.25;6672.25;6675;556
20260319 044500;6674.75;6675.5;6674.75;6675;288
20260319 044600;6674.75;6674.75;6673.5;6674.25;231
20260319 044700;6674.25;6674.75;6673.75;6674;205
20260319 044800;6673.75;6674;6671.25;6672;430
20260319 044900;6672;6673.5;6671.5;6672.75;522
20260319 045000;6673;6673.25;6672.5;6672.5;158
20260319 045100;6672.25;6673.75;6672.25;6673.25;247
20260319 045200;6673.25;6674.25;6673;6673.75;219
20260319 045300;6673.75;6674.5;6673.75;6674.25;151
20260319 045400;6674.25;6674.25;6673.25;6673.75;132
20260319 045500;6673.5;6674;6672.75;6674;124
20260319 045600;6674;6674.75;6673.75;6674.75;116
20260319 045700;6674.75;6676.5;6674.75;6676;258
20260319 045800;6676.25;6676.25;6674.5;6674.5;276
20260319 045900;6674.75;6675.75;6674.5;6675.75;147
20260319 050000;6676;6676;6675.75;6676;108
20260319 050100;6675.75;6678.25;6675.75;6678;607
20260319 050200;6678;6678;6676;6676.75;375
20260319 050300;6676.5;6677.25;6676.5;6676.75;161
20260319 050400;6676.75;6677.25;6676.5;6677.25;163
20260319 050500;6677;6677.25;6676.75;6677.25;87
20260319 050600;6677;6677.25;6675.25;6675.5;258
20260319 050700;6675.25;6677;6675.25;6677;170
20260319 050800;6677;6677.5;6676.25;6677;225
20260319 050900;6677;6678;6677;6677;200
20260319 051000;6677.25;6677.5;6676.25;6676.25;168
20260319 051100;6676.25;6677.5;6676.25;6677.25;194
20260319 051200;6677.25;6677.25;6673;6673.75;332
20260319 051300;6673.75;6675.5;6673.5;6675.25;256
20260319 051400;6675.25;6675.75;6674.75;6675.5;214
20260319 051500;6675.75;6677;6675.75;6676.5;240
20260319 051600;6676.25;6676.75;6675.75;6676.5;187
20260319 051700;6676.25;6676.25;6675.5;6675.75;110
20260319 051800;6676;6676.25;6675.75;6676.25;74
20260319 051900;6676.25;6676.75;6675.75;6676.5;93
20260319 052000;6676.25;6677.75;6676.25;6677.75;229
20260319 052100;6678;6679.25;6677.5;6679.25;483
20260319 052200;6679;6679.25;6676.75;6677.25;272
20260319 052300;6677.25;6677.75;6677;6677.5;145
20260319 052400;6677.5;6677.5;6676.25;6676.75;198
20260319 052500;6676.75;6677.25;6676.25;6677.25;125
20260319 052600;6677;6677;6675.25;6675.75;277
20260319 052700;6676;6676.25;6675.5;6675.75;151
20260319 052800;6675.75;6677.25;6675.75;6675.75;135
20260319 052900;6676;6676;6673;6673.25;326
20260319 053000;6673.25;6673.5;6672.5;6673.25;272
20260319 053100;6673;6674.5;6672.5;6672.5;384
20260319 053200;6672.75;6672.75;6671.5;6672.25;333
20260319 053300;6672.5;6672.75;6671.75;6672.5;180
20260319 053400;6672.5;6673.25;6671.75;6671.75;204
20260319 053500;6672;6672.25;6669.5;6670.25;706
20260319 053600;6670.5;6672.5;6670;6672;416
20260319 053700;6671.75;6672;6670.75;6671;214
20260319 053800;6671;6671.25;6669.75;6670;205
20260319 053900;6670;6670;6668.5;6669.25;488
20260319 054000;6669.25;6670;6669;6669.75;201
20260319 054100;6669.75;6671;6669.75;6670.75;314
20260319 054200;6670.25;6670.5;6669.5;6670;205
20260319 054300;6670;6670.75;6669.25;6669.75;228
20260319 054400;6670;6670.5;6669.75;6670.25;186
20260319 054500;6670;6670.5;6663.25;6664.5;2564
20260319 054600;6664.75;6666.75;6663.75;6666.25;1049
20260319 054700;6666.25;6668.25;6666.25;6667.25;491
20260319 054800;6667.5;6667.5;6665.75;6666.75;456
20260319 054900;6667;6668.75;6666.75;6667;283
20260319 055000;6667.25;6667.25;6665.25;6665.25;417
20260319 055100;6665.25;6667;6664.5;6664.75;386
20260319 055200;6664.75;6667.75;6664.25;6667.5;324
20260319 055300;6667.25;6667.75;6665.25;6665.5;645
20260319 055400;6665.5;6669.5;6665.5;6669.25;735
20260319 055500;6669.5;6672;6669.5;6671.75;502
20260319 055600;6671.75;6673;6671.25;6672;493
20260319 055700;6672;6672;6669.25;6669.5;306
20260319 055800;6669.75;6671;6669.5;6670.75;259
20260319 055900;6671;6671.25;6669.5;6669.5;221
20260319 060000;6669.75;6670.25;6666.75;6667.5;627
20260319 060100;6667.5;6669.5;6666.25;6669;840
20260319 060200;6669;6671.25;6668.75;6670.25;329
20260319 060300;6670.25;6671;6669.25;6670.5;145
20260319 060400;6670.5;6671.75;6670.5;6670.5;232
20260319 060500;6670.75;6673;6670.5;6672.5;328
20260319 060600;6672.5;6673.5;6672;6673.5;217
20260319 060700;6673.5;6675.25;6673.5;6675.25;386
20260319 060800;6675;6675.5;6674;6675.25;297
20260319 060900;6675.25;6675.25;6673.75;6674.5;352
20260319 061000;6674.5;6675.25;6673;6673;310
20260319 061100;6673;6673;6671.5;6672;367
20260319 061200;6671.75;6672.75;6671.5;6672.5;246
20260319 061300;6672.75;6673.75;6672.25;6673.25;322
20260319 061400;6673.25;6675;6673.25;6674.75;349
20260319 061500;6674.5;6675;6674.25;6674.5;167
20260319 061600;6674.25;6675.25;6674;6674.25;151
20260319 061700;6674.25;6677.25;6674;6676.25;434
20260319 061800;6676.25;6678.25;6676;6678;331
20260319 061900;6678;6679.25;6677.5;6677.75;381
20260319 062000;6677.5;6677.5;6676;6676.25;194
20260319 062100;6676.25;6676.25;6674.5;6674.75;369
20260319 062200;6675;6677.5;6675;6677.25;253
20260319 062300;6677.25;6677.5;6676.25;6676.75;196
20260319 062400;6676.5;6677.25;6675.75;6676;223
20260319 062500;6676;6677.25;6676;6676.5;99
20260319 062600;6676.75;6676.75;6674.75;6675.5;239
20260319 062700;6675.75;6676;6675;6675.25;95
20260319 062800;6675.25;6675.5;6673.75;6674.25;201
20260319 062900;6674.25;6674.5;6672.5;6672.75;314
20260319 063000;6672.75;6672.75;6670;6670.5;414
20260319 063100;6670.75;6672.25;6668;6669.75;553
20260319 063200;6669.5;6671.5;6669;6669.75;396
20260319 063300;6669.75;6670.5;6668.5;6669.5;376
20260319 063400;6669.5;6669.5;6667.5;6667.5;206
20260319 063500;6667.5;6669;6667.5;6669;226
20260319 063600;6669;6669.25;6665.5;6666;513
20260319 063700;6665.75;6669;6665.75;6668.25;605
20260319 063800;6668;6668.5;6666;6666.5;277
20260319 063900;6666.5;6666.75;6665;6666;265
20260319 064000;6666;6670.75;6666;6670.75;452
20260319 064100;6670.5;6672.75;6670.25;6672;424
20260319 064200;6672.25;6672.25;6670.25;6671.5;207
20260319 064300;6671.75;6672.75;6670.5;6671;300
20260319 064400;6671;6672.75;6670.75;6671.25;313
20260319 064500;6671.25;6671.5;6670;6671;222
20260319 064600;6671.5;6672.5;6670.5;6671.25;197
20260319 064700;6671;6671;6669.5;6669.5;198
20260319 064800;6669.25;6672;6669;6672;272
20260319 064900;6671.75;6672;6670.75;6670.75;209
20260319 065000;6670.5;6670.5;6669.5;6669.75;224
20260319 065100;6669.5;6670;6668.25;6668.5;186
20260319 065200;6668.25;6669;6667.25;6668.75;356
20260319 065300;6668.5;6668.75;6666.75;6667;298
20260319 065400;6667.25;6669.25;6667.25;6668;261
20260319 065500;6668;6668.5;6667.25;6667.25;203
20260319 065600;6667.25;6668.5;6667.25;6668.25;180
20260319 065700;6668.5;6669;6667;6669;349
20260319 065800;6669;6669.5;6668;6668.25;333
20260319 065900;6668.25;6668.25;6666.5;6667.75;188
20260319 070000;6668;6671.75;6668;6671.5;301
20260319 070100;6671.5;6673;6667.25;6667.5;774
20260319 070200;6667.5;6668.25;6664;6664.5;697
20260319 070300;6664.5;6665.25;6662.5;6663.5;699
20260319 070400;6663.75;6664.75;6662.5;6664;676
20260319 070500;6664;6667.5;6663.75;6665.25;804
20260319 070600;6665.25;6666.25;6664;6665.5;682
20260319 070700;6665.5;6667.25;6664.25;6666.5;535
20260319 070800;6666.5;6667.5;6665.25;6666.25;491
20260319 070900;6666.25;6667.5;6665.5;6666.5;440
20260319 071000;6666.5;6667.25;6665.75;6666.25;340
20260319 071100;6666.25;6668;6664.75;6665.25;570
20260319 071200;6665;6665.25;6661;6662;1141
20260319 071300;6662.25;6664;6662;6664;457
20260319 071400;6664;6664;6660.25;6660.5;830
20260319 071500;6660.75;6664.25;6660;6663.5;871
20260319 071600;6663.75;6667;6663.25;6667;692
20260319 071700;6667.25;6669.75;6666.75;6669.5;741
20260319 071800;6669.25;6671.75;6669.25;6671;863
20260319 071900;6670.75;6674.75;6670.25;6674.5;938
20260319 072000;6674.5;6676;6673;6673.75;1011
20260319 072100;6674;6674.5;6671.5;6671.5;761
20260319 072200;6671.5;6673;6670;6672.5;601
20260319 072300;6672.75;6673.25;6667.75;6668.25;752
20260319 072400;6668;6669.5;6667.5;6669.25;656
20260319 072500;6669;6672.25;6668.75;6671.75;887
20260319 072600;6671.75;6672.25;6670.5;6671.5;619
20260319 072700;6671.5;6672;6668.5;6669;503
20260319 072800;6669;6671.25;6668.75;6669.75;696
20260319 072900;6669.75;6669.75;6667.75;6668;543
20260319 073000;6668;6668.75;6667.5;6667.5;331
20260319 073100;6667.75;6669;6665.5;6668.25;1024
20260319 073200;6668.25;6668.5;6666.25;6666.25;594
20260319 073300;6666.25;6667;6664.5;6665.75;452
20260319 073400;6665.5;6666.5;6664.75;6666;505
20260319 073500;6665.75;6666.25;6661.75;6662.25;963
20260319 073600;6662.75;6663.25;6661.25;6661.5;920
20260319 073700;6661.5;6664.25;6659;6664;1668
20260319 073800;6664;6664.25;6661;6662.25;509
20260319 073900;6662;6662.5;6660;6661.25;521
20260319 074000;6661.25;6663.75;6660.5;6663.5;718
20260319 074100;6663.5;6664.75;6662;6664.25;782
20260319 074200;6664.25;6665;6661.5;6661.75;697
20260319 074300;6662;6662;6660.5;6660.75;557
20260319 074400;6660.75;6663;6660.5;6661;425
20260319 074500;6660.75;6661;6659;6660.75;639
20260319 074600;6660.75;6664.25;6660.5;6663.25;663
20260319 074700;6663.25;6664.5;6662.25;6664.25;460
20260319 074800;6664;6666.25;6664;6665.5;612
20260319 074900;6665.5;6665.5;6663;6664.75;502
20260319 075000;6665;6665.25;6664;6664.25;352
20260319 075100;6664.25;6665.5;6663.75;6665.25;312
20260319 075200;6665;6666;6662.5;6662.75;474
20260319 075300;6662.75;6665;6662;6664.25;371
20260319 075400;6664.25;6664.25;6660;6661.5;502
20260319 075500;6661.25;6662.25;6659.75;6659.75;517
20260319 075600;6659.75;6661.5;6657.5;6657.75;843
20260319 075700;6657.75;6658.75;6656.5;6656.75;744
20260319 075800;6656.75;6657;6655.25;6656;813
20260319 075900;6656.25;6657.5;6656;6656.5;306
20260319 080000;6656.5;6660;6655;6659;1011
20260319 080100;6659.25;6667;6659;6664;2271
20260319 080200;6664.25;6667;6662.5;6664;1564
20260319 080300;6664;6664.25;6660.75;6661.25;880
20260319 080400;6661.5;6664.25;6659.75;6662.25;1099
20260319 080500;6662.25;6662.25;6656.25;6656.5;1353
20260319 080600;6656.5;6658.75;6655.25;6657.5;753
20260319 080700;6657.25;6661.25;6656.5;6660.75;978
20260319 080800;6660.75;6662.75;6659.75;6662.75;1150
20260319 080900;6663;6664.5;6662;6663.25;1172
20260319 081000;6663.25;6665.5;6662.5;6665.5;1121
20260319 081100;6665.75;6665.75;6661;6661.25;976
20260319 081200;6661.5;6666.5;6661.25;6665;832
20260319 081300;6664.75;6666.25;6664;6666.25;663
20260319 081400;6666.25;6668;6665;6666.75;862
20260319 081500;6666.75;6667.5;6663.75;6664.25;714
20260319 081600;6664.5;6667.5;6664.5;6667.5;817
20260319 081700;6667.25;6667.5;6665;6665.75;803
20260319 081800;6666;6666.25;6662;6665.25;1018
20260319 081900;6665.25;6666.25;6662.5;6662.5;770
20260319 082000;6662.25;6663.75;6661.25;6663;792
20260319 082100;6663.25;6664.25;6662.5;6663.75;618
20260319 082200;6663.75;6665.25;6661.75;6663.25;966
20260319 082300;6663.25;6663.25;6660.75;6662;925
20260319 082400;6662.75;6665;6661.25;6661.25;878
20260319 082500;6661.25;6666;6658.25;6665.25;2225
20260319 082600;6665.25;6665.25;6659.25;6659.5;815
20260319 082700;6659.75;6660;6653.5;6655;1714
20260319 082800;6655;6655.75;6653.5;6654.25;1315
20260319 082900;6654.25;6658.25;6653.75;6656.25;1838
20260319 083000;6656.25;6658;6656;6656.25;904
20260319 083100;6656.25;6660;6655.5;6658;1369
20260319 083200;6658;6660.5;6657.75;6659.25;1087
20260319 083300;6659.5;6660.5;6656.25;6656.5;1030
20260319 083400;6656.5;6657.25;6652;6657.25;2459
20260319 083500;6657.25;6657.25;6652;6653.5;1493
20260319 083600;6653.5;6655.25;6651.25;6653.25;1328
20260319 083700;6653.5;6654.25;6651.5;6653;797
20260319 083800;6652.75;6656;6652.5;6655.5;707
20260319 083900;6654.5;6656.75;6652.5;6653;700
20260319 084000;6653.25;6653.25;6649.75;6651.5;2252
20260319 084100;6651.75;6653.25;6650;6653;1445
20260319 084200;6653.25;6657.25;6653.25;6655.25;1457
20260319 084300;6655;6655.25;6648.75;6650.5;1761
20260319 084400;6650.5;6651.25;6648.25;6649.25;1070
20260319 084500;6649.25;6649.75;6647.5;6648;1046
20260319 084600;6648;6651.5;6647.5;6651.25;1198
20260319 084700;6651.75;6651.75;6647.5;6647.5;1089
20260319 084800;6647.75;6655.25;6647.75;6655;1017
20260319 084900;6655.25;6655.25;6652;6652;1346
20260319 085000;6652;6655.25;6651.25;6654.75;1092
20260319 085100;6654.75;6654.75;6653;6653.5;914
20260319 085200;6654;6655.5;6651;6652.5;1051
20260319 085300;6652.25;6656.5;6651;6656;1470
20260319 085400;6656;6662.25;6656;6662;1469
20260319 085500;6661.75;6664;6659.5;6659.75;1440
20260319 085600;6659.75;6661;6658;6659;1186
20260319 085700;6658.75;6660.5;6656.5;6657.5;944
20260319 085800;6657.5;6659.25;6656.75;6657.75;745
20260319 085900;6657.75;6658;6655.75;6657.75;923
20260319 090000;6657.75;6658;6655.25;6657.75;681
20260319 090100;6657.75;6663.25;6657.75;6661.75;1219
20260319 090200;6661.75;6665.75;6660.5;6664.25;1462
20260319 090300;6664;6667.5;6662;6666.25;1309
20260319 090400;6666.25;6668;6664.5;6664.75;1107
20260319 090500;6665.25;6666.5;6663.5;6665.75;879
20260319 090600;6665.5;6666.75;6663.5;6665;789
20260319 090700;6664.75;6665.75;6663;6665;668
20260319 090800;6664.75;6667.5;6664.25;6667;690
20260319 090900;6666.75;6667.25;6662.25;6662.75;912
20260319 091000;6662.75;6664.25;6661.5;6662.75;578
20260319 091100;6662.75;6664;6661.5;6662.75;645
20260319 091200;6662.75;6663;6659.25;6660.25;907
20260319 091300;6659.75;6661.75;6659;6661.5;643
20260319 091400;6661.75;6661.75;6658;6659;552
20260319 091500;6659.25;6664.25;6659.25;6663.75;3242
20260319 091600;6663.75;6665.25;6662;6664.5;1064
20260319 091700;6664.75;6665.25;6661.5;6663.25;1051
20260319 091800;6663.5;6663.5;6659;6659.5;995
20260319 091900;6659.5;6663;6659.5;6660;1349
20260319 092000;6660;6663.5;6660;6662.5;933
20260319 092100;6662.5;6666;6661;6666;959
20260319 092200;6665.75;6669.5;6665.25;6669.5;1712
20260319 092300;6669;6669.5;6667;6668.25;848
20260319 092400;6668.25;6669.25;6665.75;6666;853
20260319 092500;6666;6666.25;6662.25;6663.5;958
20260319 092600;6663.5;6665.75;6645.75;6646.75;10211
20260319 092700;6646.75;6653.5;6645.75;6652.25;6423
20260319 092800;6652.25;6655.75;6651.25;6652.25;3231
20260319 092900;6652.25;6654.5;6651.5;6651.75;1907
20260319 093000;6652;6655.75;6646;6649.5;3076
20260319 093100;6649.5;6657.25;6648.75;6657;3068
20260319 093200;6657;6660.75;6656.5;6660.25;1715
20260319 093300;6660.5;6662.25;6657;6659;1959
20260319 093400;6659;6660.75;6655.75;6656.25;1149
20260319 093500;6656.25;6656.75;6653.25;6654.25;1441
20260319 093600;6654.25;6658.25;6653;6654;1762
20260319 093700;6654;6658.25;6653.25;6654.5;1639
20260319 093800;6654.5;6655.75;6649.5;6651;2101
20260319 093900;6651.25;6656.75;6649.5;6655.75;2264
20260319 094000;6656.25;6660.5;6656;6658.25;1014
20260319 094100;6658.25;6663.5;6657.25;6661.25;1022
20260319 094200;6661.5;6663;6661;6662.75;782
20260319 094300;6662.75;6662.75;6658.25;6660.25;817
20260319 094400;6660.25;6663;6658.75;6660.25;874
20260319 094500;6660.25;6660.75;6655.75;6657;944
20260319 094600;6656.75;6659.75;6655.75;6656.75;883
20260319 094700;6656.5;6665.25;6656;6664.25;1414
20260319 094800;6664.5;6668.75;6663.25;6668;1740
20260319 094900;6668;6669.5;6666.75;6667.75;847
20260319 095000;6667.5;6673.25;6665.75;6672.75;3671
20260319 095100;6672.5;6675.75;6671.25;6674;3559
20260319 095200;6674;6681;6672.25;6678.5;3099
20260319 095300;6678.5;6679.75;6676;6676.25;1558
20260319 095400;6676.5;6677.75;6674.5;6677.25;1425
20260319 095500;6677.5;6678.25;6675.25;6676.75;865
20260319 095600;6676.75;6679.75;6676;6679.25;1300
20260319 095700;6679.25;6679.75;6677.5;6679.5;885
20260319 095800;6679.75;6681.75;6679.25;6680.75;1315
20260319 095900;6680.5;6682;6677.25;6677.75;1615
20260319 100000;6677.5;6679;6676;6677;1072
20260319 100100;6676.75;6677;6673.5;6673.75;1381
20260319 100200;6673.5;6675.25;6671.75;6674.5;1431
20260319 100300;6674.5;6674.75;6672.75;6674;1004
20260319 100400;6673.75;6675;6671.75;6672.5;946
20260319 100500;6672.25;6672.75;6670.5;6671.75;745
20260319 100600;6671.75;6672;6670;6670.25;600
20260319 100700;6670.25;6672;6670;6671.25;619
20260319 100800;6671.25;6673.75;6671;6673.75;793
20260319 100900;6673.75;6677;6673.25;6676.75;1075
20260319 101000;6676.25;6676.5;6671.75;6672.5;787
20260319 101100;6672.5;6675.25;6672.5;6675;669
20260319 101200;6674.75;6675.25;6673.5;6674.75;643
20260319 101300;6674.75;6677;6674.75;6674.75;800
20260319 101400;6674.75;6675.5;6670.75;6671.5;869
20260319 101500;6671.25;6672;6670.25;6670.75;694
20260319 101600;6671;6671.25;6668.75;6669;832
20260319 101700;6668.75;6671;6668.5;6669;685
20260319 101800;6669;6671;6668.75;6669.5;632
20260319 101900;6669.25;6671.25;6668.5;6670.75;606
20260319 102000;6671;6671.25;6668.25;6671;867
20260319 102100;6671;6671.5;6668;6669.25;649
20260319 102200;6669;6671.75;6669;6669.75;581
20260319 102300;6670;6671.25;6669.5;6669.75;330
20260319 102400;6669.75;6670.75;6668.5;6668.5;463
20260319 102500;6668.75;6671.25;6668.25;6670;552
20260319 102600;6669.75;6670.75;6669;6670.25;418
20260319 102700;6670.5;6672.25;6670.25;6671;547
20260319 102800;6671.25;6672.75;6669.75;6672;724
20260319 102900;6671.75;6672.75;6671.25;6671.75;404
20260319 103000;6671.75;6674;6671.75;6672.5;739
20260319 103100;6672.5;6674.5;6672.5;6672.75;505
20260319 103200;6673;6674.25;6672.25;6674;497
20260319 103300;6673.75;6674;6672.25;6674;479
20260319 103400;6674.25;6674.75;6673.25;6674.5;540
20260319 103500;6674.75;6675.25;6672.75;6674.25;499
20260319 103600;6674.25;6674.25;6671;6671.75;476
20260319 103700;6671.75;6673;6671;6671.25;363
20260319 103800;6671;6673.25;6670.5;6672.25;439
20260319 103900;6672.25;6672.5;6669.75;6670.5;559
20260319 104000;6670.5;6671.25;6668;6668.25;561
20260319 104100;6668.25;6668.75;6666.25;6667.75;1153
20260319 104200;6667.5;6669;6667.25;6667.75;690
20260319 104300;6667.5;6668.25;6666.25;6666.5;489
20260319 104400;6666.5;6666.5;6664.75;6665;958
20260319 104500;6665;6667;6664.25;6667;466
20260319 104600;6666.75;6668.75;6666.25;6666.25;453
20260319 104700;6666.5;6667.5;6665.25;6665.5;402
20260319 104800;6665.75;6667.75;6665;6665.25;525
20260319 104900;6665.5;6666.75;6663.75;6666.25;768
20260319 105000;6666;6667.25;6665.25;6666.5;675
20260319 105100;6666.5;6669.5;6666.25;6669.25;523
20260319 105200;6669;6669.5;6667.5;6667.5;526
20260319 105300;6667.25;6668;6664.75;6665.5;645
20260319 105400;6665.5;6668.25;6665.25;6668.25;630
20260319 105500;6668.25;6669;6666.25;6666.5;523
20260319 105600;6666.5;6666.5;6664.5;6665.75;396
20260319 105700;6665.75;6668;6665.25;6667.5;370
20260319 105800;6667.25;6668.5;6666.25;6667.25;550
20260319 105900;6667.25;6669.75;6667.25;6668.5;491
20260319 110000;6668.5;6668.75;6667;6667.5;372
20260319 110100;6667.75;6668.25;6665.5;6667;710
20260319 110200;6666.75;6670;6665.5;6669.25;531
20260319 110300;6669.25;6673.25;6669.25;6669.75;847
20260319 110400;6670;6670.25;6666;6668.25;581
20260319 110500;6668.25;6668.5;6665.75;6665.75;791
20260319 110600;6666;6667.25;6662.5;6663.5;858
20260319 110700;6664;6667;6663.25;6665.25;654
20260319 110800;6665.75;6667;6665.5;6666.25;354
20260319 110900;6666.25;6666.5;6662.75;6663.75;676
20260319 111000;6663.75;6666.5;6663.5;6664.75;842
20260319 111100;6664.5;6666.75;6663.75;6666.5;695
20260319 111200;6666.25;6666.5;6665.5;6665.75;811
20260319 111300;6665.75;6669.25;6665.75;6669;580
20260319 111400;6669.25;6672.25;6668.5;6669.25;1202
20260319 111500;6669.25;6669.5;6666.75;6666.75;561
20260319 111600;6666.75;6666.75;6665.25;6666;462
20260319 111700;6666.5;6667.25;6663.75;6667.25;925
20260319 111800;6667.25;6668.25;6662.25;6663;929
20260319 111900;6662.75;6663.5;6661.25;6662.25;823
20260319 112000;6662.25;6663.5;6661;6662;384
20260319 112100;6662.25;6663.25;6661;6661.75;480
20260319 112200;6661.5;6662.25;6660.75;6661;334
20260319 112300;6661.25;6661.25;6658.75;6658.75;628
20260319 112400;6658.75;6659.75;6656.75;6657.75;962
20260319 112500;6658;6658.5;6656.5;6657.5;505
20260319 112600;6657.75;6657.75;6655.75;6656;650
20260319 112700;6656.25;6657;6653.75;6656.5;1078
20260319 112800;6656.5;6659;6656.5;6657.5;748
20260319 112900;6657.5;6659.5;6657.25;6658.5;547
20260319 113000;6658.5;6659.25;6658;6659;426
20260319 113100;6659;6661.5;6658.75;6661.25;655
20260319 113200;6661.25;6661.75;6659.75;6660.25;665
20260319 113300;6660.5;6660.5;6657.75;6659;671
20260319 113400;6659;6659.75;6657;6657.25;693
20260319 113500;6657.5;6657.5;6654.5;6654.75;595
20260319 113600;6655;6655;6652.25;6652.25;721
20260319 113700;6652.25;6653.25;6651.25;6651.75;885
20260319 113800;6651.75;6653;6650.5;6653;920
20260319 113900;6652.75;6653.75;6651.75;6652;883
20260319 114000;6652;6652.25;6650.25;6650.5;962
20260319 114100;6650.5;6652;6649.75;6651.5;617
20260319 114200;6651.75;6652.25;6650.25;6650.75;432
20260319 114300;6650.5;6651;6649.5;6650;734
20260319 114400;6650;6652.5;6650;6651.25;609
20260319 114500;6651.25;6652.5;6650.25;6650.25;539
20260319 114600;6650.5;6651.75;6649.75;6651.5;503
20260319 114700;6651;6652.25;6650;6650.25;877
20260319 114800;6650.25;6652.75;6650.25;6651.25;636
20260319 114900;6651.25;6652.75;6650.25;6652;745
20260319 115000;6652;6652.5;6650.25;6651;490
20260319 115100;6651;6654.25;6650.5;6654;938
20260319 115200;6653.75;6657.5;6653.5;6656.75;1041
20260319 115300;6656.5;6658;6655.5;6657.5;645
20260319 115400;6657.5;6658.25;6655.25;6657.25;807
20260319 115500;6657.5;6657.75;6655.75;6656.5;609
20260319 115600;6656.25;6657.5;6655;6656;589
20260319 115700;6655.75;6657.25;6655.75;6657.25;464
20260319 115800;6657.25;6659.5;6656.75;6659;484
20260319 115900;6659;6660.5;6658.75;6659.75;493
20260319 120000;6659.75;6660.25;6657.5;6659.75;592
20260319 120100;6659.75;6659.75;6654.25;6654.25;1560
20260319 120200;6654.5;6655;6649.5;6650.75;1361
20260319 120300;6650.75;6651.5;6647.25;6648.75;2050
20260319 120400;6648.5;6648.75;6643.5;6645.5;2433
20260319 120500;6645.25;6646.5;6643.25;6645;1709
20260319 120600;6645.25;6647.75;6644.5;6647.25;1274
20260319 120700;6647;6653.5;6646.25;6651.75;3450
20260319 120800;6651.75;6661.75;6650.5;6660.5;5789
20260319 120900;6660.75;6661;6652.75;6655.5;3384
20260319 121000;6655.5;6656.5;6652.75;6655.5;2178
20260319 121100;6655.25;6657.75;6653.75;6655.5;1594
20260319 121200;6656;6658;6655;6656.5;1117
20260319 121300;6656.75;6656.75;6651.5;6651.75;1417
20260319 121400;6651.75;6655;6651.75;6654.25;1425
20260319 121500;6654.25;6654.25;6648.5;6650.25;2065
20260319 121600;6650;6651.5;6649.5;6650.75;975
20260319 121700;6650.5;6652.75;6649.25;6651.5;1212
20260319 121800;6651.75;6653.5;6648.25;6649.75;1593
20260319 121900;6650;6651.25;6648.5;6650;1085
20260319 122000;6649.75;6650;6643.5;6644.5;2125
20260319 122100;6644.25;6646.75;6644;6645.75;1516
20260319 122200;6645.75;6648.25;6644.75;6646.25;980
20260319 122300;6646;6647.25;6644.75;6646;1029
20260319 122400;6646;6646.75;6642.25;6643;1743
20260319 122500;6643;6644.75;6642.75;6643.75;1157
20260319 122600;6644;6644.75;6639.75;6641;1953
20260319 122700;6641;6642;6636.25;6636.25;2185
20260319 122800;6636.5;6637;6634.5;6636.25;1827
20260319 122900;6636.25;6637.75;6633.25;6637;1512
20260319 123000;6636.75;6638.5;6635.5;6638.5;874
20260319 123100;6638.5;6639.75;6631.75;6634.75;2486
20260319 123200;6634.5;6636;6629.5;6633;2159
20260319 123300;6633.25;6638.75;6632.75;6636.25;1636
20260319 123400;6636;6641.75;6634.75;6641.25;2128
20260319 123500;6641;6642;6636.5;6637.75;1552
20260319 123600;6638;6641.5;6637;6639.75;1481
20260319 123700;6639.5;6641;6638;6639.25;1059
20260319 123800;6639.5;6640.5;6638;6640.25;1226
20260319 123900;6640;6640.25;6634.25;6635.75;1569
20260319 124000;6635.75;6636.5;6633.75;6634.5;1228
20260319 124100;6634;6635.5;6632.25;6634;2202
20260319 124200;6634;6636.5;6633;6636;1279
20260319 124300;6636;6641.5;6636;6641;1551
20260319 124400;6640.75;6644.25;6640.5;6642;1442
20260319 124500;6642;6643.5;6640.5;6641;1004
20260319 124600;6641;6641.25;6637.75;6638.25;1474
20260319 124700;6637.75;6638.5;6636.5;6638.5;1271
20260319 124800;6638.25;6638.5;6632.75;6634.25;2068
20260319 124900;6634.25;6636.5;6631.5;6632.25;1265
20260319 125000;6632.5;6634.25;6631;6632.25;1576
20260319 125100;6632.25;6633.5;6630.25;6630.5;1278
20260319 125200;6630.5;6631.25;6627;6628.5;2697
20260319 125300;6628.5;6628.75;6624.75;6625;1924
20260319 125400;6625;6629.5;6623.75;6628;2623
20260319 125500;6628;6632;6627.75;6630.75;1601
20260319 125600;6630.75;6631.75;6629.25;6631.5;950
20260319 125700;6631.5;6631.75;6629.5;6630.5;784
20260319 125800;6630.75;6633;6630.25;6632.25;938
20260319 125900;6632;6632.25;6628.75;6629.25;1069
20260319 130000;6629.5;6631;6628.75;6629.25;754
20260319 130100;6629.5;6631.75;6629;6629;1704
20260319 130200;6628.75;6629.25;6624.75;6625.5;1825
20260319 130300;6625.5;6627.5;6624.75;6626;1880
20260319 130400;6626;6626.25;6622.25;6625.5;3242
20260319 130500;6625.25;6627.25;6624.75;6626;1701
20260319 130600;6626;6627.5;6624.75;6625.75;1471
20260319 130700;6626;6626;6622.25;6623.25;1292
20260319 130800;6623.5;6624;6621.75;6623.75;1339
20260319 130900;6624;6626;6623.5;6623.75;1365
20260319 131000;6623.75;6625;6622.75;6622.75;935
20260319 131100;6622.75;6623.5;6621.25;6621.25;1163
20260319 131200;6621.25;6623.75;6621;6623;841
20260319 131300;6623;6623.5;6621.25;6622.5;750
20260319 131400;6622.5;6624.5;6621.5;6623.75;985
20260319 131500;6623.5;6624.75;6621.25;6622;617
20260319 131600;6622;6624;6615;6622.5;2853
20260319 131700;6622.5;6629.75;6622.5;6627;3061
20260319 131800;6627.25;6638.25;6627;6635.75;3908
20260319 131900;6636.25;6640;6632.5;6640;2786
20260319 132000;6640;6640;6635.75;6638;2004
20260319 132100;6638.25;6646.25;6638;6640;4436
20260319 132200;6640.25;6641;6636;6636.75;2032
20260319 132300;6636.75;6638.75;6634.25;6634.75;1790
20260319 132400;6635;6635.25;6625.5;6626.5;4579
20260319 132500;6626.75;6630;6626;6628.75;1970
20260319 132600;6628.75;6630.5;6625;6628.5;1685
20260319 132700;6628.5;6630.5;6627.5;6627.75;1083
20260319 132800;6628;6629.25;6624;6626.75;1604
20260319 132900;6626.75;6629.25;6625.5;6627.25;1386
20260319 133000;6628;6632.5;6627.75;6629.5;2300
20260319 133100;6629.25;6629.25;6611.5;6618.5;12840
20260319 133200;6618.5;6621.75;6613.25;6621.5;7174
20260319 133300;6621.5;6628.25;6621;6621;5869
20260319 133400;6621.25;6626;6619;6621;4956
20260319 133500;6621;6624.25;6617.5;6621.75;4058
20260319 133600;6621.75;6621.75;6613;6613.5;6094
20260319 133700;6613.5;6618.75;6613.25;6617.25;3939
20260319 133800;6617.25;6622;6614.75;6622;3901
20260319 133900;6621.75;6627.25;6618.5;6624.5;6246
20260319 134000;6624.25;6627.75;6620.5;6622.75;3970
20260319 134100;6622.5;6629.5;6620.25;6623.25;7771
20260319 134200;6623.25;6634.75;6622.25;6634.25;6916
20260319 134300;6634;6634.5;6627.75;6632;4746
20260319 134400;6632;6634;6629.75;6634;3269
20260319 134500;6633.75;6637;6631.25;6633.75;5686
20260319 134600;6633.75;6634.75;6627.25;6632.5;5847
20260319 134700;6632.5;6635.75;6626;6626.25;5682
20260319 134800;6626;6633.25;6625.75;6629;4616
20260319 134900;6629;6635.75;6628.75;6631.5;4493
20260319 135000;6631.25;6640.25;6631.25;6640.25;5629
20260319 135100;6639.75;6647.25;6637.5;6646.5;8669
20260319 135200;6646.5;6647.5;6642.5;6646.5;6915
20260319 135300;6646.5;6647.75;6640;6643.75;6787
20260319 135400;6643.75;6646;6641.5;6643.75;4588
20260319 135500;6643.75;6650.25;6642.75;6648.75;6053
20260319 135600;6648.5;6649;6640.5;6641.75;5529
20260319 135700;6641.75;6644.75;6641.25;6644.25;3751
20260319 135800;6644;6644.5;6639;6640.5;4718
20260319 135900;6640.5;6644.25;6639;6643.5;2711
20260319 140000;6643.5;6647.75;6640.5;6647;2552
20260319 140100;6647;6652.5;6643.5;6652.25;5748
20260319 140200;6652.25;6652.25;6647.75;6650;5669
20260319 140300;6649.75;6651.5;6646;6650;4338
20260319 140400;6649.75;6652.25;6648.5;6650;3210
20260319 140500;6649.75;6650.25;6642.25;6644;5463
20260319 140600;6644;6650;6643;6646;4455
20260319 140700;6646;6647.5;6641;6641.5;4984
20260319 140800;6641.5;6647.5;6641.5;6646.75;4489
20260319 140900;6646.75;6647;6643;6644;3454
20260319 141000;6644;6645.25;6641.25;6643.25;3653
20260319 141100;6643.25;6645.5;6640.5;6644.75;4886
20260319 141200;6644.75;6655.25;6644.75;6654.5;10038
20260319 141300;6654.25;6655.5;6651.75;6653.5;5041
20260319 141400;6653.75;6653.75;6643.5;6644.75;7492
20260319 141500;6645;6647;6641.5;6641.75;5686
20260319 141600;6641.75;6644.5;6637;6638.5;7880
20260319 141700;6638.75;6643;6636.25;6638.5;5831
20260319 141800;6638.75;6641;6637.5;6639;4607
20260319 141900;6639;6641.75;6634.25;6636.25;5472
20260319 142000;6636.25;6638.5;6632.75;6636.75;5632
20260319 142100;6637;6642.5;6635.5;6640.75;5755
20260319 142200;6640.75;6642.25;6631.25;6631.75;6751
20260319 142300;6631.75;6635.25;6629.5;6629.75;5600
20260319 142400;6630;6631;6628;6629;4954
20260319 142500;6629.25;6632;6627.25;6629.25;5409
20260319 142600;6629.5;6632.75;6626.75;6628;5277
20260319 142700;6628;6631.5;6625.5;6628.5;5955
20260319 142800;6628.75;6629;6623;6623.5;5142
20260319 142900;6623.5;6625.25;6621.5;6621.75;4768
20260319 143000;6621.5;6625.5;6620.5;6624;3898
20260319 143100;6623.5;6627.5;6622.75;6625.75;5781
20260319 143200;6626;6634;6625;6633.25;7642
20260319 143300;6633.5;6640;6633;6638;8316
20260319 143400;6637.75;6641.25;6635.5;6641;6206
20260319 143500;6641;6646.25;6639.75;6645.25;6003
20260319 143600;6645;6651.75;6644.5;6651;7303
20260319 143700;6651;6651.25;6646.5;6649;4383
20260319 143800;6649.25;6650.25;6642.75;6642.75;5737
20260319 143900;6642.75;6642.75;6635;6635.25;7389
20260319 144000;6635.25;6636.5;6631.25;6634;7501
20260319 144100;6634;6641.75;6633;6641.5;5508
20260319 144200;6641.5;6644.25;6638;6639;5223
20260319 144300;6639;6641.5;6636.25;6636.25;3984
20260319 144400;6636.25;6640.75;6632.75;6636.25;4682
20260319 144500;6636.25;6639.25;6634;6635.25;4463
20260319 144600;6635.5;6638.5;6633;6633.75;4272
20260319 144700;6633.75;6638.25;6632.5;6636.5;3779
20260319 144800;6636.75;6637;6631.25;6633;3983
20260319 144900;6633;6637;6633;6636.5;4358
20260319 145000;6636.5;6641;6636.25;6641;5703
20260319 145100;6641;6642.25;6635.75;6639.5;4977
20260319 145200;6639.75;6645.25;6638.5;6644.5;5639
20260319 145300;6644.5;6644.5;6638.25;6639.75;4464
20260319 145400;6640;6641.75;6637.75;6638.5;4206
20260319 145500;6638.25;6640;6636.25;6639.25;4003
20260319 145600;6639;6639.25;6633.75;6634.75;4764
20260319 145700;6634.75;6639.25;6634.5;6638;2771
20260319 145800;6637.75;6641.5;6637;6640.5;3396
20260319 145900;6640.5;6644.75;6639.5;6641.75;6177
20260319 150000;6641.75;6642;6638.5;6638.5;4020
20260319 150100;6638.75;6640.75;6637.25;6639;3793
20260319 150200;6639;6642;6639;6639.25;2303
20260319 150300;6639.5;6640.25;6635.5;6639.75;4618
20260319 150400;6639.75;6643.25;6639.75;6642.75;4201
20260319 150500;6642.75;6646.75;6641;6646.5;5091
20260319 150600;6646.5;6653.75;6645.25;6653.75;7762
20260319 150700;6653.5;6657.5;6652.25;6657.25;5952
20260319 150800;6657.25;6658.25;6648.5;6649.25;6853
20260319 150900;6649;6650.25;6647;6647.25;4631
20260319 151000;6647;6649.75;6643.75;6648.75;5731
20260319 151100;6648.75;6651.25;6647.25;6648.75;4658
20260319 151200;6649;6650.5;6647.75;6648.5;3647
20260319 151300;6648.5;6653;6648.25;6652.25;4497
20260319 151400;6652.5;6654.5;6648.75;6654;4155
20260319 151500;6654.25;6655;6652;6654.75;3028
20260319 151600;6654.5;6656;6651.75;6654.25;4592
20260319 151700;6654;6657.75;6653.75;6657.5;4238
20260319 151800;6657.5;6657.5;6648.5;6649;5419
20260319 151900;6649;6650.75;6648;6649;3488
20260319 152000;6649;6649.5;6641;6642.25;6229
20260319 152100;6642.25;6644.5;6637.75;6639;5934
20260319 152200;6639.25;6640.5;6636.5;6636.5;6166
20260319 152300;6636.5;6639.5;6636;6637.25;4322
20260319 152400;6637;6640;6635.25;6638.5;5011
20260319 152500;6638.5;6639.75;6634.75;6636;3811
20260319 152600;6636;6637.75;6633.25;6635.75;4865
20260319 152700;6635.5;6638.75;6635.25;6635.25;3900
20260319 152800;6635.5;6637.25;6632.5;6637;4142
20260319 152900;6637;6638.5;6635;6635.5;3070
20260319 153000;6635.5;6640.75;6635.25;6637.75;3328
20260319 153100;6638;6639;6635.75;6637;3608
20260319 153200;6636.75;6637;6630;6631.75;5218
20260319 153300;6631.75;6634.75;6630.5;6634.25;2909
20260319 153400;6634;6634.25;6630;6630.25;2518
20260319 153500;6630.5;6632.25;6628.25;6628.75;3713
20260319 153600;6628.5;6632.5;6627.5;6628.25;3481
20260319 153700;6628.25;6629.25;6625;6625;3852
20260319 153800;6625;6626.75;6624.25;6625.5;3463
20260319 153900;6625.5;6629.5;6625.5;6628.75;3069
20260319 154000;6628.75;6629.5;6625.75;6629.25;3002
20260319 154100;6629.25;6632;6628.25;6630.25;4226
20260319 154200;6630.5;6630.75;6627;6627;2456
20260319 154300;6626.75;6628.5;6625.75;6627.5;2885
20260319 154400;6627.75;6633.5;6627.25;6629;9232
20260319 154500;6628.75;6630.25;6625.25;6625.5;4737
20260319 154600;6625.5;6626.5;6622;6626.25;5756
20260319 154700;6626.25;6628.25;6623.75;6628;5301
20260319 154800;6628;6631;6624.75;6627.25;5629
20260319 154900;6627.25;6631;6625.25;6630.5;4252
20260319 155000;6630.5;6633.25;6629.5;6630;4249
20260319 155100;6630;6631.75;6627.25;6630.75;3752
20260319 155200;6630.75;6633;6627.5;6628.75;3756
20260319 155300;6628.75;6631.25;6627.5;6629.25;3266
20260319 155400;6629.25;6631.75;6628.25;6628.5;2853
20260319 155500;6628.5;6629.25;6626.75;6627.25;2859
20260319 155600;6627.5;6634.25;6627.5;6633.25;6037
20260319 155700;6633.25;6639.5;6633.25;6636.75;11132
20260319 155800;6636.75;6639.25;6634.5;6636;6430
20260319 155900;6635.75;6640.25;6633.5;6638.25;4224
20260319 160000;6638.25;6640;6637.75;6639.75;3179
20260319 160100;6639.75;6641.25;6634.75;6641;3963
20260319 160200;6641;6643.75;6639.25;6643.5;3826
20260319 160300;6643.25;6648.75;6642.5;6648.25;5148
20260319 160400;6648.25;6650.25;6647;6649.25;5381
20260319 160500;6649.5;6650;6643.25;6644.25;7198
20260319 160600;6644.25;6649.75;6643.25;6648.5;3832
20260319 160700;6648.5;6649.25;6644.75;6647;3014
20260319 160800;6647;6651.5;6646;6651.5;3368
20260319 160900;6651.25;6651.5;6645;6646.25;3182
20260319 161000;6646.75;6647.5;6642.75;6646;4211
20260319 161100;6646.25;6646.75;6639.25;6639.75;6247
20260319 161200;6639.75;6642.75;6637.5;6640.5;4286
20260319 161300;6640.5;6645.5;6639;6644.5;3481
20260319 161400;6644.25;6644.75;6637.75;6638.5;3068
20260319 161500;6638.75;6640.75;6636.75;6639;3109
20260319 161600;6639;6641.75;6634.25;6634.75;4712
20260319 161700;6634.75;6637.75;6634;6636.5;3140
20260319 161800;6636.25;6637.75;6635;6637.25;2502
20260319 161900;6637.25;6639.5;6635.75;6638.25;2950
20260319 162000;6638;6640.25;6635.75;6636.5;2469
20260319 162100;6636.75;6639.75;6635;6638;2531
20260319 162200;6638;6639.75;6637;6638.5;1715
20260319 162300;6638.5;6639.25;6632.25;6633;2957
20260319 162400;6633;6637.75;6631.75;6636.75;2991
20260319 162500;6636.5;6637.25;6634.75;6635.75;2136
20260319 162600;6636;6638.25;6634.75;6636;2125
20260319 162700;6636;6638.75;6635.25;6637.75;1971
20260319 162800;6637.5;6641.5;6637.5;6639.25;2961
20260319 162900;6639.25;6641.5;6638;6641.5;2443
20260319 163000;6641.5;6642.5;6639;6640.25;2473
20260319 163100;6640.5;6642.5;6639.75;6641.75;2813
20260319 163200;6642;6642.25;6637.5;6639.5;2391
20260319 163300;6639.5;6642.75;6637.25;6638.25;2530
20260319 163400;6638.25;6638.5;6635.75;6638;2702
20260319 163500;6638.25;6641;6638.25;6639.5;2629
20260319 163600;6639.25;6639.25;6633.5;6633.75;3829
20260319 163700;6633.75;6637;6633.5;6635.75;2831
20260319 163800;6636;6637.25;6634;6634;2106
20260319 163900;6634;6641.5;6634;6641.25;2622
20260319 164000;6641.25;6641.75;6639.75;6641;1990
20260319 164100;6641;6645.25;6640;6645;3314
20260319 164200;6644.75;6645;6642.75;6645;2403
20260319 164300;6644.75;6648;6644.5;6645;4057
20260319 164400;6644.75;6645;6639.5;6640.75;3124
20260319 164500;6641;6643.5;6640.75;6643;1506
20260319 164600;6643.25;6644.25;6638.75;6639.25;2036
20260319 164700;6639.5;6642;6638;6640.75;1984
20260319 164800;6640.75;6641.25;6637.75;6638.75;1601
20260319 164900;6638.75;6639.75;6636.75;6638.75;1825
20260319 165000;6639;6639.5;6636;6637;1558
20260319 165100;6637;6638;6634;6634.25;2151
20260319 165200;6634.5;6635;6630;6630.5;3185
20260319 165300;6630.5;6630.75;6626.75;6628.25;3293
20260319 165400;6628.5;6629.75;6627.25;6628.75;3263
20260319 165500;6628.5;6632;6627.75;6631;2345
20260319 165600;6631.25;6632.25;6629;6630.5;3042
20260319 165700;6630.25;6632.25;6628.25;6632;2009
20260319 165800;6631.75;6633.75;6631.5;6632.25;2202
20260319 165900;6632.25;6632.5;6629.25;6631.75;1714
20260319 170000;6632;6633.75;6630.5;6632.25;1056
20260319 170100;6632.25;6634.25;6631.5;6632.75;1332
20260319 170200;6632.5;6632.5;6628.75;6629.25;1629
20260319 170300;6629.25;6630.5;6628.75;6629.75;1068
20260319 170400;6629.75;6630.75;6628.5;6628.5;1062
20260319 170500;6628.75;6629.5;6625.5;6625.75;2045
20260319 170600;6625.75;6627.5;6625;6625.25;1992
20260319 170700;6625.5;6627.75;6623.75;6626;3029
20260319 170800;6626;6626.75;6624;6624.5;1652
20260319 170900;6624.25;6625;6619.75;6620.5;3747
20260319 171000;6620.5;6620.5;6617;6618.75;3394
20260319 171100;6618.75;6622;6618;6620.25;2498
20260319 171200;6620;6622.25;6620;6621.25;1780
20260319 171300;6621.25;6623;6619.25;6619.25;1909
20260319 171400;6619.5;6619.5;6617;6617.25;2653
20260319 171500;6617.25;6619;6616.25;6618.5;2331
20260319 171600;6618.5;6621.25;6616.75;6617.25;2875
20260319 171700;6617;6621.75;6617;6621.5;1696
20260319 171800;6621.25;6624.5;6621;6623.75;3009
20260319 171900;6623.75;6628.25;6623.75;6628;2763
20260319 172000;6628.25;6629.75;6626.75;6629.5;2381
20260319 172100;6629.25;6629.5;6626;6627.5;3030
20260319 172200;6627.5;6630.5;6627;6628.75;1577
20260319 172300;6628.75;6631;6628;6628.5;1974
20260319 172400;6628.5;6636.5;6628;6636.25;5504
20260319 172500;6636;6636.25;6632.25;6633.25;2600
20260319 172600;6633.25;6633.5;6630.75;6632.5;1955
20260319 172700;6632.5;6635.5;6630.25;6635.5;2333
20260319 172800;6635.5;6636;6632.75;6635.75;2209
20260319 172900;6635.5;6635.75;6631.75;6632.25;1558
20260319 173000;6632.25;6633.75;6631.25;6632.25;1419
20260319 173100;6632.25;6634.5;6631;6634.5;1965
20260319 173200;6634.5;6636;6632.75;6633;2054
20260319 173300;6633;6633.25;6628.5;6629.25;2419
20260319 173400;6629.5;6630;6627.5;6628.75;1780
20260319 173500;6628.75;6631.25;6627.5;6628.5;1771
20260319 173600;6628.25;6628.5;6625.75;6627;2071
20260319 173700;6627.25;6629.5;6626.5;6628.25;1338
20260319 173800;6628.5;6629.5;6625.75;6626.25;1249
20260319 173900;6626.5;6627.75;6625;6625.5;1079
20260319 174000;6626;6626;6623.25;6623.75;2265
20260319 174100;6623.75;6624.75;6622.25;6622.75;1487
20260319 174200;6622.5;6626;6622.25;6626;1872
20260319 174300;6626;6626.75;6623.75;6624.25;1814
20260319 174400;6624.25;6627.25;6623.75;6626.25;965
20260319 174500;6626.5;6628;6625.5;6626;1670
20260319 174600;6626;6629.25;6625.25;6629.25;1392
20260319 174700;6628.75;6629;6626.75;6627.25;1220
20260319 174800;6627.5;6627.5;6623.75;6624.75;1354
20260319 174900;6625;6627.5;6625;6627.5;956
20260319 175000;6627.75;6628;6625.5;6628;948
20260319 175100;6628;6632.25;6627.25;6631.25;2321
20260319 175200;6631.25;6633;6630.25;6633;1364
20260319 175300;6632.75;6639.5;6632.5;6639;3810
20260319 175400;6639;6639.25;6636.5;6638;2825
20260319 175500;6638;6639.25;6636.25;6638.25;1801
20260319 175600;6638.25;6638.25;6635.25;6635.75;1581
20260319 175700;6635.75;6636.25;6633.75;6636.25;1735
20260319 175800;6636.25;6636.25;6633.5;6635.75;1136
20260319 175900;6635.5;6635.75;6632.25;6633.25;1431
20260319 180000;6633.25;6634.5;6632.75;6633.25;762
20260319 180100;6633.5;6633.75;6630.75;6631.75;1778
20260319 180200;6631.75;6632.75;6629.75;6630.75;1414
20260319 180300;6630.5;6632.25;6629.25;6629.75;1123
20260319 180400;6629.75;6630;6626.75;6627.25;1948
20260319 180500;6627;6629.25;6627;6628;1467
20260319 180600;6628.25;6631.75;6627.5;6631.75;1950
20260319 180700;6631.25;6632.5;6629.25;6630;1920
20260319 180800;6630;6633.5;6628.5;6633.5;1614
20260319 180900;6633.25;6635.25;6632;6634.5;1921
20260319 181000;6634.5;6635.75;6633;6633.5;1627
20260319 181100;6633.75;6637;6633.5;6636.75;1400
20260319 181200;6636.75;6637;6634.25;6635;1660
20260319 181300;6635;6643;6634.5;6642.5;3222
20260319 181400;6642.5;6647.5;6641;6647.25;4298
20260319 181500;6646.75;6646.75;6642.5;6644.75;2976
20260319 181600;6644.5;6646.25;6644;6646.25;1808
20260319 181700;6646.25;6646.5;6641.5;6643.25;2518
20260319 181800;6643;6643.5;6639.75;6640.25;1985
20260319 181900;6640;6640.5;6638.25;6639;1546
20260319 182000;6639;6643;6639;6642.75;1335
20260319 182100;6643;6644.25;6641.5;6641.5;1734
20260319 182200;6641.5;6642.5;6640.25;6642;1316
20260319 182300;6642.25;6642.5;6640;6641;748
20260319 182400;6641;6641.25;6637.75;6638.75;1430
20260319 182500;6638.75;6641;6638.75;6639.25;809
20260319 182600;6639.25;6640.5;6637.5;6638;1083
20260319 182700;6638;6639.5;6638;6639.25;759
20260319 182800;6639;6640.5;6637;6638;1201
20260319 182900;6638.25;6638.5;6636.25;6637;1204
20260319 183000;6636.75;6637.25;6632.25;6632.75;1907
20260319 183100;6632.75;6633.5;6628.75;6629.75;2460
20260319 183200;6629.5;6632.75;6629.5;6631;2009
20260319 183300;6631;6633.25;6630.75;6633;1165
20260319 183400;6633;6634;6631.5;6632;1256
20260319 183500;6632;6632.75;6631;6632.75;845
20260319 183600;6632.75;6634.75;6631.5;6633;1286
20260319 183700;6632.75;6632.75;6629.5;6629.5;1350
20260319 183800;6629.5;6630.25;6626.5;6627;2423
20260319 183900;6626.75;6631.5;6626.75;6629.75;2178
20260319 184000;6629.75;6630;6628.25;6629;681
20260319 184100;6629;6629.75;6627;6627.5;1228
20260319 184200;6627.25;6628.25;6626;6626.5;1388
20260319 184300;6626.5;6627.25;6625.25;6626.25;1569
20260319 184400;6626.5;6626.75;6624;6624.5;1610
20260319 184500;6624.5;6627;6624.25;6625.75;1497
20260319 184600;6625.5;6626.75;6624.5;6626.25;1147
20260319 184700;6626.25;6629;6625.25;6628.25;1724
20260319 184800;6628.25;6629.25;6627;6628;1456
20260319 184900;6628;6628.75;6626.25;6628.5;1231
20260319 185000;6628.25;6629.25;6626.5;6627.5;1239
20260319 185100;6627.5;6627.5;6624;6624.25;1289
20260319 185200;6624.25;6629;6624.25;6628.75;1424
20260319 185300;6628.5;6630.5;6628;6629.25;1679
20260319 185400;6629.5;6630.75;6628.75;6629.25;1105
20260319 185500;6629.5;6631.5;6629;6631.25;1165
20260319 185600;6631.25;6633;6629.75;6633;1760
20260319 185700;6633;6637.25;6632;6636.25;4390
20260319 185800;6636;6640.75;6635.25;6640.75;3326
20260319 185900;6640.75;6649;6640;6648.75;6512
20260319 190000;6648.75;6649.5;6644.5;6645.75;6888
20260319 190100;6645.75;6652.5;6645.25;6652.25;5363
20260319 190200;6652.25;6663.5;6651;6663;7911
20260319 190300;6663.25;6669;6661.75;6667.5;11293
20260319 190400;6667.25;6667.5;6661;6662.25;8664
20260319 190500;6662.25;6666.5;6659.5;6665.25;6711
20260319 190600;6665.75;6674.5;6665.25;6673;10518
20260319 190700;6672.75;6690;6671.25;6688.75;15621
20260319 190800;6688.75;6692;6675.75;6676.5;12915
20260319 190900;6676.5;6688;6673.5;6685.5;12247
20260319 191000;6685.25;6688;6678.75;6679.5;7356
20260319 191100;6679.25;6684.75;6672.5;6684.5;10028
20260319 191200;6684.5;6688.75;6682.5;6685.25;7602
20260319 191300;6685;6686.5;6673.5;6675.25;7185
20260319 191400;6675.25;6676.25;6668.5;6673.75;7904
20260319 191500;6673.75;6681.5;6673.5;6680.75;7177
20260319 191600;6680.75;6685.25;6679.25;6684.5;5801
20260319 191700;6684.25;6684.5;6676;6677;5196
20260319 191800;6677;6683.75;6676.75;6681.75;4408
20260319 191900;6682;6683.5;6677.75;6681.25;5737
20260319 192000;6681.25;6682.75;6673.5;6680.75;5212
20260319 192100;6680.75;6681.5;6670.5;6671;4662
20260319 192200;6671;6675.25;6669.25;6670.75;4811
20260319 192300;6671;6675.5;6669.25;6674.5;4121
20260319 192400;6674.75;6676;6669;6670;3755
20260319 192500;6669.75;6671.25;6666.5;6668.25;3827
20260319 192600;6668;6669;6658.5;6658.75;5744
20260319 192700;6659;6663.75;6659;6662;5997
20260319 192800;6662;6666.25;6660.5;6660.5;4999
20260319 192900;6661;6663.25;6659.25;6662;5106
20260319 193000;6662;6665;6661;6664.25;3534
20260319 193100;6664.5;6665;6659.25;6664;3966
20260319 193200;6664;6665.75;6660.75;6665.5;3521
20260319 193300;6665.25;6666;6660;6661.75;2450
20260319 193400;6661.75;6667;6661.5;6667;2504
20260319 193500;6667;6669.5;6660.75;6661.25;4212
20260319 193600;6661.25;6663.75;6651.5;6653;6070
20260319 193700;6653.25;6658.75;6653;6657.25;3633
20260319 193800;6657.5;6664.75;6657.25;6664.25;3564
20260319 193900;6664.5;6664.75;6659.75;6660.25;2415
20260319 194000;6660.25;6665.75;6660;6665;2309
20260319 194100;6665.25;6667;6663;6665.5;3008
20260319 194200;6665.5;6666.25;6661.25;6664.25;2589
20260319 194300;6664.5;6666;6661.5;6665.25;2006
20260319 194400;6665.25;6667.5;6664.25;6666.5;2532
20260319 194500;6666.5;6668.5;6664;6664.5;3150
20260319 194600;6664.5;6664.5;6660;6662;3928
20260319 194700;6661.75;6664.25;6660.75;6662.5;2817
20260319 194800;6662.75;6667;6660.25;6665.75;2692
20260319 194900;6665.75;6665.75;6662.5;6664;2103
20260319 195000;6664.25;6664.75;6660.25;6661.75;2182
20260319 195100;6661.75;6663.75;6657;6657.75;4189
20260319 195200;6657.5;6662;6657.25;6659;2254
20260319 195300;6659;6664;6658.5;6660.25;2896
20260319 195400;6660.25;6661.25;6658.75;6658.75;2143
20260319 195500;6658.75;6661.5;6657.5;6659.5;2717
20260319 195600;6659.5;6664.25;6658;6664;4282
20260319 195700;6664;6664.25;6658.75;6660.5;2066
20260319 195800;6660.75;6664.5;6659.25;6663.75;2066
20260319 195900;6664;6664.25;6658.5;6661.5;3202
20260319 200000;6661.5;6662;6657.25;6659;7694
20260319 200100;6659;6662.25;6657.75;6661.75;4242
20260319 200200;6661.75;6661.75;6656.5;6656.75;1586
20260319 200300;6656.75;6658;6655.75;6656.25;1182
20260319 200400;6656.25;6657.75;6654.75;6657.75;1038
20260319 200500;6657.25;6661.75;6657;6661.25;1200
20260319 200600;6661.5;6665.25;6661.25;6664;1427
20260319 200700;6664.25;6665;6662.25;6664.25;1121
20260319 200800;6664.5;6669;6664;6666;1534
20260319 200900;6666;6667;6665;6666.5;459
20260319 201000;6666.5;6667.5;6665.5;6666;543
20260319 201100;6666.25;6666.75;6664.5;6666.5;667
20260319 201200;6666.25;6667.25;6664.75;6665.75;402
20260319 201300;6666;6667.25;6665.5;6667.25;322
20260319 201400;6667;6668;6666;6667.5;467
20260319 201500;6667.25;6670.5;6666.5;6670.25;992
20260319 201600;6670;6672.5;6670;6671.75;817
20260319 201700;6672;6672.5;6671;6672;527
20260319 201800;6672;6672;6670.5;6670.75;228
20260319 201900;6671;6673;6670.5;6672.25;489
20260319 202000;6672.25;6672.5;6671;6671.25;312
20260319 202100;6671.25;6672.25;6670.75;6671.75;253
20260319 202200;6671.75;6672.5;6671;6671.75;216
20260319 202300;6671.75;6675;6671.5;6674.5;525
20260319 202400;6674.5;6675.25;6673.5;6673.75;400
20260319 202500;6674;6674.25;6672.75;6673;161
20260319 202600;6673;6673.5;6671.75;6673.25;295
20260319 202700;6673.5;6673.75;6671;6671.5;353
20260319 202800;6671.75;6673;6671.75;6672.75;205
20260319 202900;6672.25;6673;6672.25;6672.25;152
20260319 203000;6672.5;6673;6672.25;6672.25;129
20260319 203100;6672;6672.25;6671;6671.75;320
20260319 203200;6672;6672.5;6671;6671.25;172
20260319 203300;6671.25;6671.25;6669.5;6670.5;349
20260319 203400;6670.25;6671.5;6669.75;6671.25;293
20260319 203500;6671.25;6671.5;6670.5;6671;313
20260319 203600;6670.75;6672;6670.5;6671.5;179
20260319 203700;6671.5;6671.75;6670.75;6671.25;704
20260319 203800;6671.5;6671.5;6670.5;6671;213
20260319 203900;6671.25;6671.5;6671;6671.5;210
20260319 204000;6671.5;6671.75;6670.75;6671.5;322
20260319 204100;6671.5;6672.25;6671;6671.5;413
20260319 204200;6671.5;6672;6670.75;6671.75;448
20260319 204300;6671.5;6671.75;6671;6671.5;231
20260319 204400;6671.25;6672;6670.75;6671.5;179
20260319 204500;6671.5;6672;6671.25;6671.5;217
20260319 204600;6671.5;6672;6670.75;6671.25;347
20260319 204700;6670.75;6672;6670.75;6671.75;284
20260319 204800;6672;6673;6671.25;6671.25;357
20260319 204900;6671.5;6672.25;6671.25;6672;381
20260319 205000;6672;6672;6670.75;6670.75;1287
20260319 205100;6671;6671.75;6670;6670.5;404
20260319 205200;6670.5;6670.5;6669.5;6670.25;461
20260319 205300;6670.5;6670.5;6668.75;6669;414
20260319 205400;6669.25;6670;6668.75;6669.75;169
20260319 205500;6669.75;6671;6669.5;6670.75;282
20260319 205600;6670.75;6671;6670.5;6670.5;146
20260319 205700;6670.25;6671;6670;6670.25;138
20260319 205800;6670.25;6670.75;6669.75;6670.5;136
20260319 205900;6670.5;6671;6670.25;6670.5;120
20260319 210000;6670.25;6671.25;6670;6670.5;192
20260319 220100;6672.5;6680;6672.5;6677.5;1278
20260319 220200;6677.75;6677.75;6674;6674.75;1054
20260319 220300;6675.25;6675.5;6674.25;6674.75;307
20260319 220400;6674.75;6675;6672.5;6672.75;223
20260319 220500;6672.75;6673.5;6670.75;6671.5;419
20260319 220600;6671.25;6671.25;6668.5;6669;511
20260319 220700;6669;6669.5;6667.75;6668;285
20260319 220800;6668.25;6669;6668;6668.25;258
20260319 220900;6668.25;6670.5;6667.75;6670.5;395
20260319 221000;6670.25;6671.75;6670;6671.25;381
20260319 221100;6671.25;6672.75;6671.25;6672;332
20260319 221200;6672.25;6672.75;6671;6671.5;258
20260319 221300;6671.5;6671.5;6670.25;6670.5;293
20260319 221400;6670.25;6672.5;6670;6672;378
20260319 221500;6672;6673;6671.5;6672;425
20260319 221600;6672;6673.75;6672;6673;295
20260319 221700;6673;6673.5;6671.25;6671.5;240
20260319 221800;6671.75;6672.5;6670.75;6672.25;268
20260319 221900;6672.5;6672.75;6672;6672.75;122
20260319 222000;6673;6677;6673;6676.5;846
20260319 222100;6676.75;6677.75;6675.75;6676.5;724
20260319 222200;6676.5;6677.25;6675.5;6677.25;400
20260319 222300;6677.25;6677.25;6676.25;6676.75;191
20260319 222400;6677;6677;6676;6676.25;183
20260319 222500;6676.25;6677.25;6675.75;6676.5;214
20260319 222600;6676.5;6678.5;6676.5;6677.5;238
20260319 222700;6677.75;6678.5;6677.75;6678.25;208
20260319 222800;6678.25;6678.5;6678;6678;186
20260319 222900;6678.5;6678.75;6678;6678.25;189
20260319 223000;6678.25;6678.5;6677.5;6677.5;127
20260319 223100;6677.75;6678;6677.25;6677.5;197
20260319 223200;6677.25;6678;6677;6677.75;235
20260319 223300;6677.75;6678.75;6677.75;6678.75;169
20260319 223400;6678.75;6679.75;6678.25;6678.5;412
20260319 223500;6678.75;6679;6678;6678.25;253
20260319 223600;6678.25;6679.75;6677.75;6678;372
20260319 223700;6678;6679.25;6677.25;6678.75;479
20260319 223800;6678.75;6679.5;6678.5;6679.25;136
20260319 223900;6679;6680;6679;6679.25;302
20260319 224000;6679;6679.75;6679;6679.25;136
20260319 224100;6679;6679.25;6677;6677;217
20260319 224200;6677.25;6678.25;6677;6677.25;317
20260319 224300;6677.25;6677.5;6676.5;6677;165
20260319 224400;6677;6678.25;6677;6678;214
20260319 224500;6678;6678.25;6677.5;6677.75;136
20260319 224600;6677.75;6677.75;6676.75;6676.75;170
20260319 224700;6677;6678;6676.5;6677;293
20260319 224800;6677.25;6677.25;6676.25;6676.75;110
20260319 224900;6676.75;6677.25;6675.75;6676;245
20260319 225000;6676;6676.5;6675.25;6675.5;241
20260319 225100;6675.25;6675.5;6674.25;6674.5;412
20260319 225200;6674.25;6675.75;6674.25;6675.5;290
20260319 225300;6675.25;6676.25;6675;6676;157
20260319 225400;6675.75;6676;6675.25;6675.75;211
20260319 225500;6675.5;6676.5;6675.25;6675.5;205
20260319 225600;6675;6675.75;6674.75;6675.5;142
20260319 225700;6675.5;6675.75;6675;6675.5;171
20260319 225800;6675.5;6675.75;6675;6675;54
20260319 225900;6675.5;6676.5;6675.25;6676.5;197
20260319 230000;6676.5;6677.5;6676.5;6676.75;314
20260319 230100;6676.75;6678.25;6676;6678.25;595
20260319 230200;6678.5;6678.75;6676.5;6676.75;446
20260319 230300;6676.5;6677.75;6675.75;6677.75;453
20260319 230400;6677.75;6679;6677.75;6678.75;286
20260319 230500;6678.75;6679.25;6678;6678.25;234
20260319 230600;6678.25;6679.5;6678.25;6679.5;277
20260319 230700;6679;6679.75;6678.75;6679;163
20260319 230800;6679;6680;6678.75;6679.5;237
20260319 230900;6679.75;6682;6679.5;6681.75;811
20260319 231000;6681.75;6681.75;6679.5;6679.75;463
20260319 231100;6679.75;6680;6678;6678.25;431
20260319 231200;6678.25;6678.25;6677;6677.5;340
20260319 231300;6677.75;6678.75;6677;6678.75;293
20260319 231400;6678.75;6678.75;6677.5;6677.75;258
20260319 231500;6677.75;6678.5;6677;6677.75;174
20260319 231600;6677.5;6677.75;6676.25;6677;435
20260319 231700;6677.25;6678;6676.75;6677.25;236
20260319 231800;6677;6677.5;6677;6677.5;129
20260319 231900;6677.5;6678;6676.5;6676.75;205
20260319 232000;6676.75;6676.75;6675.5;6676.5;337
20260319 232100;6676.5;6677.5;6676.25;6676.5;289
20260319 232200;6676.5;6676.75;6675.5;6676;289
20260319 232300;6675.75;6676;6673.5;6673.75;400
20260319 232400;6674;6675;6673.25;6673.25;461
20260319 232500;6673.5;6674.5;6673.25;6673.25;321
20260319 232600;6673.25;6673.5;6672.5;6673;401
20260319 232700;6673.25;6673.75;6672.75;6673.75;142
20260319 232800;6673.75;6674.75;6673.75;6674.25;220
20260319 232900;6674.5;6675;6674;6675;283
20260319 233000;6675;6675;6674;6674.25;122
20260319 233100;6674.25;6676.75;6674;6676.25;385
20260319 233200;6676.25;6676.25;6674.75;6675.25;254
20260319 233300;6675;6676;6674.25;6674.25;206
20260319 233400;6674.25;6674.5;6673.25;6673.25;313
20260319 233500;6673.5;6674.25;6673.25;6673.75;201
20260319 233600;6673.5;6674.25;6673.25;6674.25;118
20260319 233700;6674;6674.25;6673.75;6674;99
20260319 233800;6673.75;6674.5;6673.75;6674.25;103
20260319 233900;6674.25;6675.5;6674.25;6674.75;267
20260319 234000;6675;6675.25;6674.5;6675;130
20260319 234100;6674.75;6674.75;6673.25;6673.25;132
20260319 234200;6673.25;6674.5;6673;6674.25;163
20260319 234300;6674.5;6675;6674;6674.25;162
20260319 234400;6674.25;6674.25;6673.5;6673.5;80
20260319 234500;6673.5;6673.5;6672.25;6672.75;431
20260319 234600;6672.75;6674.25;6672.75;6674.25;214
20260319 234700;6674;6675.5;6673.5;6675.25;213
20260319 234800;6675;6675.75;6674.5;6675;246
20260319 234900;6675.25;6675.25;6674;6674.25;151
20260319 235000;6674.25;6674.25;6673;6673.25;193
20260319 235100;6673.25;6674.25;6673;6673;168
20260319 235200;6673;6673;6670.75;6671.5;472
20260319 235300;6671.5;6672;6671.25;6671.75;138
20260319 235400;6671.5;6672.5;6671.5;6672.25;95
20260319 235500;6672.25;6674.25;6672.25;6673.75;393
20260319 235600;6673.5;6674;6672.75;6673.75;128
20260319 235700;6674;6677;6673.25;6676.25;478
20260319 235800;6676.5;6676.5;6675;6675.25;281
20260319 235900;6675.25;6675.5;6673.25;6673.25;310
20260320 000000;6673.25;6673.5;6672.75;6673;204
20260320 000100;6673.25;6675;6672.75;6675;451
20260320 000200;6675;6676.75;6674.75;6676.5;228
20260320 000300;6676.25;6676.5;6671.5;6671.75;497
20260320 000400;6672;6672.25;6668.5;6668.5;1003
20260320 000500;6668.75;6669.75;6667;6668.25;932
20260320 000600;6668;6669.5;6666.75;6668.75;478
20260320 000700;6669;6672.25;6669;6672;539
20260320 000800;6672.25;6672.25;6670.5;6671.75;360
20260320 000900;6671.75;6674.25;6671;6673.75;396
20260320 001000;6674;6674.25;6673.25;6674.25;471
20260320 001100;6674.25;6678.5;6674.25;6678;803
20260320 001200;6678.25;6679.25;6677.75;6678;540
20260320 001300;6678;6678.75;6677.25;6678.5;460
20260320 001400;6678.75;6679.5;6677.25;6678.75;489
20260320 001500;6678.5;6678.75;6677.5;6678.75;181
20260320 001600;6678.5;6678.75;6675.75;6677.25;325
20260320 001700;6677;6678;6677;6677.5;181
20260320 001800;6677.75;6678.25;6676.75;6677;150
20260320 001900;6677.25;6677.75;6675.25;6676;345
20260320 002000;6675.75;6676.75;6674.75;6676;244
20260320 002100;6676;6676;6673.5;6673.5;346
20260320 002200;6673.25;6674.75;6673;6673.5;297
20260320 002300;6673.5;6674.75;6671;6671;369
20260320 002400;6671;6671.5;6669;6669.5;769
20260320 002500;6669.5;6670;6666.25;6669.5;741
20260320 002600;6669.25;6671.25;6669;6670.5;412
20260320 002700;6670.5;6671.25;6670;6670.5;274
20260320 002800;6670.5;6671;6668.25;6668.75;192
20260320 002900;6668.5;6669;6668.25;6668.5;176
20260320 003000;6668.5;6670;6668.25;6669.25;217
20260320 003100;6669.25;6670;6668.75;6669.75;156
20260320 003200;6669.75;6671;6668.5;6669;362
20260320 003300;6669.25;6669.5;6667.75;6668.5;317
20260320 003400;6668.5;6669;6668;6668.75;170
20260320 003500;6668.5;6669.25;6668.25;6668.75;133
20260320 003600;6669.25;6670;6668.75;6669;173
20260320 003700;6669.25;6669.75;6667;6667.25;287
20260320 003800;6667.5;6669.25;6667;6668.75;245
20260320 003900;6669;6670;6668.75;6670;126
20260320 004000;6669.75;6670.5;6669;6670.5;222
20260320 004100;6670.5;6672.5;6670.5;6671.25;487
20260320 004200;6671;6671;6669.5;6670;260
20260320 004300;6670;6670.75;6668.5;6668.75;252
20260320 004400;6668.75;6669.75;6667.75;6669.5;293
20260320 004500;6669.5;6670;6669;6669;114
20260320 004600;6669.25;6671.75;6669.25;6671.25;343
20260320 004700;6671.25;6671.25;6670.25;6670.25;160
20260320 004800;6670.5;6670.5;6668.5;6668.75;244
20260320 004900;6668.5;6670;6668.5;6669.75;240
20260320 005000;6670;6670;6669.25;6669.5;95
20260320 005100;6669.25;6671.5;6669.25;6671;351
20260320 005200;6671;6671.5;6668.25;6668.25;336
20260320 005300;6668.25;6669.5;6668;6668.25;239
20260320 005400;6668.5;6670.25;6668;6670;160
20260320 005500;6670;6670.25;6668.25;6668.25;132
20260320 005600;6668.25;6669.5;6668;6669;142
20260320 005700;6668.75;6669;6668;6668.25;165
20260320 005800;6668.25;6668.5;6667.25;6668;263
20260320 005900;6667.75;6670;6667.5;6669.75;158
20260320 010000;6669.75;6670.25;6668.5;6669.25;193
20260320 010100;6669.5;6671.25;6667.75;6670.75;1538
20260320 010200;6670.5;6672.5;6670;6671;413
20260320 010300;6671;6671.5;6670;6671.25;281
20260320 010400;6671;6672.5;6669.5;6671.5;315
20260320 010500;6671.25;6674.25;6671.25;6673.5;590
20260320 010600;6673.75;6675.5;6672.25;6675.25;449
20260320 010700;6675;6675.75;6673.75;6674.25;380
20260320 010800;6674.25;6676.25;6673.25;6675.75;280
20260320 010900;6675.75;6676;6674.25;6675.25;376
20260320 011000;6675.25;6675.25;6672.75;6673.75;363
20260320 011100;6673.75;6674.25;6673.25;6674;305
20260320 011200;6674;6674.25;6672.75;6673;293
20260320 011300;6672.75;6677;6672.5;6676.75;693
20260320 011400;6676.75;6677.25;6675.5;6676.5;545
20260320 011500;6676.5;6677.75;6675.5;6675.5;436
20260320 011600;6676;6676;6673.75;6675;612
20260320 011700;6675;6676.75;6675;6676.5;409
20260320 011800;6676.25;6676.25;6672.75;6672.75;585
20260320 011900;6672.75;6673.5;6671.75;6672;430
20260320 012000;6671.75;6674.5;6671.75;6674.25;369
20260320 012100;6674.25;6674.5;6672;6672.5;329
20260320 012200;6672.25;6672.5;6669.25;6669.5;439
20260320 012300;6669.5;6673.25;6669;6671.75;466
20260320 012400;6671.75;6673.25;6671.25;6672.75;308
20260320 012500;6672.5;6673.5;6671.75;6672.75;342
20260320 012600;6672.75;6673.5;6672;6672.5;155
20260320 012700;6672.25;6673.5;6672;6672.5;128
20260320 012800;6672.25;6674.5;6672.25;6674.25;183
20260320 012900;6674.5;6675.5;6674;6674.75;390
20260320 013000;6674.75;6675.5;6674.25;6675.25;134
20260320 013100;6675;6678;6675;6677.75;456
20260320 013200;6677.75;6678;6676.75;6677.25;231
20260320 013300;6677;6677.75;6676.5;6677.5;167
20260320 013400;6677.5;6679.25;6677.25;6679;417
20260320 013500;6679;6680.75;6678.25;6680.25;529
20260320 013600;6680.25;6680.25;6677.75;6678.75;309
20260320 013700;6679;6680.25;6678.5;6679;323
20260320 013800;6678.5;6680.75;6678.5;6680.75;272
20260320 013900;6680.75;6682.5;6680.25;6682;537
20260320 014000;6682;6683.25;6681.25;6682.75;419
20260320 014100;6683;6683.25;6682.25;6682.75;328
20260320 014200;6682.5;6683.25;6682;6682.25;212
20260320 014300;6682.25;6682.75;6680.75;6681;358
20260320 014400;6681;6682.75;6681;6682.5;187
20260320 014500;6682.5;6683.25;6682.25;6683;277
20260320 014600;6683.25;6684;6682.75;6684;426
20260320 014700;6683.75;6685.75;6683.5;6683.75;673
20260320 014800;6683.75;6683.75;6682.5;6682.5;282
20260320 014900;6682.75;6683.5;6682;6683.25;205
20260320 015000;6683.25;6683.25;6682.75;6683;175
20260320 015100;6682.75;6683;6680.5;6681;415
20260320 015200;6681;6681.25;6680.25;6680.75;299
20260320 015300;6680.5;6680.75;6680;6680.5;315
20260320 015400;6680.25;6681;6679.5;6679.75;262
20260320 015500;6679.75;6679.75;6677.25;6677.25;545
20260320 015600;6677.5;6678;6675.5;6675.75;521
20260320 015700;6675.75;6676.5;6674.25;6674.5;561
20260320 015800;6674.25;6674.5;6672.75;6673.25;673
20260320 015900;6673;6675;6672.5;6674.75;405
20260320 020000;6674.75;6675.5;6674.25;6674.75;199
20260320 020100;6675;6676.75;6674.5;6674.75;397
20260320 020200;6674.5;6675;6673.5;6674;260
20260320 020300;6674.25;6675.25;6673.75;6675;120
20260320 020400;6674.75;6675.25;6674.25;6674.5;97
20260320 020500;6674.5;6674.5;6673.5;6673.75;225
20260320 020600;6673.5;6675.25;6673.25;6675.25;162
20260320 020700;6675.25;6677.5;6674.75;6677.25;366
20260320 020800;6677.25;6677.75;6676;6676;280
20260320 020900;6676.25;6678.75;6676;6678.25;258
20260320 021000;6678;6678.25;6677;6677.75;170
20260320 021100;6677.75;6678;6677;6678;164
20260320 021200;6678;6678;6677;6677.5;109
20260320 021300;6677.5;6677.75;6677;6677.25;82
20260320 021400;6677.5;6678.25;6677.5;6678.25;102
20260320 021500;6678.25;6678.25;6677.5;6677.5;115
20260320 021600;6677.25;6677.5;6676.25;6676.5;187
20260320 021700;6676.75;6677.25;6676.25;6676.75;148
20260320 021800;6677;6678;6677;6678;99
20260320 021900;6678;6678.25;6677.5;6677.5;144
20260320 022000;6677.25;6678;6677.25;6677.75;82
20260320 022100;6677.75;6678.5;6677.25;6678.25;88
20260320 022200;6678;6678.5;6677.75;6678.25;115
20260320 022300;6678.25;6678.5;6677.75;6678.5;44
20260320 022400;6678;6678;6676.25;6676.75;219
20260320 022500;6676.25;6677;6676;6676;182
20260320 022600;6676.25;6677;6675.5;6676.25;124
20260320 022700;6676.25;6676.25;6675.5;6676;94
20260320 022800;6675.5;6676;6675.25;6675.5;154
20260320 022900;6675.75;6676.75;6675.5;6676;125
20260320 023000;6676;6676.25;6675.25;6675.5;73
20260320 023100;6675.75;6676.5;6674.25;6674.75;200
20260320 023200;6674.5;6675.75;6674.5;6675.75;126
20260320 023300;6675.75;6676.25;6675.5;6675.75;83
20260320 023400;6675.5;6675.75;6674.75;6674.75;73
20260320 023500;6675;6676.25;6675;6675.75;336
20260320 023600;6675.75;6676.75;6674.75;6675;177
20260320 023700;6675;6675.75;6673.75;6673.75;141
20260320 023800;6673.75;6674.25;6672.5;6673.5;358
20260320 023900;6673.5;6674;6673;6673.5;143
20260320 024000;6673.5;6674.5;6673;6674.5;236
20260320 024100;6674.25;6675.5;6673.75;6675.25;188
20260320 024200;6675;6676;6674.75;6675.25;182
20260320 024300;6675.5;6676.5;6675.25;6676;138
20260320 024400;6676.25;6677;6676;6676;144
20260320 024500;6676.25;6676.5;6675.5;6676.5;259
20260320 024600;6676.75;6677;6676.25;6676.75;77
20260320 024700;6676.75;6676.75;6675.75;6676.75;290
20260320 024800;6676.75;6677;6676.25;6676.5;178
20260320 024900;6676.5;6677;6676.25;6676.75;52
20260320 025000;6677;6677.5;6676.5;6677;145
20260320 025100;6677.25;6677.75;6677;6677.75;88
20260320 025200;6677.5;6678.75;6677.25;6678.25;252
20260320 025300;6678.25;6679.25;6678.25;6679.25;177
20260320 025400;6679.25;6679.5;6678.5;6679;195
20260320 025500;6679;6679;6678.5;6678.75;76
20260320 025600;6678.75;6678.75;6678;6678;167
20260320 025700;6678;6678.25;6674.75;6676;539
20260320 025800;6675.75;6675.75;6675.25;6675.25;135
20260320 025900;6675.25;6676.5;6675;6676;133
20260320 030000;6675.5;6676;6674.25;6674.5;145
20260320 030100;6674.5;6675.5;6674;6674.25;208
20260320 030200;6674;6674.5;6673.5;6673.5;177
20260320 030300;6673.5;6673.75;6672.5;6673.75;260
20260320 030400;6673.25;6674;6673;6673.75;113
20260320 030500;6673.25;6673.75;6671.75;6672.25;262
20260320 030600;6672.25;6673;6672.25;6672.5;83
20260320 030700;6672.5;6672.75;6671.75;6672;110
20260320 030800;6672;6673;6672;6672.75;152
20260320 030900;6672.5;6673.5;6672.5;6672.5;94
20260320 031000;6672.75;6672.75;6671.75;6672;117
20260320 031100;6672;6672.25;6671.75;6671.75;136
20260320 031200;6671.75;6672.75;6671.75;6672.75;122
20260320 031300;6673;6673.25;6672.25;6672.5;149
20260320 031400;6672.25;6673;6672.25;6673;76
20260320 031500;6673.25;6673.25;6672;6672.25;108
20260320 031600;6672.25;6672.75;6672.25;6672.75;92
20260320 031700;6672.5;6673.25;6672.5;6673.25;89
20260320 031800;6673.25;6673.75;6672.5;6672.75;170
20260320 031900;6672.75;6673;6671.5;6671.5;227
20260320 032000;6671.75;6672.25;6671;6672;292
20260320 032100;6672;6672.75;6671.5;6672.5;182
20260320 032200;6672.25;6672.25;6671.75;6671.75;124
20260320 032300;6671.75;6671.75;6671.25;6671.75;151
20260320 032400;6671.75;6672;6671;6671;68
20260320 032500;6671.5;6672;6671.5;6671.75;49
20260320 032600;6671.75;6671.75;6671;6671.75;58
20260320 032700;6671.5;6671.5;6669;6670;408
20260320 032800;6669.75;6670.25;6669.25;6669.25;174
20260320 032900;6669.5;6671;6669;6670.75;224
20260320 033000;6671;6671.5;6670.75;6671.5;182
20260320 033100;6671.25;6674.25;6671.25;6673.75;451
20260320 033200;6673.75;6674;6673;6673.5;219
20260320 033300;6673.25;6675;6673;6674.25;224
20260320 033400;6674.5;6675.5;6674;6674.75;224
20260320 033500;6675;6675.5;6674.75;6675.25;101
20260320 033600;6675.25;6675.5;6673.25;6674.25;250
20260320 033700;6674;6674.5;6673.5;6673.75;55
20260320 033800;6674;6674.5;6673;6673.25;123
20260320 033900;6673.25;6673.25;6672.25;6672.5;218
20260320 034000;6672;6672.25;6670.25;6670.75;537
20260320 034100;6670.75;6671.5;6670.25;6671.5;104
20260320 034200;6671.5;6672;6671.25;6671.75;91
20260320 034300;6671.5;6672.5;6671;6672.25;111
20260320 034400;6671.75;6672.25;6671.5;6671.75;45
20260320 034500;6671.75;6671.75;6670.75;6671;158
20260320 034600;6671;6671.25;6670.5;6670.75;77
20260320 034700;6670.75;6671.75;6670.75;6671.5;47
20260320 034800;6671;6672.5;6671;6672.25;96
20260320 034900;6672.25;6672.75;6671.75;6671.75;102
20260320 035000;6672;6672.5;6671.75;6671.75;42
20260320 035100;6671.75;6672;6670.5;6670.75;96
20260320 035200;6670.5;6670.75;6669.5;6670.5;157
20260320 035300;6670.25;6671.25;6670.25;6670.75;71
20260320 035400;6670.75;6671;6670.25;6670.25;60
20260320 035500;6670.25;6670.75;6670;6670.25;54
20260320 035600;6670.5;6671.5;6670.5;6670.75;56
20260320 035700;6670.75;6670.75;6670;6670;65
20260320 035800;6669.75;6670.5;6669.5;6670;111
20260320 035900;6670;6670.5;6669.75;6670;79
20260320 040000;6670.25;6671.5;6670.25;6671.25;176
20260320 040100;6671.5;6671.75;6671;6671.25;149
20260320 040200;6671.25;6672.25;6670.75;6672.25;115
20260320 040300;6672.25;6673.5;6671.75;6673.25;167
20260320 040400;6673.25;6673.25;6672.5;6673;78
20260320 040500;6673.25;6674;6673;6673.75;126
20260320 040600;6673.75;6674;6672.25;6672.75;127
20260320 040700;6672.5;6673;6672.5;6672.75;45
20260320 040800;6672.75;6673;6672;6672.75;54
20260320 040900;6673;6673;6671.75;6672.25;78
20260320 041000;6672.25;6672.5;6671.25;6671.5;90
20260320 041100;6671.5;6671.5;6670.25;6670.5;97
20260320 041200;6670.75;6672;6670.75;6671.75;93
20260320 041300;6671.75;6672;6671.25;6671.25;44
20260320 041400;6671.25;6671.25;6671;6671;52
20260320 041500;6671;6671.25;6670.75;6671;130
20260320 041600;6671;6671;6670.25;6670.25;85
20260320 041700;6670.25;6670.25;6669.25;6669.5;177
20260320 041800;6669.5;6669.5;6668.75;6669;163
20260320 041900;6668.75;6668.75;6668.25;6668.5;137
20260320 042000;6668.5;6668.5;6668;6668.25;185
20260320 042100;6668.25;6669.25;6668.25;6668.5;162
20260320 042200;6668.25;6668.75;6668;6668.75;71
20260320 042300;6668.5;6668.5;6667.75;6668.25;48
20260320 042400;6668.25;6668.25;6667;6667.25;178
20260320 042500;6667.25;6668.75;6667.25;6668;170
20260320 042600;6668;6668.5;6667.75;6668.25;93
20260320 042700;6668.5;6669;6668.25;6668.25;91
20260320 042800;6668.25;6668.5;6668;6668.25;88
20260320 042900;6668.25;6669;6668.25;6668.75;55
20260320 043000;6669;6670;6669;6670;167
20260320 043100;6669.75;6670.5;6669.5;6669.75;196
20260320 043200;6669.75;6669.75;6669;6669.25;115
20260320 043300;6669.5;6669.75;6669.25;6669.5;61
20260320 043400;6670;6670;6668.25;6668.5;114
20260320 043500;6668.5;6669.5;6668.5;6669.5;72
20260320 043600;6669.25;6670;6669.25;6670;53
20260320 043700;6669.5;6669.75;6669;6669;53
20260320 043800;6669.25;6669.75;6669;6669.25;55
20260320 043900;6669.25;6669.5;6669;6669;62
20260320 044000;6669.25;6669.25;6668.75;6669;27
20260320 044100;6669;6669.25;6668.5;6669.25;63
20260320 044200;6669.25;6669.75;6669.25;6669.5;50
20260320 044300;6669.25;6669.5;6668.5;6668.5;77
20260320 044400;6668.5;6668.5;6667.25;6667.25;158
20260320 044500;6667.5;6668.25;6667.25;6667.75;133
20260320 044600;6667.75;6667.75;6666.75;6667.25;207
20260320 044700;6666.75;6667.5;6666.25;6666.25;121
20260320 044800;6666.5;6667.25;6665.75;6666.5;292
20260320 044900;6666.5;6667.5;6665.75;6667.5;214
20260320 045000;6667.5;6668;6667;6667.5;106
20260320 045100;6667.25;6667.5;6666.5;6666.75;53
20260320 045200;6666.75;6667.25;6666.5;6667;73
20260320 045300;6667.25;6667.5;6666.5;6666.5;51
20260320 045400;6666.5;6667.25;6666.5;6666.75;41
20260320 045500;6666.75;6666.75;6666.5;6666.5;28
20260320 045600;6666.5;6667.25;6666.25;6667;97
20260320 045700;6667.25;6667.5;6667;6667.25;63
20260320 045800;6667;6667.25;6666.25;6666.25;39
20260320 045900;6666.25;6666.5;6666;6666;82
20260320 050000;6666.25;6666.25;6665.5;6665.75;102
20260320 050100;6666;6666;6662;6662;911
20260320 050200;6662.25;6663.75;6662.25;6663;241
20260320 050300;6662.75;6663.75;6662.75;6663.5;136
20260320 050400;6663.25;6663.75;6662.5;6662.5;115
20260320 050500;6662.5;6663.25;6662;6662.25;137
20260320 050600;6662.5;6663.25;6662;6663;202
20260320 050700;6662.75;6663.5;6662.25;6662.5;117
20260320 050800;6662.5;6662.75;6662;6662.5;71
20260320 050900;6662.5;6663.25;6662.5;6662.75;91
20260320 051000;6662.5;6663;6662;6662.5;173
20260320 051100;6662.75;6663;6661;6661;166
20260320 051200;6661;6662;6661;6661.5;152
20260320 051300;6661.5;6662.25;6660.75;6660.75;227
20260320 051400;6661;6662;6660.5;6662;201
20260320 051500;6661.75;6663.5;6661.75;6663.25;325
20260320 051600;6663.25;6665;6663.25;6664.5;338
20260320 051700;6664.75;6664.75;6664.25;6664.5;103
20260320 051800;6664.75;6664.75;6663.25;6663.75;116
20260320 051900;6664;6664.25;6663.5;6664;75
20260320 052000;6663.75;6664.5;6663;6664.5;120
20260320 052100;6664.75;6665.5;6664.25;6664.75;127
20260320 052200;6665;6666.25;6664.75;6665.5;180
20260320 052300;6665.5;6666.75;6665.25;6666.75;108
20260320 052400;6666.5;6667;6666;6666.5;141
20260320 052500;6666.5;6666.5;6665.75;6665.75;127
20260320 052600;6666;6667.25;6665.5;6667.25;169
20260320 052700;6667.25;6669;6667;6668;386
20260320 052800;6668;6668;6667;6667.25;197
20260320 052900;6667;6667.75;6666.5;6667.75;260
20260320 053000;6667.5;6668;6667;6667.75;104
20260320 053100;6668.25;6668.75;6668;6668.5;187
20260320 053200;6668.5;6668.5;6666.5;6667.25;258
20260320 053300;6667.25;6667.75;6667;6667.25;85
20260320 053400;6667.25;6667.25;6666;6666;106
20260320 053500;6665.75;6666.25;6664.75;6666;262
20260320 053600;6666;6667.25;6665.5;6667;172
20260320 053700;6666.75;6666.75;6665.25;6665.25;108
20260320 053800;6665.25;6666.75;6665.25;6666.5;129
20260320 053900;6666.75;6667;6665;6665.75;112
20260320 054000;6665.75;6666.25;6665.5;6666.25;107
20260320 054100;6666;6667;6665.75;6666.5;106
20260320 054200;6666.5;6666.75;6666;6666.5;38
20260320 054300;6666.75;6668.5;6666.75;6668.5;119
20260320 054400;6668.5;6669;6667.5;6667.75;155
20260320 054500;6667.75;6668.5;6667.5;6668.25;72
20260320 054600;6668.25;6670;6668.25;6669.5;293
20260320 054700;6669.5;6670;6668.75;6669.75;117
20260320 054800;6669.5;6669.75;6668;6668.25;111
20260320 054900;6668.25;6668.75;6667.75;6668;99
20260320 055000;6668;6668.5;6668;6668.5;43
20260320 055100;6668.75;6669.25;6668.5;6668.75;50
20260320 055200;6669;6669.5;6668.75;6669;128
20260320 055300;6669;6669;6667.75;6668;54
20260320 055400;6668.25;6668.75;6667.75;6668.75;60
20260320 055500;6668.5;6668.5;6668;6668;40
20260320 055600;6668.25;6668.5;6668;6668.25;92
20260320 055700;6668.25;6668.5;6668;6668;29
20260320 055800;6668.25;6668.25;6667.25;6667.25;144
20260320 055900;6667.5;6667.75;6667;6667;94
20260320 060000;6667;6667.5;6666.25;6667.25;144
20260320 060100;6667.25;6667.5;6665.75;6666.25;179
20260320 060200;6666;6666.25;6665;6665.5;242
20260320 060300;6665.25;6667.5;6665.25;6666.75;137
20260320 060400;6667;6669.5;6666.75;6668.25;323
20260320 060500;6668.25;6668.75;6667.75;6668;93
20260320 060600;6668;6669.75;6668;6669.5;161
20260320 060700;6669.5;6669.75;6669;6669.5;136
20260320 060800;6669.25;6669.5;6668.5;6669.5;128
20260320 060900;6669.25;6669.5;6668.25;6668.25;94
20260320 061000;6668.75;6668.75;6667.5;6667.5;109
20260320 061100;6667.75;6667.75;6666;6666;194
20260320 061200;6666;6666;6665;6665.5;203
20260320 061300;6665.5;6666.25;6665.25;6666;107
20260320 061400;6666;6666;6665.25;6665.75;97
20260320 061500;6666;6666.75;6666;6666.25;126
20260320 061600;6666.25;6666.25;6665;6665.25;115
20260320 061700;6665.25;6665.75;6664;6664.25;153
20260320 061800;6664;6664;6662.75;6663.25;217
20260320 061900;6663.75;6664.75;6663.25;6663.25;132
20260320 062000;6663.5;6664;6663.25;6663.5;56
20260320 062100;6663.5;6664;6661.75;6662;212
20260320 062200;6662;6662.75;6661.25;6661.5;107
20260320 062300;6661.75;6662;6661;6661.75;180
20260320 062400;6661.5;6662.25;6660.75;6661.25;134
20260320 062500;6662;6662.5;6661.75;6662.25;170
20260320 062600;6661.75;6661.75;6661.25;6661.5;70
20260320 062700;6661.75;6662.5;6661;6661.25;190
20260320 062800;6661.5;6662;6659;6659;523
20260320 062900;6659.25;6659.25;6658;6658.5;314
20260320 063000;6658.5;6660.25;6658.5;6660;273
20260320 063100;6660;6661.5;6659.75;6660.75;388
20260320 063200;6660.5;6661;6660.25;6660.25;123
20260320 063300;6660.25;6660.25;6659.5;6659.5;155
20260320 063400;6659.5;6662;6659.5;6661.75;193
20260320 063500;6662.25;6662.25;6660.75;6661;86
20260320 063600;6661;6661.5;6660.75;6660.75;112
20260320 063700;6660.75;6661.5;6659.5;6661;101
20260320 063800;6661.25;6661.25;6660.25;6660.25;88
20260320 063900;6660.5;6660.5;6659.25;6659.25;190
20260320 064000;6658.75;6659;6657.25;6658;411
20260320 064100;6658.25;6658.25;6657;6657;144
20260320 064200;6657.25;6658;6657;6657;207
20260320 064300;6657.25;6657.25;6655.75;6656.25;304
20260320 064400;6656.25;6656.75;6654.75;6655;464
20260320 064500;6655.5;6657.5;6655.25;6657.5;199
20260320 064600;6657.5;6657.5;6655.75;6656.75;250
20260320 064700;6656.5;6656.75;6655.25;6655.5;179
20260320 064800;6655.25;6657;6655.25;6655.75;137
20260320 064900;6655.75;6656.25;6654.75;6656.25;118
20260320 065000;6656;6657;6655.5;6655.75;168
20260320 065100;6655.75;6655.75;6655.25;6655.25;57
20260320 065200;6655;6655.5;6653.5;6653.75;303
20260320 065300;6654;6654.75;6654;6654;138
20260320 065400;6654.25;6654.75;6652.75;6652.75;314
20260320 065500;6653;6653.25;6651.5;6652.5;446
20260320 065600;6652.25;6653;6651.5;6653;160
20260320 065700;6652.75;6653.75;6652.5;6653.25;174
20260320 065800;6653;6653.75;6652.5;6652.75;163
20260320 065900;6652.75;6654.25;6652.75;6653.75;210
20260320 070000;6654;6654.25;6653.5;6653.5;130
20260320 070100;6653.5;6653.5;6647.25;6648;1388
20260320 070200;6647.5;6648.5;6644;6644.75;1276
20260320 070300;6644.5;6645.75;6643.25;6645.5;1025
20260320 070400;6645.25;6647.75;6644.75;6647.25;833
20260320 070500;6647;6648;6646.25;6646.25;709
20260320 070600;6646.25;6648;6645.5;6647.75;405
20260320 070700;6647.75;6648;6646.25;6646.75;390
20260320 070800;6646.75;6647.25;6646;6647;327
20260320 070900;6647;6650;6646.75;6649.75;567
20260320 071000;6649.5;6650;6648.25;6649.5;260
20260320 071100;6650;6650.75;6649;6650.5;322
20260320 071200;6650.75;6652.25;6650.5;6652;489
20260320 071300;6652;6652;6650.25;6651.75;276
20260320 071400;6651.75;6652.75;6651.5;6652.5;307
20260320 071500;6652.5;6653.25;6652.25;6653.25;299
20260320 071600;6653;6655.5;6652;6655.25;635
20260320 071700;6655.25;6656.25;6654.75;6654.75;480
20260320 071800;6654.75;6658;6654.5;6657.75;459
20260320 071900;6657.5;6657.5;6655.25;6655.75;339
20260320 072000;6655.75;6657.25;6655.75;6656.75;298
20260320 072100;6656.75;6658.75;6656;6658.75;356
20260320 072200;6658.75;6660.5;6658.25;6660.5;568
20260320 072300;6660.5;6662.75;6660;6662;754
20260320 072400;6662;6662.75;6660.25;6662;486
20260320 072500;6662;6662;6660;6660.25;443
20260320 072600;6660.25;6661.75;6660.25;6660.75;328
20260320 072700;6660.75;6661.25;6660;6660.25;177
20260320 072800;6660.5;6660.75;6659.25;6660.25;383
20260320 072900;6660.25;6662.25;6660;6662;234
20260320 073000;6661.75;6662.25;6661;6661.25;178
20260320 073100;6661;6663.25;6660.75;6662.25;420
20260320 073200;6662;6662.75;6661;6662.25;253
20260320 073300;6662.5;6663.5;6662.25;6663;322
20260320 073400;6662.75;6665.75;6662.75;6665.75;662
20260320 073500;6666;6666.5;6665;6665.75;418
20260320 073600;6665.75;6666.75;6665.25;6666.25;415
20260320 073700;6666.25;6668;6666;6667.5;434
20260320 073800;6667.75;6668;6665.75;6666;422
20260320 073900;6666;6666.25;6665;6665.75;269
20260320 074000;6665.75;6666;6665.25;6665.5;198
20260320 074100;6665.5;6667.25;6665.5;6667;377
20260320 074200;6667;6669.5;6666.75;6669.25;808
20260320 074300;6669.5;6669.5;6668.25;6668.5;214
20260320 074400;6668.25;6669;6667.5;6668;208
20260320 074500;6668.5;6671.25;6668.5;6671;1006
20260320 074600;6671.25;6671.25;6669;6670;431
20260320 074700;6670.25;6672.5;6669.75;6671;538
20260320 074800;6671;6671;6669.75;6670.5;182
20260320 074900;6670.25;6672.75;6669.5;6672;457
20260320 075000;6672;6672.5;6670.5;6671.25;228
20260320 075100;6671.5;6672.25;6670.25;6671.75;205
20260320 075200;6672;6672.25;6670.5;6671;190
20260320 075300;6671;6671.75;6669.5;6671.75;338
20260320 075400;6671.5;6672.75;6670.25;6672.5;282
20260320 075500;6672.5;6672.5;6670.75;6671.5;161
20260320 075600;6671.25;6671.75;6670;6671.25;280
20260320 075700;6671.25;6672.25;6671.25;6671.5;117
20260320 075800;6671.25;6672;6670.5;6670.5;239
20260320 075900;6671;6672;6670.75;6671.25;124
20260320 080000;6671.25;6671.25;6669.75;6670;292
20260320 080100;6670.25;6670.75;6666.25;6668;1262
20260320 080200;6667.75;6669;6666;6667.5;481
20260320 080300;6667.25;6668;6666;6667.5;449
20260320 080400;6667.25;6668.5;6666;6667.75;367
20260320 080500;6667.75;6669.5;6667.5;6667.75;423
20260320 080600;6667.5;6670;6667.25;6670;433
20260320 080700;6670;6672;6669.75;6670.75;626
20260320 080800;6670.75;6673;6670.5;6672;592
20260320 080900;6671.75;6673;6671.5;6672.75;422
20260320 081000;6672.75;6673.75;6672.25;6673.25;635
20260320 081100;6673.5;6674;6671.25;6673.75;532
20260320 081200;6674;6674;6672.25;6673.75;397
20260320 081300;6673.5;6674.25;6672.5;6673.75;278
20260320 081400;6673.75;6674.25;6672.5;6673.25;443
20260320 081500;6673.5;6675;6672;6674.25;711
20260320 081600;6674.5;6675.25;6673.5;6674;635
20260320 081700;6674;6674;6672;6673.5;337
20260320 081800;6673.75;6673.75;6672.25;6672.75;246
20260320 081900;6672.75;6674.25;6672.75;6673.5;187
20260320 082000;6673.5;6674;6672;6672.5;298
20260320 082100;6672.25;6672.5;6670.25;6670.25;535
20260320 082200;6670.75;6672;6669.25;6669.75;406
20260320 082300;6669.75;6670;6668.25;6668.5;526
20260320 082400;6668.75;6670;6668.75;6669.75;230
20260320 082500;6669.5;6670;6668.25;6668.75;390
20260320 082600;6668.5;6669.5;6667.75;6668;249
20260320 082700;6668.5;6668.75;6667.5;6667.5;307
20260320 082800;6667.25;6667.25;6665.5;6665.75;504
20260320 082900;6665.5;6666.75;6662.75;6663.5;697
20260320 083000;6663.5;6665.75;6663;6663.25;538
20260320 083100;6663.25;6665.75;6661;6664.75;1086
20260320 083200;6664.75;6667.25;6664.5;6666.5;581
20260320 083300;6666;6668.5;6665.75;6667.5;471
20260320 083400;6667.75;6668;6661.5;6667;2248
20260320 083500;6667;6671;6666.75;6671;965
20260320 083600;6671;6672.25;6670;6671.75;763
20260320 083700;6671.75;6672.25;6668;6668.75;913
20260320 083800;6668.75;6668.75;6666.75;6667.75;415
20260320 083900;6668.25;6670;6667.5;6667.75;428
20260320 084000;6667.75;6669.5;6666.75;6668.25;405
20260320 084100;6668.25;6669;6667;6667;412
20260320 084200;6666.75;6670;6666;6668.75;769
20260320 084300;6668.5;6668.75;6663.25;6663.5;601
20260320 084400;6663.5;6664.5;6662.5;6664;429
20260320 084500;6664;6666;6663.75;6664.75;642
20260320 084600;6664.75;6664.75;6661;6662.75;963
20260320 084700;6662.75;6664;6662;6663;432
20260320 084800;6663.25;6663.75;6662.25;6663.25;595
20260320 084900;6663.25;6665.25;6663;6664.5;636
20260320 085000;6664.25;6666.25;6663.5;6666;545
20260320 085100;6666.25;6667.5;6664;6667.5;951
20260320 085200;6667.25;6668;6664.5;6664.5;703
20260320 085300;6664.75;6665.75;6664;6665.75;536
20260320 085400;6665.75;6666.75;6662.75;6663;633
20260320 085500;6663.25;6665;6662.25;6664;386
20260320 085600;6664.25;6664.5;6662.75;6663;377
20260320 085700;6662.75;6665.25;6661;6664.5;872
20260320 085800;6664.5;6666;6664;6664.25;390
20260320 085900;6664.5;6665;6662.5;6663.5;374
20260320 090000;6663.25;6664.5;6662;6662;566
20260320 090100;6662.25;6663.75;6660.75;6661.5;798
20260320 090200;6661.25;6664.75;6661.25;6664.75;673
20260320 090300;6665;6665.25;6661;6661.25;489
20260320 090400;6661.25;6664;6658.75;6662;1341
20260320 090500;6662.25;6663.75;6661.5;6663.5;1570
20260320 090600;6663.5;6663.5;6657;6657.25;1236
20260320 090700;6657.25;6660.25;6657;6660.25;1009
20260320 090800;6660;6663;6659;6662.25;595
20260320 090900;6662;6664.5;6662;6663.75;616
20260320 091000;6664;6667.75;6663.75;6667.5;596
20260320 091100;6667.5;6668;6663.75;6664.5;809
20260320 091200;6664.5;6666.5;6663.5;6666;507
20260320 091300;6665.75;6666;6662.75;6662.75;577
20260320 091400;6663.25;6665;6661.75;6662;440
20260320 091500;6661.75;6662.25;6657.75;6658;985
20260320 091600;6658;6659;6655.5;6655.5;1092
20260320 091700;6655.5;6656.5;6654.75;6654.75;991
20260320 091800;6654.75;6655;6652.75;6654.25;1194
20260320 091900;6654;6655.25;6652.5;6652.75;650
20260320 092000;6652.5;6653.25;6651;6651.25;966
20260320 092100;6651;6653;6651;6652.5;916
20260320 092200;6652.5;6653.25;6649.75;6650.75;1007
20260320 092300;6650.5;6651;6648.5;6649.75;754
20260320 092400;6649.75;6650.75;6648.75;6649.25;513
20260320 092500;6649;6649.5;6647;6649;783
20260320 092600;6649.5;6651;6648.75;6650.25;663
20260320 092700;6650.25;6651;6648;6649;527
20260320 092800;6649;6650.25;6648.75;6650.25;355
20260320 092900;6650;6650.25;6647.25;6648.25;439
20260320 093000;6648;6650.5;6647.5;6648.25;541
20260320 093100;6648.25;6649;6646.25;6648.5;775
20260320 093200;6648.75;6652.25;6648.5;6652;1017
20260320 093300;6651.75;6653.75;6651;6652.75;890
20260320 093400;6652.75;6653.75;6650.5;6651.5;598
20260320 093500;6651.25;6652.5;6650.75;6652.5;510
20260320 093600;6652.5;6653.25;6651.5;6652.25;483
20260320 093700;6652;6652.25;6650.5;6651;329
20260320 093800;6650.75;6654.25;6650.75;6653.75;585
20260320 093900;6653.5;6654.25;6651.75;6653.75;614
20260320 094000;6653.75;6653.75;6651.5;6652;677
20260320 094100;6652;6652.75;6647.25;6647.5;982
20260320 094200;6647.25;6647.25;6643.5;6644.75;1222
20260320 094300;6644.75;6644.75;6641.5;6643;1014
20260320 094400;6642.75;6645.25;6641.25;6643.5;919
20260320 094500;6643.25;6647.25;6641;6644.75;2653
20260320 094600;6644.75;6645.5;6641.25;6641.75;1977
20260320 094700;6642;6642.25;6636;6639.25;2463
20260320 094800;6639.25;6641;6636.25;6637.75;1362
20260320 094900;6637.75;6639;6636.25;6638;752
20260320 095000;6637.75;6640.5;6634.75;6635.75;1165
20260320 095100;6635.5;6638;6633;6634.25;1898
20260320 095200;6634;6635;6630.25;6634.75;1536
20260320 095300;6634.75;6636;6631.5;6632.25;815
20260320 095400;6632.25;6633.5;6630.5;6630.5;837
20260320 095500;6630.5;6631;6627.75;6628;1396
20260320 095600;6628.25;6631.75;6627;6629.25;1400
20260320 095700;6629.25;6631;6628;6629.5;812
20260320 095800;6629.5;6632;6628.75;6629.75;981
20260320 095900;6629.5;6630.75;6628.5;6630.25;581
20260320 100000;6630.5;6633.5;6629.75;6632.5;687
20260320 100100;6632.5;6634;6627.5;6629.5;1618
20260320 100200;6629.25;6629.5;6624;6624.25;1555
20260320 100300;6624.25;6626.5;6624;6624.5;1348
20260320 100400;6624.75;6625.25;6620;6621.25;1436
20260320 100500;6621.25;6621.5;6618.5;6619;1259
20260320 100600;6618.75;6623.25;6618;6621.25;2276
20260320 100700;6620.75;6622.25;6618;6620;1189
20260320 100800;6620;6620.25;6615.25;6616.25;1522
20260320 100900;6615.75;6616.25;6613.25;6614;1507
20260320 101000;6614.25;6615.25;6612;6614.5;1061
20260320 101100;6614.5;6615;6607.75;6608.75;2492
20260320 101200;6608.75;6614;6608.25;6612.5;1788
20260320 101300;6612.5;6616.25;6611.75;6614.5;1600
20260320 101400;6614.25;6616.5;6612;6612.75;1508
20260320 101500;6612.75;6617;6612.5;6614.5;1125
20260320 101600;6614.5;6617.75;6614.25;6615.5;918
20260320 101700;6615.75;6618;6613.75;6615.25;850
20260320 101800;6615.75;6618;6615.5;6617;971
20260320 101900;6617;6617.25;6612.5;6615;1107
20260320 102000;6615.25;6615.25;6613;6613.25;500
20260320 102100;6613.5;6613.5;6609;6610.75;1302
20260320 102200;6610.25;6612.5;6609.5;6610.5;716
20260320 102300;6610.5;6610.75;6608.5;6609.75;559
20260320 102400;6609.75;6613.75;6609.25;6612.25;911
20260320 102500;6612.25;6614.75;6612;6612;854
20260320 102600;6612.25;6614.25;6611.5;6614;960
20260320 102700;6614.25;6616.5;6613.5;6615.25;941
20260320 102800;6615.25;6616.75;6614.5;6615.5;623
20260320 102900;6615.75;6616;6613.75;6614.25;521
20260320 103000;6614;6615.75;6613.25;6615;570
20260320 103100;6614.75;6619;6614.25;6617.25;921
20260320 103200;6617.5;6618.75;6616.75;6618.75;507
20260320 103300;6618.25;6620.25;6616.5;6619;936
20260320 103400;6619.25;6622;6619.25;6620.75;803
20260320 103500;6620.75;6622.75;6620.25;6620.25;706
20260320 103600;6620.5;6623;6619.5;6622.25;619
20260320 103700;6622.25;6626.5;6622;6625.25;1080
20260320 103800;6625.5;6628;6624.75;6627.75;988
20260320 103900;6628;6630;6627.25;6628;1002
20260320 104000;6628;6632;6628;6631;838
20260320 104100;6631.5;6631.75;6630.25;6631.25;934
20260320 104200;6631.25;6632;6629.5;6630;806
20260320 104300;6630.25;6632;6629.25;6631;825
20260320 104400;6631.25;6631.25;6629;6630;454
20260320 104500;6629.75;6630;6626.75;6628.25;1008
20260320 104600;6628.25;6628.75;6626;6626.25;714
20260320 104700;6626.5;6627;6623.75;6625;1143
20260320 104800;6625;6627.75;6623.75;6627.75;827
20260320 104900;6627.25;6628;6625.25;6627;608
20260320 105000;6626.75;6627.25;6625;6627;543
20260320 105100;6626.75;6627.25;6624.75;6626;766
20260320 105200;6626.25;6626.25;6622;6624.5;919
20260320 105300;6624.5;6625.75;6623.5;6624.25;720
20260320 105400;6624.25;6627;6623.75;6625.5;959
20260320 105500;6625.5;6625.75;6623;6624.75;676
20260320 105600;6624.75;6625.5;6623.5;6624;454
20260320 105700;6624;6626.25;6622.75;6624;691
20260320 105800;6624;6626;6623.75;6623.75;596
20260320 105900;6623.75;6625.25;6623;6625;584
20260320 110000;6624.75;6625.75;6623.25;6624.25;648
20260320 110100;6624.25;6629.25;6622;6623.75;1407
20260320 110200;6624;6627;6624;6626;554
20260320 110300;6626.5;6630.25;6626;6630.25;970
20260320 110400;6630;6634.75;6630;6634.75;1317
20260320 110500;6634.75;6635;6632.25;6634.25;1128
20260320 110600;6634;6637.5;6633.25;6637.25;1148
20260320 110700;6637.25;6638.75;6636.25;6636.75;856
20260320 110800;6637;6638.5;6635;6636.25;799
20260320 110900;6635.5;6637.25;6633.75;6636.75;755
20260320 111000;6636.75;6639.75;6636.75;6639.75;946
20260320 111100;6639.75;6640;6637;6637.75;864
20260320 111200;6637.75;6639.75;6637.5;6639.25;593
20260320 111300;6639.25;6640;6637.25;6638;822
20260320 111400;6637.75;6639;6637.5;6637.75;330
20260320 111500;6637.5;6638.25;6635;6635.75;809
20260320 111600;6635.75;6635.75;6633.75;6635;639
20260320 111700;6635.25;6635.25;6632.75;6634.25;704
20260320 111800;6634.25;6635.25;6632.75;6635.25;550
20260320 111900;6635;6637.75;6634.5;6635.5;796
20260320 112000;6635.75;6637.75;6633.75;6634.5;663
20260320 112100;6634.25;6636.75;6634.25;6636.25;603
20260320 112200;6636.25;6639;6634.5;6639;616
20260320 112300;6639;6639.25;6636.75;6637.75;700
20260320 112400;6637.75;6638.5;6635;6635.5;558
20260320 112500;6635.75;6636.75;6633.75;6634.75;571
20260320 112600;6634.75;6635.25;6633;6634.25;625
20260320 112700;6635;6635.25;6633.25;6633.5;442
20260320 112800;6633.5;6635.25;6633.25;6634.5;261
20260320 112900;6634.5;6635.75;6633.75;6633.75;405
20260320 113000;6633.75;6636;6633;6635.25;385
20260320 113100;6635.5;6636.25;6633.5;6634.25;699
20260320 113200;6635;6638;6634.5;6637.25;562
20260320 113300;6637;6637.25;6635.25;6637;557
20260320 113400;6637;6638.25;6635.5;6635.5;553
20260320 113500;6635.75;6638;6635.75;6637.5;389
20260320 113600;6637;6637.5;6634.5;6637.25;477
20260320 113700;6637.5;6637.5;6633;6633.5;529
20260320 113800;6633.25;6633.25;6631.5;6632;771
20260320 113900;6632;6632.25;6629.75;6630.25;855
20260320 114000;6630.25;6632.25;6630;6632.25;556
20260320 114100;6632.5;6635;6631.75;6634;675
20260320 114200;6634;6634.25;6631.75;6633.25;502
20260320 114300;6633.25;6637;6633.25;6635.75;685
20260320 114400;6635.75;6635.75;6634;6634.25;454
20260320 114500;6634;6634.75;6631.5;6633.5;924
20260320 114600;6633.75;6633.75;6630.25;6631;369
20260320 114700;6631;6631.25;6629;6629.75;606
20260320 114800;6629.5;6631;6627.75;6628.5;619
20260320 114900;6628.75;6628.75;6626.25;6627.75;898
20260320 115000;6627.75;6629.75;6627.5;6629;538
20260320 115100;6629.5;6630.25;6625.5;6626.25;889
20260320 115200;6626.25;6627.75;6625;6625.75;707
20260320 115300;6626;6629;6625.5;6627.75;491
20260320 115400;6627.5;6629.5;6627.5;6629;368
20260320 115500;6628.75;6630.75;6627;6630;507
20260320 115600;6630;6631.75;6629.75;6630.75;731
20260320 115700;6631;6633.75;6630;6632.75;616
20260320 115800;6633;6634.75;6632.5;6634;704
20260320 115900;6634.25;6635.25;6633.25;6634;714
20260320 120000;6634;6635.25;6632.5;6634.75;1000
20260320 120100;6634.5;6640;6634.5;6638.5;1952
20260320 120200;6638.25;6639;6632.25;6633.75;1839
20260320 120300;6632.75;6635;6631.25;6634.25;1625
20260320 120400;6634.5;6637.25;6634;6634;1024
20260320 120500;6634;6636;6629;6631;2132
20260320 120600;6630.5;6636.75;6630.5;6635.5;1437
20260320 120700;6635.5;6637.75;6635.25;6637.5;905
20260320 120800;6637.25;6639.25;6636.5;6637.75;962
20260320 120900;6637.5;6638;6635.75;6637.25;637
20260320 121000;6637.5;6644.25;6637.25;6643.5;2746
20260320 121100;6643.75;6646.5;6643;6645.75;2425
20260320 121200;6645.75;6646;6642.75;6643.25;1190
20260320 121300;6643.25;6644;6641.25;6641.5;853
20260320 121400;6641.75;6642.25;6640;6641.5;790
20260320 121500;6641.75;6641.75;6639.5;6640.25;646
20260320 121600;6640;6640.5;6637.75;6639.5;732
20260320 121700;6639.5;6640.5;6634;6634.25;1462
20260320 121800;6634.25;6635.25;6632.5;6634.25;1292
20260320 121900;6634.5;6638.75;6634.5;6636;1249
20260320 122000;6636.25;6639;6636.25;6638.25;648
20260320 122100;6638.25;6639.25;6636.5;6638.5;716
20260320 122200;6638.5;6639;6636.25;6636.75;801
20260320 122300;6637;6637.25;6635.25;6636.75;645
20260320 122400;6637;6639;6636.5;6637.25;566
20260320 122500;6637;6638.25;6636.5;6636.5;379
20260320 122600;6636.5;6636.75;6635;6636;524
20260320 122700;6636;6637;6635;6635.75;433
20260320 122800;6635.75;6638.75;6635.5;6638.25;410
20260320 122900;6638.25;6642.75;6638.25;6642.5;1128
20260320 123000;6642.25;6643.75;6642;6643;730
20260320 123100;6643;6643.5;6640.75;6641.25;913
20260320 123200;6641.25;6641.25;6638.25;6638.5;926
20260320 123300;6638.5;6638.75;6636;6637;1119
20260320 123400;6637.25;6640.25;6635.75;6640;873
20260320 123500;6639.75;6641;6638.5;6639.25;630
20260320 123600;6639.25;6640;6638.25;6639.25;346
20260320 123700;6639;6642.25;6638.5;6641.5;685
20260320 123800;6641.5;6641.5;6635.75;6636.75;1867
20260320 123900;6637.5;6642;6637.5;6638.25;1084
20260320 124000;6638.25;6638.5;6634.25;6635;1522
20260320 124100;6635;6636.25;6632.75;6633.25;1062
20260320 124200;6633.25;6635.5;6631.75;6635.5;1316
20260320 124300;6635.5;6635.5;6631;6632;953
20260320 124400;6632;6634.25;6631.75;6632.5;736
20260320 124500;6632.25;6636;6632;6636;600
20260320 124600;6635.5;6636.75;6634.75;6635;755
20260320 124700;6635;6640.75;6635;6640.25;960
20260320 124800;6640;6640.25;6634.5;6635;913
20260320 124900;6634.75;6635.75;6633.5;6634.25;593
20260320 125000;6634.75;6639;6634.25;6638.25;764
20260320 125100;6638.25;6641.25;6637.75;6640;864
20260320 125200;6640.25;6643.25;6640;6643;1030
20260320 125300;6643;6645.5;6642.25;6643;1606
20260320 125400;6643.25;6644.75;6642.75;6643.25;653
20260320 125500;6643.25;6644.75;6641.5;6641.5;869
20260320 125600;6641.75;6643.25;6640.75;6643.25;676
20260320 125700;6643.25;6643.5;6640;6641;768
20260320 125800;6641;6641.5;6639.75;6641.25;425
20260320 125900;6641.25;6644.5;6641;6644;602
20260320 130000;6644.5;6645;6642.75;6643.5;472
20260320 130100;6643.75;6644.25;6642.5;6644.25;940
20260320 130200;6644.5;6646.5;6644.5;6646;1459
20260320 130300;6646;6646.5;6641.75;6643;959
20260320 130400;6643;6644;6641.75;6643.25;778
20260320 130500;6643.25;6643.25;6641.5;6642.5;497
20260320 130600;6642.25;6642.5;6639;6639.5;839
20260320 130700;6639.25;6640.75;6637;6637.25;937
20260320 130800;6637.75;6640;6636.75;6638.5;1011
20260320 130900;6638.5;6639.25;6637.25;6638.75;393
20260320 131000;6638.25;6640.25;6638.25;6638.5;602
20260320 131100;6638.5;6638.75;6635;6636;739
20260320 131200;6635.75;6636.5;6634.25;6636.25;749
20260320 131300;6636.25;6636.5;6634.5;6636;630
20260320 131400;6636.25;6637.75;6635;6635;586
20260320 131500;6635.5;6638.5;6635.25;6637;492
20260320 131600;6637.25;6637.75;6636.25;6637.5;563
20260320 131700;6637.25;6638.25;6636.5;6637.5;490
20260320 131800;6637.5;6639.75;6637.25;6638.75;724
20260320 131900;6638.75;6640.25;6637;6639;687
20260320 132000;6638.5;6639;6636;6637.25;599
20260320 132100;6637.75;6641.5;6637.5;6640.25;944
20260320 132200;6640;6641.5;6639.25;6641.25;588
20260320 132300;6641;6641.75;6640;6641;741
20260320 132400;6641.25;6641.5;6639.5;6639.5;562
20260320 132500;6639.5;6643.5;6639.5;6642.5;858
20260320 132600;6642.5;6648.25;6642.5;6648;2778
20260320 132700;6647.5;6648;6644.75;6644.75;1729
20260320 132800;6644.75;6645.75;6641;6642.5;1881
20260320 132900;6642.5;6647.5;6641.25;6647.25;2863
20260320 133000;6647;6647;6642.5;6642.75;2346
20260320 133100;6642.75;6643;6634.25;6635;8152
20260320 133200;6635;6640.25;6630;6633.5;6647
20260320 133300;6633.75;6637.25;6631.25;6633.25;5383
20260320 133400;6633.25;6634.75;6626.25;6627.25;5225
20260320 133500;6627.25;6630.5;6625;6626.75;5186
20260320 133600;6627;6627.75;6623.25;6625.5;5464
20260320 133700;6625.5;6629.75;6624.75;6628.25;4848
20260320 133800;6628.5;6631.25;6625.25;6626;5919
20260320 133900;6626.25;6628;6622.75;6625.25;5572
20260320 134000;6625;6627.25;6622.5;6624.5;5063
20260320 134100;6624.5;6629.75;6623;6626.75;5574
20260320 134200;6626.75;6633;6624.5;6631.5;6111
20260320 134300;6631.5;6634.25;6627.5;6628.25;6622
20260320 134400;6628.5;6636.75;6628.25;6636.5;6308
20260320 134500;6636.25;6639.25;6632.5;6638.5;5797
20260320 134600;6638.75;6643.25;6637.25;6640;7505
20260320 134700;6640;6642.25;6629.25;6630.5;10319
20260320 134800;6630.75;6636.25;6630.5;6635.25;6932
20260320 134900;6635.5;6637.75;6633.25;6636.25;4260
20260320 135000;6636.25;6637;6630.75;6631.75;4473
20260320 135100;6631.75;6632.25;6619.25;6619.5;11204
20260320 135200;6619.5;6621;6616;6618.5;8722
20260320 135300;6618.5;6621.5;6617.5;6618;5682
20260320 135400;6618;6620.25;6615.25;6618.5;5504
20260320 135500;6618.5;6623;6617.75;6621.25;4599
20260320 135600;6621.25;6623;6614.75;6618;7102
20260320 135700;6618;6618.5;6613.75;6614.75;4187
20260320 135800;6614.5;6615.25;6611.75;6612.25;4310
20260320 135900;6612.5;6613.5;6606.5;6607;9311
20260320 140000;6607;6609.25;6605.5;6607.25;6690
20260320 140100;6607.25;6609.5;6604;6605.5;8351
20260320 140200;6605.5;6607.5;6600.25;6602.5;7497
20260320 140300;6602.5;6606.5;6601.25;6606;7006
20260320 140400;6606;6612;6601.5;6603.5;11236
20260320 140500;6603.5;6609.25;6602.5;6606;5790
20260320 140600;6606.25;6612;6605.75;6610.75;6594
20260320 140700;6610.5;6611.75;6607.75;6610.25;5107
20260320 140800;6610.5;6614;6607;6608.5;7532
20260320 140900;6608.75;6610.25;6601.5;6602.25;6228
20260320 141000;6602.25;6605.5;6601.25;6604.75;4406
20260320 141100;6604.5;6608.75;6603;6604;5677
20260320 141200;6604;6606.75;6596.75;6598.75;8971
20260320 141300;6598.75;6601;6594.5;6595.75;7319
20260320 141400;6595.5;6597.25;6592.25;6593.75;6166
20260320 141500;6593.75;6593.75;6590.25;6593;5076
20260320 141600;6592.75;6596.75;6591.5;6596;7135
20260320 141700;6596;6600.5;6594;6598.25;5895
20260320 141800;6598.5;6601;6597.75;6599;3750
20260320 141900;6599.25;6600;6595;6595.25;3721
20260320 142000;6595.25;6597.75;6595;6597;2781
20260320 142100;6597;6597.75;6592.75;6597.5;4043
20260320 142200;6597.25;6600;6591.75;6592.25;6097
20260320 142300;6592.5;6595;6591.25;6592;3995
20260320 142400;6592.5;6596.5;6591.25;6595.25;3380
20260320 142500;6595.5;6597.75;6593.75;6596;3432
20260320 142600;6596;6596.75;6592.75;6594.5;3543
20260320 142700;6594.75;6597.5;6593.25;6596.5;3271
20260320 142800;6596.5;6598.75;6591.5;6592.25;5101
20260320 142900;6592.5;6595.25;6591.75;6592.75;3603
20260320 143000;6592.75;6596.25;6592.25;6594;2642
20260320 143100;6594;6601.25;6594;6600.25;6635
20260320 143200;6600.25;6602;6598;6599.75;5111
20260320 143300;6599.75;6605;6598;6602.5;7605
20260320 143400;6602.5;6605.75;6601.25;6604.5;4187
20260320 143500;6604.75;6608;6603.75;6607.5;4297
20260320 143600;6607.5;6610;6606.5;6608.5;4949
20260320 143700;6608.25;6610.75;6604.5;6605.5;5967
20260320 143800;6605.5;6605.5;6598.75;6600.25;6746
20260320 143900;6600.25;6600.75;6595.5;6599.75;5580
20260320 144000;6599.5;6603.75;6598.75;6600.5;4261
20260320 144100;6600.75;6604.5;6597.75;6602;4921
20260320 144200;6602;6603.25;6599.5;6600;2646
20260320 144300;6600.25;6602.75;6599.25;6601.5;2638
20260320 144400;6601.5;6603.75;6598.75;6601;2636
20260320 144500;6601;6601;6598;6599.5;2831
20260320 144600;6599.5;6601.25;6598;6600.25;2765
20260320 144700;6600.5;6604.5;6600;6601.75;4071
20260320 144800;6601.5;6602.25;6598.25;6600;2512
20260320 144900;6600;6603.75;6600;6603;2701
20260320 145000;6602.75;6605.25;6600.5;6603.5;3096
20260320 145100;6603.25;6604.5;6599;6599;3325
20260320 145200;6599;6599.75;6596.5;6598;3686
20260320 145300;6598;6599.25;6592.75;6593.75;4066
20260320 145400;6593.75;6597.5;6593.75;6594.75;3511
20260320 145500;6595;6595;6587.5;6588.5;8644
20260320 145600;6588.75;6602.5;6588.5;6601;8560
20260320 145700;6601.25;6602.25;6594.75;6596.5;5289
20260320 145800;6596.75;6602.25;6596.75;6602;3908
20260320 145900;6602;6602.75;6597;6597.25;3315
20260320 150000;6597.25;6597.75;6595.75;6597;2115
20260320 150100;6597;6607;6597;6606.25;9251
20260320 150200;6606;6606.25;6601.25;6603;5466
20260320 150300;6602.75;6605.5;6596.75;6598.25;5280
20260320 150400;6598.25;6600;6595;6595;3449
20260320 150500;6595.5;6597.25;6592.5;6596.25;3927
20260320 150600;6596.25;6601.5;6595.5;6597.5;3846
20260320 150700;6597.5;6601;6596.25;6597.5;3033
20260320 150800;6597.75;6599;6596.25;6596.75;1769
20260320 150900;6596.5;6597;6592.5;6595.25;3034
20260320 151000;6595.25;6599.5;6594.25;6598.25;2828
20260320 151100;6598.25;6602;6597.25;6601;3156
20260320 151200;6601;6604.5;6598.25;6604.25;3296
20260320 151300;6604;6605.25;6601;6604.75;3474
20260320 151400;6605;6607.25;6602.75;6606;3480
20260320 151500;6605.75;6608.5;6604.5;6607;3554
20260320 151600;6606.75;6607.75;6605;6607;3153
20260320 151700;6606.75;6607;6598.25;6599;4544
20260320 151800;6599;6605.25;6599;6602.5;3519
20260320 151900;6602.5;6603;6599.75;6600.25;2528
20260320 152000;6600;6600.5;6596.5;6597.25;2829
20260320 152100;6597.25;6598.5;6594.5;6594.5;2834
20260320 152200;6594.5;6598.75;6594.25;6596.75;2503
20260320 152300;6596.5;6597;6594.5;6595.5;1909
20260320 152400;6595.5;6617.75;6595;6613;22914
20260320 152500;6613;6613.5;6599.75;6599.75;8644
20260320 152600;6600;6602.75;6597.25;6597.5;7347
20260320 152700;6597.5;6601;6593.25;6593.5;5869
20260320 152800;6593.5;6597.75;6593.25;6595.5;4172
20260320 152900;6595.5;6596;6590.75;6592.5;4544
20260320 153000;6592.25;6596;6592.25;6595;2388
20260320 153100;6594.75;6597;6593.25;6595.5;3329
20260320 153200;6595.5;6598.75;6594.75;6595.75;3002
20260320 153300;6596;6600.25;6595;6598.25;2234
20260320 153400;6598.5;6602.5;6597.5;6602;3634
20260320 153500;6601.75;6603.5;6600.5;6601.75;2948
20260320 153600;6601.75;6601.75;6596.25;6599.25;3164
20260320 153700;6599.5;6602;6595.75;6599.25;2593
20260320 153800;6599.25;6602.5;6599;6602.25;2054
20260320 153900;6602.25;6604.5;6600;6600.75;3372
20260320 154000;6600.75;6603;6598.75;6598.75;2061
20260320 154100;6599;6600;6596.25;6597;2500
20260320 154200;6597.25;6600;6596.75;6598;2546
20260320 154300;6597.75;6602.75;6597.75;6602;2068
20260320 154400;6602;6604.75;6601;6603.5;2349
20260320 154500;6603.5;6603.75;6600.75;6602.5;1753
20260320 154600;6602;6602.5;6597.75;6600.75;2101
20260320 154700;6600.75;6600.75;6596.25;6597;2285
20260320 154800;6596.75;6602.25;6596.75;6601;2075
20260320 154900;6601;6603.75;6599.75;6601.5;2052
20260320 155000;6601.5;6602.5;6599;6601;1561
20260320 155100;6601;6602.75;6596.5;6597.25;2157
20260320 155200;6597.25;6599.25;6596.5;6599;1385
20260320 155300;6598.75;6605.25;6598.75;6604;3561
20260320 155400;6604;6605;6602.25;6603;2032
20260320 155500;6603;6605.75;6601.5;6605.5;2332
20260320 155600;6605.25;6606.75;6603.75;6605.25;2111
20260320 155700;6605;6605.25;6601.5;6604.25;2354
20260320 155800;6604.25;6607.75;6604.25;6607;2220
20260320 155900;6607;6608.5;6604.5;6607.75;2558
20260320 160000;6607.5;6607.75;6605.25;6605.5;1790
20260320 160100;6606;6608;6603.5;6607.5;2532
20260320 160200;6607.5;6609.75;6607;6609;2950
20260320 160300;6609;6610.25;6607.25;6609;1936
20260320 160400;6609;6612;6608.25;6611.75;2677
20260320 160500;6611.75;6614.75;6610.75;6612.75;3679
20260320 160600;6612.75;6613;6608.5;6611.25;3641
20260320 160700;6611;6611.75;6607.25;6609.25;2473
20260320 160800;6609.5;6611.75;6607.25;6609.75;2629
20260320 160900;6609.75;6610.5;6605.25;6605.75;2488
20260320 161000;6605.75;6609.25;6604.5;6607.5;2466
20260320 161100;6607.75;6610.5;6607;6608.5;1820
20260320 161200;6608.5;6611.5;6607.5;6611;1686
20260320 161300;6611;6612.75;6609.5;6609.75;2013
20260320 161400;6609.75;6611;6608.5;6610.25;1639
20260320 161500;6610.25;6611.25;6607.75;6609.5;1896
20260320 161600;6609.75;6610;6606.75;6608.25;2346
20260320 161700;6608.5;6608.5;6604.5;6606.75;2415
20260320 161800;6606.5;6611.25;6605.75;6611.25;2060
20260320 161900;6611;6612.5;6609.5;6612.25;2279
20260320 162000;6612.25;6614.5;6611.5;6614;2338
20260320 162100;6614.25;6616.25;6612.25;6613.5;3510
20260320 162200;6613.5;6616;6611.5;6612.75;2448
20260320 162300;6613;6614.5;6610.75;6614.25;2225
20260320 162400;6614.25;6615.5;6612.5;6613;1579
20260320 162500;6613;6613.75;6611.75;6612;1260
20260320 162600;6612.25;6612.5;6609.75;6610;2140
20260320 162700;6610;6610.75;6605.75;6606.25;3505
20260320 162800;6606.25;6610;6605.5;6608;2257
20260320 162900;6608.25;6609;6606.25;6607.25;1344
20260320 163000;6607.5;6609;6606.25;6607;1569
20260320 163100;6607.25;6607.25;6601.75;6602;3869
20260320 163200;6602;6602.25;6597.5;6598.25;4885
20260320 163300;6598;6599;6595.25;6597.25;3359
20260320 163400;6597.5;6601.75;6597.25;6601.25;3545
20260320 163500;6601.25;6603;6598.75;6601.75;3094
20260320 163600;6602;6604;6598.5;6598.75;2974
20260320 163700;6598.5;6603;6598.25;6602.75;2295
20260320 163800;6603;6604.5;6600.75;6601;2219
20260320 163900;6601.25;6601.5;6597.5;6599;2175
20260320 164000;6599;6601.25;6597.25;6600.5;1646
20260320 164100;6600.5;6601.75;6599;6600.5;1518
20260320 164200;6600.5;6602.5;6599.25;6600.5;1236
20260320 164300;6600.5;6602.5;6599;6601;1145
20260320 164400;6601;6603.75;6600.5;6603.5;1472
20260320 164500;6603.25;6603.75;6600.5;6601;1323
20260320 164600;6600.75;6602;6599.5;6600.25;1395
20260320 164700;6600.5;6602;6599.75;6601.25;1291
20260320 164800;6601;6601.25;6597.75;6598.25;1675
20260320 164900;6598;6599.25;6596.75;6596.75;1633
20260320 165000;6596.75;6600.75;6596.5;6600;1659
20260320 165100;6600;6603.25;6600;6600.75;2691
20260320 165200;6600.75;6601.25;6596.25;6597;1894
20260320 165300;6597;6598.5;6595.25;6598.5;2319
20260320 165400;6598.5;6602.25;6598.25;6602;2073
20260320 165500;6602;6603;6600.5;6601.5;1623
20260320 165600;6601.5;6606;6601.25;6605.75;2414
20260320 165700;6605.75;6609.75;6605.5;6609;3679
20260320 165800;6608.75;6609.75;6604.5;6605.25;2331
20260320 165900;6605.25;6607.25;6604.25;6606.25;1699
20260320 170000;6606.25;6606.5;6601;6603.75;2488
20260320 170100;6603.75;6606.5;6603.5;6606.25;1771
20260320 170200;6606;6607.5;6604.75;6606.5;1494
20260320 170300;6606.5;6607.75;6605.25;6607;1091
20260320 170400;6607;6608;6605;6607;1199
20260320 170500;6607;6608.25;6606.5;6607.25;1269
20260320 170600;6607.25;6608.75;6593;6594.5;14820
20260320 170700;6594.5;6603.5;6594;6602.25;6127
20260320 170800;6602.25;6604.25;6600;6603.25;3090
20260320 170900;6603;6607;6600.5;6606.5;3106
20260320 171000;6606.25;6607.25;6603;6604.5;2382
20260320 171100;6604.75;6607.25;6601;6601.5;2796
20260320 171200;6601.5;6602.5;6599.5;6601.5;2502
20260320 171300;6601.5;6601.75;6599.5;6601.5;1749
20260320 171400;6601.25;6603.75;6599.25;6601;1700
20260320 171500;6601;6602.75;6598.25;6599.5;1790
20260320 171600;6599.25;6602;6598.25;6598.75;1983
20260320 171700;6599;6599;6597;6597.75;1763
20260320 171800;6598;6599;6596.5;6599;1577
20260320 171900;6599;6600.5;6597.25;6597.75;1804
20260320 172000;6598;6599.25;6597;6597.75;1535
20260320 172100;6598;6598.5;6597;6598.25;1456
20260320 172200;6598.25;6601;6598.25;6599.75;1904
20260320 172300;6599.75;6603.25;6599.75;6603.25;2205
20260320 172400;6603;6603.25;6600.75;6601.25;1671
20260320 172500;6601.25;6603;6599;6599.75;1795
20260320 172600;6599.75;6600.75;6598;6598;1685
20260320 172700;6598;6598.25;6595.75;6598;2117
20260320 172800;6598;6600;6596.5;6599;1539
20260320 172900;6599.25;6599.75;6596;6597.25;1498
20260320 173000;6597.25;6598.25;6596;6597.5;1351
20260320 173100;6597.75;6599.75;6597;6598.75;1671
20260320 173200;6598.75;6599.5;6595.5;6595.75;1703
20260320 173300;6595.75;6596;6591;6591.5;3600
20260320 173400;6591.75;6592.75;6590.25;6590.25;3110
20260320 173500;6590.5;6591.25;6588.5;6590.75;2735
20260320 173600;6590.75;6594;6588.25;6588.75;3929
20260320 173700;6589;6589.5;6583.25;6584;6410
20260320 173800;6584;6585.75;6582.5;6585;3025
20260320 173900;6585;6587;6584.25;6587;2160
20260320 174000;6586.75;6591;6586.75;6590.25;3628
20260320 174100;6590.25;6593.25;6588;6591.5;3289
20260320 174200;6591.75;6593;6588.75;6590.5;2111
20260320 174300;6590.75;6591;6587;6588.75;1963
20260320 174400;6588.75;6589;6587.25;6588.75;1235
20260320 174500;6588.75;6588.75;6585.5;6587.5;1644
20260320 174600;6587.25;6588.5;6585;6585.75;1877
20260320 174700;6585.75;6586.5;6583.25;6586;2542
20260320 174800;6586.25;6587.75;6581.75;6583.25;3160
20260320 174900;6583.25;6584.75;6581.5;6584.5;3176
20260320 175000;6584.5;6586.75;6583.25;6584.25;2206
20260320 175100;6584;6586.25;6582.25;6586.25;2053
20260320 175200;6586.5;6587;6584.25;6585.25;2147
20260320 175300;6585.25;6586.5;6584.75;6585.75;1096
20260320 175400;6585.75;6588.5;6584.75;6588.5;2095
20260320 175500;6588.25;6591;6587.25;6589.5;3800
20260320 175600;6589.5;6592.75;6589.5;6592.5;2566
20260320 175700;6592.75;6592.75;6589.5;6591.25;2519
20260320 175800;6591;6591.25;6589.5;6590.75;1687
20260320 175900;6591;6592;6588.75;6589.25;1698
20260320 180000;6589.5;6590.75;6588;6590;1781
20260320 180100;6590;6592.75;6589.25;6589.75;3067
20260320 180200;6590;6590.5;6587.25;6588;2566
20260320 180300;6588.25;6589.75;6587;6589.75;1510
20260320 180400;6589.5;6590;6586.5;6587;1559
20260320 180500;6586.75;6587.5;6583.75;6584.25;2163
20260320 180600;6584;6585;6582.5;6583.75;1913
20260320 180700;6583.5;6587.25;6583;6585;2190
20260320 180800;6585.25;6588.25;6584;6586.75;2011
20260320 180900;6587;6587.75;6583.75;6584;2504
20260320 181000;6584;6585.25;6580.75;6584.25;3436
20260320 181100;6584.25;6584.5;6579;6580.5;3561
20260320 181200;6580.5;6581.75;6579.5;6581.5;2085
20260320 181300;6581.5;6583.5;6580.5;6581.5;2089
20260320 181400;6581.5;6582.75;6580.25;6581.5;1054
20260320 181500;6581.5;6582.5;6580.75;6582;1070
20260320 181600;6582;6583.25;6580.5;6581.5;1582
20260320 181700;6581.25;6581.5;6579.75;6581.25;1304
20260320 181800;6580.75;6581.5;6578;6578.5;2267
20260320 181900;6578.75;6579.5;6577.25;6578;2786
20260320 182000;6578;6580.75;6577.5;6580.75;1983
20260320 182100;6580.75;6582.5;6574.75;6575.5;7289
20260320 182200;6575.25;6579.5;6572.25;6572.5;6964
20260320 182300;6572.75;6574.5;6563.25;6563.5;11531
20260320 182400;6563.5;6567.5;6562.5;6567.25;7562
20260320 182500;6567.5;6568;6563.5;6565.5;4479
20260320 182600;6565.5;6570.25;6565.5;6569.5;5402
20260320 182700;6569.5;6571;6568.5;6570.25;3619
20260320 182800;6570.25;6571.75;6568.5;6571.25;3145
20260320 182900;6571.25;6574.5;6567.25;6568.5;4276
20260320 183000;6568.5;6570.5;6567.75;6570.25;1891
20260320 183100;6570.25;6572.5;6567.75;6569;3570
20260320 183200;6569;6570.5;6565.75;6566;2358
20260320 183300;6566.25;6568.5;6565.25;6568.25;2596
20260320 183400;6568.25;6568.25;6566.25;6567;1824
20260320 183500;6567;6567.25;6564.75;6565.5;1769
20260320 183600;6565.75;6566.75;6563.75;6564.5;2506
20260320 183700;6564.75;6565.25;6560.5;6561;4236
20260320 183800;6561;6561.5;6559;6560.25;3918
20260320 183900;6560.5;6560.75;6557.5;6560.25;3065
20260320 184000;6560.25;6562.75;6559.25;6559.5;3759
20260320 184100;6559.5;6562;6558.25;6561.5;2681
20260320 184200;6561.5;6562.75;6558.25;6558.5;3000
20260320 184300;6558.5;6560;6555.75;6557.75;3580
20260320 184400;6558;6560.5;6556.25;6560.25;2309
20260320 184500;6560.25;6560.5;6556.75;6557.5;1959
20260320 184600;6557.5;6559.25;6556;6557.5;1791
20260320 184700;6557.75;6560.25;6555.75;6556.5;2406
20260320 184800;6556.5;6557.25;6555;6557;2096
20260320 184900;6557;6559;6554.25;6554.5;2710
20260320 185000;6554.75;6556.75;6553.25;6555.5;2992
20260320 185100;6555.5;6555.5;6552.75;6554.25;2354
20260320 185200;6554;6558.5;6553.25;6556.25;3465
20260320 185300;6556;6556.75;6554.75;6555.75;1816
20260320 185400;6555.75;6558.25;6555.75;6556.25;2005
20260320 185500;6556;6556;6554.25;6555.75;1572
20260320 185600;6555.5;6557.75;6553.5;6554;2404
20260320 185700;6554.25;6554.75;6553.5;6553.75;1460
20260320 185800;6553.75;6555.25;6552.25;6555.25;2173
20260320 185900;6555.25;6556.5;6553.5;6554.75;2179
20260320 190000;6554.75;6558;6554.75;6556.75;2670
20260320 190100;6556.75;6561.25;6556.75;6560;5033
20260320 190200;6560;6562.5;6559;6561.5;2997
20260320 190300;6561.5;6562;6559.75;6560.75;2191
20260320 190400;6561;6561.5;6557.75;6559.25;2442
20260320 190500;6559;6559.25;6556.5;6557.5;1766
20260320 190600;6557.5;6558.5;6555;6555.75;1775
20260320 190700;6555.75;6556;6552.25;6555;3026
20260320 190800;6555;6557.75;6554.25;6554.5;2566
20260320 190900;6554.5;6557.75;6554.5;6555.75;1593
20260320 191000;6555.75;6556.25;6554.25;6555.5;1083
20260320 191100;6555.5;6555.75;6552.75;6553;1510
20260320 191200;6553.25;6553.75;6549;6550.75;5170
20260320 191300;6550.75;6553;6550.25;6552.25;3211
20260320 191400;6552.5;6553;6550.5;6553;1756
20260320 191500;6552.75;6555.5;6552;6553.75;3287
20260320 191600;6553.75;6555.75;6552.25;6555;2069
20260320 191700;6554.75;6556;6552.75;6553.25;2141
20260320 191800;6553.25;6554;6551.75;6553;1945
20260320 191900;6553;6556;6552;6555;1764
20260320 192000;6554.75;6556.5;6553.75;6556.25;2155
20260320 192100;6556.5;6556.5;6552.25;6552.5;2181
20260320 192200;6552.5;6554.25;6550;6551;2376
20260320 192300;6551;6553.75;6550.75;6553;1817
20260320 192400;6553;6554.25;6552;6552.5;1644
20260320 192500;6552.25;6552.75;6543.5;6545;7477
20260320 192600;6545;6546.5;6544;6545.75;3693
20260320 192700;6545.75;6548;6545.25;6547;3438
20260320 192800;6547.25;6549;6546.5;6547.75;2806
20260320 192900;6547.5;6549.75;6546.5;6548;2854
20260320 193000;6547.75;6548.75;6545.5;6548;2258
20260320 193100;6548;6550.75;6547.75;6549.75;3609
20260320 193200;6549.75;6550;6544.5;6546.5;3198
20260320 193300;6546.5;6546.5;6544;6546.5;2720
20260320 193400;6546.5;6546.75;6541.75;6542.5;3729
20260320 193500;6542.5;6542.5;6537;6538.5;6132
20260320 193600;6538.5;6539.75;6533.5;6535.75;5451
20260320 193700;6535.75;6535.75;6531.75;6532;3816
20260320 193800;6531.75;6532.75;6526;6527.25;6303
20260320 193900;6527;6529.75;6523.75;6529;6900
20260320 194000;6529;6532.25;6527.5;6532.25;6177
20260320 194100;6532;6534.75;6530.75;6533.5;3984
20260320 194200;6533.5;6539.25;6533.5;6538.75;4417
20260320 194300;6538.75;6539;6534.5;6536.25;3975
20260320 194400;6536.5;6543;6535.75;6542.75;5730
20260320 194500;6542.75;6547;6540.5;6546;6469
20260320 194600;6546;6546;6540;6541.25;6205
20260320 194700;6541.25;6545.75;6540.25;6541.5;4957
20260320 194800;6541.75;6544.75;6539.75;6544.5;2989
20260320 194900;6544.5;6544.5;6539.25;6539.25;3606
20260320 195000;6539.5;6541.25;6535.75;6537;3333
20260320 195100;6537;6542.75;6535;6541.75;6546
20260320 195200;6541.75;6546;6540.5;6546;4308
20260320 195300;6545.75;6548.75;6544;6548.25;4386
20260320 195400;6548.75;6553.25;6546.25;6552.25;6040
20260320 195500;6552.5;6556.25;6549.25;6555.25;7126
20260320 195600;6555;6560.75;6554.5;6559;7660
20260320 195700;6559.25;6560.5;6556.5;6557.25;4331
20260320 195800;6557.5;6561;6556.25;6559.25;4213
20260320 195900;6559.5;6561;6558;6560.25;3996
20260320 200000;6560.5;6562.75;6555;6562.5;14651
20260320 200100;6562.5;6568;6559.5;6567.25;8728
20260320 200200;6567.75;6568.75;6565.5;6566.25;3277
20260320 200300;6566.25;6567.25;6565.25;6566.25;1464
20260320 200400;6566;6571.5;6566;6570.5;2261
20260320 200500;6570.5;6570.75;6566.75;6566.75;2159
20260320 200600;6566.75;6567;6562.75;6564.5;2161
20260320 200700;6564.5;6568.25;6563.75;6567.5;1100
20260320 200800;6568;6569;6566.5;6567.25;920
20260320 200900;6567;6568;6566.75;6567.25;603
20260320 201000;6567.25;6568.75;6567;6567.75;753
20260320 201100;6567.75;6572.5;6567.25;6572.25;1702
20260320 201200;6572;6573.5;6571.5;6573;964
20260320 201300;6573;6574.75;6572.5;6574.25;832
20260320 201400;6574.25;6576;6573.75;6574.75;1027
20260320 201500;6574.75;6577.5;6574;6576;1430
20260320 201600;6575.75;6577.5;6574.5;6574.75;1388
20260320 201700;6574.5;6576.25;6572.75;6575.75;1140
20260320 201800;6576;6577.5;6575.25;6575.75;804
20260320 201900;6575.5;6575.5;6573;6573;738
20260320 202000;6573;6573.75;6571.75;6572.75;728
20260320 202100;6572.75;6573;6570.25;6571;781
20260320 202200;6571;6572.25;6570.5;6571.25;413
20260320 202300;6571.25;6572.25;6569.75;6571;405
20260320 202400;6571.25;6572;6570.75;6570.75;289
20260320 202500;6570.75;6571;6568.75;6569;509
20260320 202600;6569;6569.75;6568.25;6569.5;285
20260320 202700;6569.5;6571.25;6569.25;6570.25;604
20260320 202800;6570.25;6570.75;6569;6570;392
20260320 202900;6570.25;6570.25;6568;6568.5;478
20260320 203000;6569;6570.25;6568.5;6570;424
20260320 203100;6570;6570.25;6568.75;6569;291
20260320 203200;6569;6571.25;6569;6571.25;404
20260320 203300;6571;6573.25;6571;6573;679
20260320 203400;6573;6573.75;6572.75;6573;447
20260320 203500;6573;6573.75;6572.75;6573;284
20260320 203600;6573.25;6574.5;6572.75;6574.25;388
20260320 203700;6574.25;6574.5;6573.25;6573.75;697
20260320 203800;6573.75;6575;6572.5;6574.25;668
20260320 203900;6574;6578.25;6573.75;6577;1070
20260320 204000;6577;6578.25;6576.25;6577.75;386
20260320 204100;6577.5;6577.75;6576;6576.5;525
20260320 204200;6576.75;6577.75;6576.5;6577.25;238
20260320 204300;6577.25;6578.5;6577.25;6577.75;605
20260320 204400;6577.5;6577.75;6576;6577;321
20260320 204500;6577;6578.5;6576.25;6577.5;529
20260320 204600;6578;6580.5;6577.5;6578.75;872
20260320 204700;6578.75;6582.75;6578.5;6582;732
20260320 204800;6581.5;6587.5;6581.5;6587.25;1418
20260320 204900;6587.25;6589;6585.5;6587.25;1084
20260320 205000;6587.25;6589.75;6586;6589.75;990
20260320 205100;6590;6592.5;6589.5;6590.5;1054
20260320 205200;6590.5;6592;6588.25;6590.25;1150
20260320 205300;6590.5;6591.25;6588.75;6589.25;580
20260320 205400;6589.5;6589.75;6587.75;6588.5;486
20260320 205500;6588.75;6590;6587.25;6587.5;1043
20260320 205600;6587.5;6589;6587.25;6587.5;844
20260320 205700;6587.75;6588;6584.75;6585.75;513
20260320 205800;6586;6587.5;6585;6587.25;550
20260320 205900;6586.75;6587.5;6585.5;6586;536
20260320 210000;6586;6589.75;6586;6588.25;1200
20260322 220100;6520.25;6526;6504;6521.75;6039
20260322 220200;6522.25;6527;6515.25;6517.75;3212
20260322 220300;6517.5;6524.75;6515;6524.5;1914
20260322 220400;6524.5;6537.25;6522.5;6536;2826
20260322 220500;6536;6538.5;6527.75;6529.25;2593
20260322 220600;6529.25;6534;6527.5;6533.75;1925
20260322 220700;6533.75;6534.75;6529;6530.5;1173
20260322 220800;6530.75;6535;6530.25;6532;1163
20260322 220900;6532.25;6538;6531;6535.75;1764
20260322 221000;6536;6540.25;6535.5;6537.25;1887
20260322 221100;6537;6538.25;6532.75;6534.75;1885
20260322 221200;6534.75;6535.5;6528;6529.25;1987
20260322 221300;6529.5;6530.75;6527;6528;1205
20260322 221400;6528.5;6534;6527.5;6533.75;1144
20260322 221500;6534;6534.5;6530.5;6532.75;680
20260322 221600;6532.5;6535.75;6532.25;6535.75;908
20260322 221700;6535.5;6537.5;6533.75;6534.5;822
20260322 221800;6534.5;6539;6534;6536.75;975
20260322 221900;6536.5;6538;6534;6535.75;754
20260322 222000;6536.25;6537.75;6532.75;6534.25;1091
20260322 222100;6534.25;6535.75;6532.5;6534.5;600
20260322 222200;6535;6538.75;6533;6538.25;831
20260322 222300;6538.25;6543.25;6537.75;6541.75;1836
20260322 222400;6542;6548;6538.75;6547;1677
20260322 222500;6547.25;6552.75;6545.5;6548.5;2426
20260322 222600;6548.5;6553.75;6547.75;6551.25;1259
20260322 222700;6551.5;6557.25;6551.25;6555.75;2503
20260322 222800;6555.25;6557.25;6554.5;6555.5;1358
20260322 222900;6555.5;6562;6555.25;6560.25;1459
20260322 223000;6560;6560.25;6554;6555;1685
20260322 223100;6554.75;6560;6554.75;6559.25;987
20260322 223200;6558.75;6559.25;6556.75;6556.75;719
20260322 223300;6556.75;6556.75;6552.25;6553.75;1504
20260322 223400;6553.5;6554.75;6551.25;6552.75;1219
20260322 223500;6552.75;6553.75;6548;6548.75;1269
20260322 223600;6548.75;6554.5;6548.75;6550.25;1368
20260322 223700;6550.5;6550.5;6547.25;6549.25;644
20260322 223800;6549.25;6552.75;6549.25;6552;817
20260322 223900;6552;6552;6549.25;6549.75;586
20260322 224000;6549.5;6550.5;6546.75;6546.75;825
20260322 224100;6546.75;6550.5;6545.25;6550;1119
20260322 224200;6550;6550;6547.5;6547.5;403
20260322 224300;6547.75;6548.5;6546.5;6547;368
20260322 224400;6546.75;6546.75;6543;6544.25;1409
20260322 224500;6544.25;6545.5;6543.25;6544;570
20260322 224600;6544.25;6547.25;6544;6546.25;746
20260322 224700;6546;6548.25;6544.75;6547.5;712
20260322 224800;6547.5;6547.75;6544;6544.75;599
20260322 224900;6545;6546.25;6544.25;6546;424
20260322 225000;6546;6547.5;6545.25;6546.5;359
20260322 225100;6546.5;6551.75;6546;6550.5;1273
20260322 225200;6550.5;6550.75;6547.75;6548.75;487
20260322 225300;6549;6551.75;6548.75;6549.75;541
20260322 225400;6550;6550.75;6548.75;6549.5;361
20260322 225500;6549.5;6549.75;6546;6547;773
20260322 225600;6547;6548.75;6546.5;6548.5;342
20260322 225700;6548.5;6550.25;6548.5;6549;340
20260322 225800;6549;6549.5;6547.75;6549.25;258
20260322 225900;6549;6549;6545;6545.25;679
20260322 230000;6545.25;6547.75;6545;6546.75;468
20260322 230100;6546.75;6549.75;6546.5;6548.75;515
20260322 230200;6549;6553.25;6548.5;6551.75;1001
20260322 230300;6552;6554.25;6550;6553.5;846
20260322 230400;6553.5;6555.25;6553.25;6553.75;698
20260322 230500;6553.5;6555.75;6553.25;6553.25;546
20260322 230600;6553.25;6555.5;6553.25;6554.25;401
20260322 230700;6554.25;6554.75;6552.25;6552.5;496
20260322 230800;6552.75;6554.5;6552.75;6554;229
20260322 230900;6553.75;6554;6552;6552.5;238
20260322 231000;6552.75;6554.5;6552.25;6554.5;355
20260322 231100;6554.5;6557;6554;6554.25;729
20260322 231200;6554.75;6555.75;6553.5;6555;302
20260322 231300;6555;6557;6554.75;6556.75;405
20260322 231400;6556.5;6557.25;6555.75;6556.5;285
20260322 231500;6556.5;6557;6555.5;6556.25;226
20260322 231600;6556.25;6557.5;6556.25;6557.25;233
20260322 231700;6557;6557.5;6554.25;6554.75;445
20260322 231800;6554.75;6555.75;6554;6555.25;354
20260322 231900;6555.5;6555.75;6553;6553.5;329
20260322 232000;6553.5;6553.75;6548.5;6549.75;1149
20260322 232100;6549.5;6551;6548.5;6548.75;590
20260322 232200;6549;6550;6545.75;6547.5;681
20260322 232300;6547.5;6549.5;6545.75;6549.25;484
20260322 232400;6549.5;6550;6547.5;6548.25;503
20260322 232500;6548.25;6548.5;6546.75;6548.25;257
20260322 232600;6548;6549.25;6547.5;6548.25;203
20260322 232700;6548.25;6548.25;6546.25;6547;217
20260322 232800;6547;6549.25;6546.5;6547.75;467
20260322 232900;6548;6548.25;6544;6544.75;618
20260322 233000;6544.75;6546;6544.5;6545.25;415
20260322 233100;6545;6546.25;6544.25;6545.75;404
20260322 233200;6546.25;6548.5;6546;6546.25;498
20260322 233300;6546;6546.75;6544.75;6545.25;262
20260322 233400;6545.25;6545.5;6542.5;6543.75;652
20260322 233500;6543.75;6544.25;6542.25;6542.75;612
20260322 233600;6543;6544.25;6542.75;6543.5;422
20260322 233700;6543.75;6546;6542.75;6545;433
20260322 233800;6545;6545.75;6543.5;6544;299
20260322 233900;6544;6546.25;6544;6546.25;389
20260322 234000;6546.25;6546.75;6544.25;6544.75;316
20260322 234100;6544.25;6545;6543;6545;331
20260322 234200;6545.25;6545.25;6543.75;6544.5;249
20260322 234300;6544.5;6546.5;6544;6545.75;254
20260322 234400;6545.75;6546;6544.75;6545;161
20260322 234500;6545;6546;6544.75;6545;228
20260322 234600;6545;6545;6537.25;6539.5;2098
20260322 234700;6539.5;6544.5;6539;6543.25;876
20260322 234800;6543;6545;6541;6541.75;586
20260322 234900;6542;6545;6542;6543.5;631
20260322 235000;6543.25;6543.25;6538.75;6539;747
20260322 235100;6539.5;6542.75;6538.75;6539.75;650
20260322 235200;6540;6541;6539;6540.5;354
20260322 235300;6540.5;6542.5;6540;6540.25;394
20260322 235400;6540;6540;6535;6535;1012
20260322 235500;6535.25;6536;6532.75;6533.5;1200
20260322 235600;6533.75;6537.5;6533.75;6535.5;829
20260322 235700;6535.5;6538.75;6535;6538.75;554
20260322 235800;6538.75;6538.75;6535;6535;516
20260322 235900;6535;6536;6533.5;6534.5;511
20260323 000000;6534.25;6540.25;6534.25;6539.75;781
20260323 000100;6539.75;6544;6539.75;6540.75;1501
20260323 000200;6540.75;6542.75;6540.5;6541;686
20260323 000300;6541.25;6541.5;6538.25;6539.25;840
20260323 000400;6539.5;6540;6538;6539;451
20260323 000500;6538.5;6542.75;6538;6540.5;560
20260323 000600;6540.75;6541;6534.25;6534.25;889
20260323 000700;6534.5;6542.5;6534;6541.75;1184
20260323 000800;6542;6544;6540;6543.25;879
20260323 000900;6543.5;6547;6542.5;6542.75;1035
20260323 001000;6542.75;6545;6542.75;6543.5;575
20260323 001100;6543.5;6546.75;6542.75;6544.75;585
20260323 001200;6544.75;6551.25;6544.75;6550.25;1449
20260323 001300;6550.25;6553.75;6548.5;6552.5;1128
20260323 001400;6552.5;6554;6551.75;6553.25;547
20260323 001500;6553;6553;6549.5;6550.5;870
20260323 001600;6550.25;6551.25;6546;6546.5;1166
20260323 001700;6547;6550;6544.5;6548.5;892
20260323 001800;6548.5;6550;6547.5;6548.25;520
20260323 001900;6548.5;6549.25;6547.75;6548.25;352
20260323 002000;6548.5;6550;6547.25;6547.25;403
20260323 002100;6547.25;6550.25;6546.75;6549.5;499
20260323 002200;6549.75;6555;6549.75;6553.75;1201
20260323 002300;6553.75;6555.5;6552.75;6554.5;616
20260323 002400;6554.25;6555.75;6554;6554.5;521
20260323 002500;6554.25;6554.25;6550.25;6551.5;635
20260323 002600;6551;6553.5;6550.75;6551;368
20260323 002700;6551.25;6553;6550;6550.25;428
20260323 002800;6550.5;6551;6547.75;6548.5;478
20260323 002900;6548.25;6550.25;6547.25;6548.25;420
20260323 003000;6548.25;6549.25;6546.25;6547.75;510
20260323 003100;6547.75;6548;6547;6547.75;215
20260323 003200;6548;6549.75;6547;6547;504
20260323 003300;6547.25;6547.25;6543.25;6543.75;783
20260323 003400;6543.5;6543.5;6541;6541;920
20260323 003500;6540.75;6542;6537.5;6538.25;1035
20260323 003600;6538.5;6540.25;6535.25;6535.75;1019
20260323 003700;6535.75;6537.25;6532.5;6532.5;1223
20260323 003800;6532.75;6534.75;6531.25;6532;970
20260323 003900;6532;6533.5;6530.75;6532.25;939
20260323 004000;6532.25;6533.25;6530.5;6531;756
20260323 004100;6531;6531.75;6528.25;6530;1181
20260323 004200;6530;6532.5;6527.75;6529.75;1317
20260323 004300;6530;6531.25;6528.5;6528.75;615
20260323 004400;6528.75;6533;6528.75;6533;808
20260323 004500;6533;6536.25;6533;6535;1416
20260323 004600;6534.75;6536;6533.5;6535.5;821
20260323 004700;6535.5;6536.25;6532.75;6533.75;1021
20260323 004800;6533.75;6536;6532.75;6535.5;620
20260323 004900;6535.25;6535.75;6531.5;6532.5;578
20260323 005000;6532.5;6535.25;6530.75;6534.75;622
20260323 005100;6534.75;6537;6533.25;6534;672
20260323 005200;6534.25;6536.25;6532;6532;561
20260323 005300;6532.25;6532.5;6527.75;6529.5;1141
20260323 005400;6529.75;6530.5;6527.75;6529;707
20260323 005500;6529.25;6529.25;6525.5;6527;1030
20260323 005600;6526.75;6529.25;6524.5;6525;1153
20260323 005700;6525.25;6529;6523.75;6527;1132
20260323 005800;6527.25;6528;6526.25;6527.25;494
20260323 005900;6527.5;6529.25;6527.25;6528.25;661
20260323 010000;6528.25;6528.5;6525.5;6525.75;533
20260323 010100;6526;6529;6523;6524.75;1460
20260323 010200;6524.5;6528.25;6522.5;6525.75;1423
20260323 010300;6525.75;6527.75;6524;6525.25;726
20260323 010400;6525.25;6527.25;6523.75;6527;757
20260323 010500;6527;6531.5;6527;6530;1396
20260323 010600;6529.75;6531;6526;6530.25;780
20260323 010700;6530.25;6535.5;6529.75;6535.5;1098
20260323 010800;6535.25;6537;6534.5;6537;792
20260323 010900;6537;6540;6536.5;6537.5;1029
20260323 011000;6537.75;6538;6534;6535;774
20260323 011100;6535.5;6536.5;6533.25;6534.5;693
20260323 011200;6535;6536.25;6532.5;6536.25;886
20260323 011300;6535.75;6537.75;6534;6537;483
20260323 011400;6536.5;6538.5;6533.75;6537.75;619
20260323 011500;6537.75;6538.75;6536.75;6537.75;371
20260323 011600;6537.5;6541;6536.25;6540.5;1014
20260323 011700;6540.75;6543.5;6540.5;6542.5;866
20260323 011800;6542.75;6543;6541;6542.25;424
20260323 011900;6542.25;6542.5;6539.75;6541.75;558
20260323 012000;6541.75;6544.75;6541.25;6544.25;694
20260323 012100;6544.25;6544.75;6541.5;6543;631
20260323 012200;6543.25;6544;6541.75;6542.75;409
20260323 012300;6542.75;6546.5;6542.75;6545.75;665
20260323 012400;6545.75;6546.75;6544.5;6546;461
20260323 012500;6546;6546.5;6544.5;6545.25;365
20260323 012600;6545;6545.5;6543.25;6545;367
20260323 012700;6545.75;6547.25;6545;6546.25;456
20260323 012800;6546.25;6546.25;6545;6545.25;352
20260323 012900;6545.25;6546.25;6544.5;6545.75;369
20260323 013000;6546;6546.25;6544.25;6544.75;259
20260323 013100;6544.75;6546;6541.25;6543;816
20260323 013200;6542.75;6549.5;6542;6547.75;1183
20260323 013300;6547.5;6548.5;6545.75;6546.5;505
20260323 013400;6546.5;6547.75;6545.5;6546;577
20260323 013500;6545.75;6546;6544;6545.75;430
20260323 013600;6545.75;6548;6545;6546.75;607
20260323 013700;6547;6548.75;6544;6547.5;587
20260323 013800;6547.5;6551.5;6547.5;6550.5;1057
20260323 013900;6550.5;6554;6550.5;6552;1203
20260323 014000;6552.25;6553;6549.75;6552;699
20260323 014100;6552;6553.5;6551.25;6551.75;537
20260323 014200;6551.75;6552.5;6550;6551.25;624
20260323 014300;6551.25;6551.25;6549.25;6550.5;602
20260323 014400;6550;6551.25;6549.75;6550.75;395
20260323 014500;6550.75;6552.75;6549.75;6552.5;509
20260323 014600;6552.5;6552.5;6550;6550.75;308
20260323 014700;6550.5;6554.25;6550;6553.75;541
20260323 014800;6553.5;6554.25;6549.5;6549.75;558
20260323 014900;6550.25;6550.5;6548.75;6549;434
20260323 015000;6549;6550.75;6547.75;6549.25;544
20260323 015100;6549.25;6549.5;6547.75;6548;392
20260323 015200;6548.5;6551.5;6548.5;6549.25;495
20260323 015300;6549.5;6550;6546.5;6547.75;555
20260323 015400;6547.75;6550.5;6547;6549.5;571
20260323 015500;6549.75;6550.25;6548.5;6549.25;274
20260323 015600;6549.25;6551.5;6549;6551.25;492
20260323 015700;6550.75;6552.5;6550;6551.75;379
20260323 015800;6551.75;6551.75;6548.5;6549.25;311
20260323 015900;6548.75;6551;6548.75;6549.25;353
20260323 020000;6549;6550;6548.5;6549.5;216
20260323 020100;6549.5;6550.25;6548;6549.75;362
20260323 020200;6549.75;6552;6549.25;6551.75;418
20260323 020300;6551.5;6552.25;6549.75;6550.5;304
20260323 020400;6550.25;6550.75;6548.5;6549.75;302
20260323 020500;6549.5;6550.75;6548.75;6550.5;173
20260323 020600;6550.5;6551;6549.5;6549.75;240
20260323 020700;6550;6552;6549.75;6551.75;379
20260323 020800;6551.75;6553.5;6551.25;6553;435
20260323 020900;6552.75;6554;6552;6553;501
20260323 021000;6553.25;6553.75;6551.5;6553.25;400
20260323 021100;6553.25;6553.75;6551.25;6552.5;304
20260323 021200;6552.75;6552.75;6550.5;6551;237
20260323 021300;6551.25;6551.5;6547.75;6548;553
20260323 021400;6548;6548;6543.75;6545.5;1092
20260323 021500;6546;6547;6545;6546.5;651
20260323 021600;6546.75;6546.75;6544.25;6544.75;532
20260323 021700;6544.75;6549.75;6543.5;6549.25;897
20260323 021800;6549.25;6549.5;6546.25;6546.5;607
20260323 021900;6546.75;6549.25;6546;6548.75;489
20260323 022000;6548.5;6549.25;6546.5;6547.5;322
20260323 022100;6548;6550.5;6547.25;6549.75;465
20260323 022200;6549.5;6551.75;6548.75;6551;479
20260323 022300;6551.25;6551.5;6549;6549.5;277
20260323 022400;6549.75;6550.25;6548.75;6549.5;186
20260323 022500;6549.25;6550.25;6548.75;6549.25;244
20260323 022600;6549;6551.25;6548.75;6550.75;240
20260323 022700;6550.5;6555;6550;6552.75;1235
20260323 022800;6553;6553;6549.5;6550.25;413
20260323 022900;6550.25;6550.25;6547.25;6547.75;554
20260323 023000;6548.25;6549.5;6547.5;6549;343
20260323 023100;6548.5;6549;6547.5;6548.25;253
20260323 023200;6548.25;6549;6546.5;6547.75;652
20260323 023300;6547.75;6548.75;6546.75;6547.25;448
20260323 023400;6546.75;6547.25;6545.75;6546.25;348
20260323 023500;6546.5;6547;6545.5;6545.75;171
20260323 023600;6545.75;6546.75;6545;6545.25;394
20260323 023700;6545.25;6546.5;6544.75;6545;263
20260323 023800;6544.75;6544.75;6542.5;6543;716
20260323 023900;6543;6543.5;6542.25;6543;359
20260323 024000;6543;6543.75;6541.75;6542;510
20260323 024100;6542;6543.75;6541.75;6543;412
20260323 024200;6542.75;6544.25;6540.75;6543.25;709
20260323 024300;6543.5;6545.25;6543.5;6544.5;428
20260323 024400;6544.5;6545.25;6542.75;6543.25;297
20260323 024500;6543.25;6543.5;6541.25;6541.75;284
20260323 024600;6541.5;6542.5;6540.5;6541.5;328
20260323 024700;6541.25;6541.25;6539.5;6539.5;643
20260323 024800;6540;6541.25;6539;6539.75;526
20260323 024900;6539.75;6540.5;6537.5;6538;582
20260323 025000;6538.25;6539.5;6538;6538.25;424
20260323 025100;6538;6539.75;6537.75;6538.25;398
20260323 025200;6538;6538.75;6537.25;6538;279
20260323 025300;6537.75;6538.75;6537.25;6537.75;306
20260323 025400;6537.5;6538;6535.5;6536.75;435
20260323 025500;6536.5;6538.5;6536.5;6538.25;380
20260323 025600;6537.75;6538.75;6537.5;6538.5;241
20260323 025700;6538.5;6540.25;6538.25;6539;760
20260323 025800;6539;6539.75;6538.75;6539.25;200
20260323 025900;6539;6541.5;6539;6541;529
20260323 030000;6540.75;6541.25;6540.25;6540.25;270
20260323 030100;6540.5;6543;6540.25;6542.75;583
20260323 030200;6542.5;6543.5;6540.75;6543.5;576
20260323 030300;6543.5;6544.5;6543;6544.5;389
20260323 030400;6544.5;6544.5;6542.5;6543.25;325
20260323 030500;6543.5;6543.75;6542.25;6543.5;197
20260323 030600;6543.25;6543.75;6540.25;6540.5;341
20260323 030700;6540.75;6542.25;6540.75;6541.25;372
20260323 030800;6541.25;6543;6540.75;6543;276
20260323 030900;6542.5;6542.75;6539.5;6539.75;456
20260323 031000;6540;6540.25;6539;6539.25;268
20260323 031100;6539;6540.25;6539;6539.25;153
20260323 031200;6539;6539.5;6537.75;6538;363
20260323 031300;6537.75;6537.75;6533.75;6534.5;1039
20260323 031400;6534.5;6535.75;6534;6535;776
20260323 031500;6535;6535;6532.75;6533.25;465
20260323 031600;6533.5;6534;6532;6532.5;580
20260323 031700;6532.5;6535.75;6532.5;6534.25;576
20260323 031800;6534;6535.25;6533.75;6534.25;448
20260323 031900;6534;6534.25;6531;6532.25;1212
20260323 032000;6532.25;6534.25;6532.25;6533.75;459
20260323 032100;6533.75;6536;6533.5;6535.5;531
20260323 032200;6535.5;6536.75;6535.25;6535.5;310
20260323 032300;6535.5;6536.5;6535.5;6536;144
20260323 032400;6536;6536;6534;6534.75;358
20260323 032500;6534.75;6535.25;6533.25;6534.5;238
20260323 032600;6534.5;6535.75;6534;6535;277
20260323 032700;6534.75;6537.25;6534.75;6537;402
20260323 032800;6537;6537.25;6534.5;6534.5;304
20260323 032900;6535;6535.25;6534.25;6534.75;157
20260323 033000;6534.75;6535.25;6534.25;6535;108
20260323 033100;6535.25;6535.75;6532.75;6533.5;346
20260323 033200;6534;6535.75;6533.75;6535.5;278
20260323 033300;6535.5;6535.5;6534.25;6534.25;329
20260323 033400;6534.25;6534.5;6531.75;6532.75;471
20260323 033500;6532.75;6536.25;6532.75;6536.25;381
20260323 033600;6535.75;6536.5;6533.75;6534.75;252
20260323 033700;6534.75;6534.75;6533.25;6533.75;148
20260323 033800;6534;6535.25;6533.5;6534.25;176
20260323 033900;6534.25;6535;6533.75;6534.75;174
20260323 034000;6535;6535.25;6533.25;6533.5;265
20260323 034100;6533.5;6534.5;6532.25;6532.5;240
20260323 034200;6532.5;6533;6531.5;6531.5;226
20260323 034300;6531.5;6531.75;6529.5;6530.5;582
20260323 034400;6530.75;6531.5;6529.5;6529.75;343
20260323 034500;6530;6533;6529.5;6532.5;371
20260323 034600;6532.5;6532.75;6530;6530.5;253
20260323 034700;6530.75;6533.5;6530.5;6532;344
20260323 034800;6532;6532.5;6530.5;6530.75;137
20260323 034900;6531;6531.75;6528.75;6529.75;304
20260323 035000;6530;6530.25;6528.75;6529;221
20260323 035100;6529.25;6529.5;6526.75;6527.75;650
20260323 035200;6528;6530;6527.5;6529.75;383
20260323 035300;6529.5;6530;6528.75;6528.75;185
20260323 035400;6528.75;6529;6526.75;6528;223
20260323 035500;6528.25;6528.25;6526.25;6526.75;248
20260323 035600;6526.75;6527;6525;6525.25;662
20260323 035700;6525.25;6526.75;6525;6525.5;399
20260323 035800;6525.5;6525.75;6524.25;6524.75;312
20260323 035900;6524.5;6525;6523.25;6524.75;592
20260323 040000;6524.75;6525.75;6524;6524.5;604
20260323 040100;6524.5;6528;6524.5;6527.75;820
20260323 040200;6527.5;6528.5;6525.5;6525.75;533
20260323 040300;6525.75;6526.25;6523.5;6524.5;325
20260323 040400;6524.25;6524.5;6523.25;6523.5;318
20260323 040500;6524;6525;6523.5;6524.75;261
20260323 040600;6524.75;6526;6524.25;6525.25;229
20260323 040700;6525.25;6528.25;6525;6527.5;513
20260323 040800;6527.5;6528.25;6526;6526.5;255
20260323 040900;6526.5;6527;6525.25;6527;185
20260323 041000;6526.5;6527.5;6525.75;6526.25;277
20260323 041100;6526.25;6527;6525.75;6526.25;146
20260323 041200;6526.25;6527.75;6525.75;6527.25;184
20260323 041300;6527.25;6527.5;6526;6527;205
20260323 041400;6527;6528.75;6526.75;6527.75;357
20260323 041500;6527.75;6528.25;6527;6528;211
20260323 041600;6528;6528.75;6527.5;6528.5;167
20260323 041700;6528.75;6531;6528.25;6530.75;501
20260323 041800;6530.75;6531.75;6529.75;6531.25;366
20260323 041900;6531.5;6531.5;6529.5;6529.5;205
20260323 042000;6529.5;6531;6528.75;6530.75;258
20260323 042100;6531;6531.25;6528.5;6528.75;214
20260323 042200;6529;6531.5;6529;6531.25;202
20260323 042300;6531.25;6531.5;6530.75;6531.25;118
20260323 042400;6531.5;6531.5;6529.75;6530;139
20260323 042500;6530.25;6531.75;6529.75;6531.5;131
20260323 042600;6531.75;6532.25;6530.75;6531.5;183
20260323 042700;6531.75;6534.5;6531;6533.75;461
20260323 042800;6533.75;6534.75;6531.5;6532;315
20260323 042900;6532.25;6533.5;6532.25;6532.5;186
20260323 043000;6532.25;6533;6531.75;6533;128
20260323 043100;6532.75;6533;6532;6532.75;175
20260323 043200;6532.75;6534.25;6532.75;6533.25;195
20260323 043300;6533.75;6534.25;6533;6534;91
20260323 043400;6534;6534.25;6532.75;6533.25;116
20260323 043500;6533.25;6534.25;6532.75;6533.75;110
20260323 043600;6534;6534.5;6533.5;6534.5;91
20260323 043700;6534.25;6535.25;6534.25;6535.25;339
20260323 043800;6535.5;6536;6534.75;6535.5;369
20260323 043900;6535.25;6536.5;6535;6536.25;190
20260323 044000;6536;6536.5;6535;6536;104
20260323 044100;6535.75;6536.25;6534.25;6534.75;197
20260323 044200;6534.75;6536;6534.5;6535.25;158
20260323 044300;6535.25;6535.5;6534;6534.25;121
20260323 044400;6534.5;6534.5;6533.25;6533.5;274
20260323 044500;6533.5;6533.75;6531.25;6532;396
20260323 044600;6532.25;6533;6531.25;6532.25;298
20260323 044700;6532.5;6533.5;6532;6532.25;214
20260323 044800;6532.25;6535.25;6532;6534;242
20260323 044900;6534.25;6534.25;6533;6533.25;98
20260323 045000;6533.25;6533.5;6530.75;6531.5;260
20260323 045100;6531.25;6532.25;6531;6531.5;181
20260323 045200;6531.25;6532.5;6531;6532.25;147
20260323 045300;6532.25;6533.25;6531.5;6532.75;244
20260323 045400;6532.75;6532.75;6531.75;6532.25;90
20260323 045500;6531.75;6533;6531.75;6532.5;138
20260323 045600;6532.25;6534.5;6532.25;6533;221
20260323 045700;6533;6536.75;6533;6535.5;582
20260323 045800;6535.5;6536.5;6535;6535.75;339
20260323 045900;6536;6536.5;6535.5;6535.5;151
20260323 050000;6535.5;6535.5;6534;6534.75;184
20260323 050100;6535;6536.75;6534;6535.75;382
20260323 050200;6535.75;6536.75;6535.5;6536.5;153
20260323 050300;6536.75;6537.5;6536.25;6536.5;214
20260323 050400;6536.75;6539.25;6536.5;6538.75;467
20260323 050500;6538.5;6539.5;6536.25;6536.25;306
20260323 050600;6536.25;6539.5;6536.25;6539.5;209
20260323 050700;6539.75;6542.25;6538.5;6541.75;474
20260323 050800;6541.75;6542.75;6541.25;6541.75;334
20260323 050900;6541.75;6541.75;6538;6538.25;304
20260323 051000;6538.25;6539.5;6537;6537;206
20260323 051100;6537.25;6537.5;6535.75;6536.5;273
20260323 051200;6536.5;6537.25;6535.75;6536.5;247
20260323 051300;6536.5;6538.75;6536.25;6538.25;217
20260323 051400;6538.25;6539.5;6538;6539.5;121
20260323 051500;6539.5;6539.5;6538.5;6538.75;105
20260323 051600;6539;6540.75;6538.75;6540.5;164
20260323 051700;6540.5;6541;6540.25;6540.5;162
20260323 051800;6540.75;6541.25;6539.75;6540;128
20260323 051900;6540;6540.75;6538.25;6538.5;306
20260323 052000;6538.5;6539.25;6537.75;6539;252
20260323 052100;6538.75;6538.75;6535.25;6535.75;648
20260323 052200;6535.75;6536.75;6535.25;6536;238
20260323 052300;6536;6537.25;6533.75;6534.25;353
20260323 052400;6534;6534.75;6532.75;6534;303
20260323 052500;6533.75;6534;6532;6532.5;188
20260323 052600;6532.5;6533;6532;6532.5;220
20260323 052700;6532.25;6534.25;6531.5;6533.75;334
20260323 052800;6534;6534;6532;6533;149
20260323 052900;6532.75;6534.75;6532.5;6533.75;188
20260323 053000;6533.75;6534.25;6533;6533.25;149
20260323 053100;6533.5;6533.75;6527;6528.25;1092
20260323 053200;6528.25;6530;6527;6527;471
20260323 053300;6527;6528;6524.5;6525;598
20260323 053400;6525;6525;6522.25;6524.25;764
20260323 053500;6524;6528.5;6524;6527.5;627
20260323 053600;6527.25;6528.25;6526.75;6528.25;241
20260323 053700;6528.25;6532;6527.5;6532;483
20260323 053800;6531.75;6536.25;6531.75;6535.5;618
20260323 053900;6535.75;6536;6532.25;6533.5;494
20260323 054000;6533.25;6533.75;6531.75;6533.25;272
20260323 054100;6533;6533.5;6530.25;6531.25;348
20260323 054200;6531.5;6533;6530;6532.5;251
20260323 054300;6532.5;6532.75;6529.25;6529.75;216
20260323 054400;6529.5;6530.5;6529.25;6529.75;316
20260323 054500;6529.75;6530.25;6527.5;6528.5;237
20260323 054600;6528;6528.5;6526.5;6526.5;308
20260323 054700;6527;6527.25;6525.25;6526;272
20260323 054800;6526;6526.75;6525;6525.25;237
20260323 054900;6524.75;6525;6523.75;6524.25;315
20260323 055000;6524;6525.5;6523.25;6523.25;207
20260323 055100;6523.25;6524.75;6523.25;6524;554
20260323 055200;6523.75;6526.25;6522.75;6525.25;400
20260323 055300;6525.25;6525.5;6520;6521.75;1216
20260323 055400;6521.75;6523.5;6520.5;6523.25;446
20260323 055500;6523.25;6524.5;6523.25;6524;216
20260323 055600;6524;6527.75;6523.75;6527;450
20260323 055700;6527;6530.75;6526.5;6530.75;761
20260323 055800;6530.5;6531;6529.75;6530.25;412
20260323 055900;6530;6530;6527.25;6528.5;573
20260323 060000;6528.5;6531.25;6528.5;6530;282
20260323 060100;6530;6530.5;6526;6526.25;461
20260323 060200;6526.25;6528.25;6526.25;6527.25;207
20260323 060300;6527.5;6528.75;6525.5;6527;206
20260323 060400;6527.25;6527.75;6525.5;6526.5;213
20260323 060500;6526.5;6527.75;6524.75;6526;277
20260323 060600;6525.5;6525.75;6522;6523;563
20260323 060700;6523;6525.5;6523;6524.25;319
20260323 060800;6524.25;6526;6524.25;6525.75;244
20260323 060900;6526;6526.25;6524;6524.75;239
20260323 061000;6524.5;6526.25;6524;6525.25;267
20260323 061100;6525.25;6527;6524.5;6524.75;296
20260323 061200;6524.5;6526.5;6524;6526.5;208
20260323 061300;6526.5;6527;6523;6523.75;346
20260323 061400;6523.5;6523.5;6518.25;6518.75;825
20260323 061500;6518.75;6524;6518.75;6522.25;716
20260323 061600;6522.25;6525.5;6521.75;6524.25;549
20260323 061700;6524.25;6524.75;6521;6522.25;280
20260323 061800;6522;6523.25;6519.25;6519.75;422
20260323 061900;6520.25;6523.75;6520;6521.5;331
20260323 062000;6521.25;6522.5;6519.75;6521.5;194
20260323 062100;6521.25;6521.25;6519.5;6520.25;276
20260323 062200;6520.25;6524.25;6520.25;6523.25;352
20260323 062300;6523.5;6524;6521.75;6522;133
20260323 062400;6522;6523;6521;6521;199
20260323 062500;6521.25;6523.75;6520.25;6522.25;398
20260323 062600;6522.25;6524;6521.75;6522.75;184
20260323 062700;6522.25;6522.25;6519.25;6519.5;267
20260323 062800;6519.5;6520.5;6519;6520.25;254
20260323 062900;6520.25;6521.5;6519.25;6521;241
20260323 063000;6521.25;6522.25;6518;6519.25;410
20260323 063100;6519.75;6519.75;6515.5;6515.75;888
20260323 063200;6515.75;6519.5;6515.5;6518.75;514
20260323 063300;6518.75;6519.75;6517.25;6518.75;360
20260323 063400;6518.75;6520.75;6516.75;6516.75;641
20260323 063500;6517;6518.75;6515.75;6516;344
20260323 063600;6516;6518.25;6515.5;6517;310
20260323 063700;6517;6517;6513.5;6513.75;658
20260323 063800;6514.25;6515;6512.75;6513.25;489
20260323 063900;6513.25;6514.75;6512;6514.5;599
20260323 064000;6514.75;6515.25;6512.75;6513.75;227
20260323 064100;6514;6517.25;6513.5;6515.5;692
20260323 064200;6515.5;6516.25;6514.75;6515.75;243
20260323 064300;6515.25;6515.75;6509.75;6510;1015
20260323 064400;6509.75;6510.25;6507.25;6508.5;650
20260323 064500;6508.5;6509.5;6507;6507;409
20260323 064600;6507;6508.75;6506.5;6508.25;692
20260323 064700;6508.5;6508.5;6506.5;6508;286
20260323 064800;6508;6509;6507.25;6507.75;404
20260323 064900;6507.75;6508;6506;6507;276
20260323 065000;6507.25;6509.25;6507;6508.75;616
20260323 065100;6508.75;6509.5;6508.25;6508.5;279
20260323 065200;6508.5;6510.75;6508.25;6509.5;380
20260323 065300;6509.75;6510.25;6508.75;6510;194
20260323 065400;6510;6511.25;6505.75;6507.5;655
20260323 065500;6507.5;6508;6506.75;6508;203
20260323 065600;6508;6508;6503;6503.75;1130
20260323 065700;6504;6504.25;6496.75;6498.5;2476
20260323 065800;6498.75;6499.25;6497.25;6497.75;483
20260323 065900;6497.5;6501.5;6497.5;6501.25;484
20260323 070000;6501.5;6504.25;6501.5;6503.75;756
20260323 070100;6504;6505;6502;6503.75;579
20260323 070200;6503.25;6503.75;6500;6502.75;434
20260323 070300;6502.75;6502.75;6498.25;6500;715
20260323 070400;6499.75;6504.75;6499.5;6502.25;686
20260323 070500;6502.5;6506.5;6502.5;6505.75;487
20260323 070600;6505.5;6508.25;6505.25;6507.75;553
20260323 070700;6507.75;6509.5;6506;6508;750
20260323 070800;6508.25;6515;6508.25;6513.5;1106
20260323 070900;6513.75;6514.25;6510.75;6512.5;688
20260323 071000;6512.5;6512.75;6510;6511;429
20260323 071100;6511;6514.5;6510.5;6514;427
20260323 071200;6513.75;6517.5;6513.25;6516.75;756
20260323 071300;6516.75;6517;6513.5;6513.75;491
20260323 071400;6514;6514;6510.5;6511.25;518
20260323 071500;6511.25;6513.75;6511.25;6512.75;385
20260323 071600;6512.5;6513.25;6508.25;6509.25;691
20260323 071700;6509.25;6510;6507.25;6508;501
20260323 071800;6508.25;6511.25;6508.25;6509.5;341
20260323 071900;6509.5;6510.25;6507.5;6508.25;457
20260323 072000;6508.5;6509.5;6507.75;6508;429
20260323 072100;6508;6508.25;6502;6504.75;1056
20260323 072200;6504.25;6505.75;6503.25;6504.5;431
20260323 072300;6504.5;6504.75;6495.75;6496.5;1169
20260323 072400;6496.5;6496.75;6491.25;6494;1992
20260323 072500;6493.75;6495;6489.25;6489.75;1341
20260323 072600;6489.75;6491.25;6487.25;6491.25;1445
20260323 072700;6491;6493;6490;6491.5;1078
20260323 072800;6491.25;6495;6489.5;6491.5;1111
20260323 072900;6491.75;6492;6482.75;6490.5;2887
20260323 073000;6490.5;6492;6488;6490;1668
20260323 073100;6490.25;6494.75;6488.5;6493.25;1198
20260323 073200;6493.5;6497.25;6492.25;6496.5;956
20260323 073300;6496.5;6496.5;6491.25;6492.5;574
20260323 073400;6492.5;6492.5;6490;6490.75;449
20260323 073500;6490.75;6493;6490;6490;450
20260323 073600;6490;6491;6487.25;6490.25;896
20260323 073700;6490.25;6494.5;6489.25;6491.5;824
20260323 073800;6491.5;6492.75;6491;6492;312
20260323 073900;6492.25;6495.5;6492;6495.25;500
20260323 074000;6495.25;6496.75;6491.25;6491.25;732
20260323 074100;6491;6492.25;6490;6490.25;337
20260323 074200;6490.5;6491.25;6488.5;6490.75;526
20260323 074300;6491;6491.5;6489.25;6489.5;346
20260323 074400;6489.25;6494;6489;6491.75;711
20260323 074500;6491.75;6497.25;6491.75;6496.75;464
20260323 074600;6496.75;6502.25;6496.75;6502;1127
20260323 074700;6502;6505.25;6501.5;6504.25;835
20260323 074800;6504.25;6504.75;6501.75;6504;519
20260323 074900;6504;6506.5;6503;6505;455
20260323 075000;6505.25;6505.5;6501.75;6502.5;520
20260323 075100;6502.5;6502.5;6499;6499.5;573
20260323 075200;6499.25;6501.5;6498.5;6500.75;628
20260323 075300;6500.75;6500.75;6497.5;6498.5;449
20260323 075400;6498;6498.25;6495;6495.75;692
20260323 075500;6496;6497.75;6495.75;6497;347
20260323 075600;6496.75;6497;6494.25;6496.75;353
20260323 075700;6496.75;6501.5;6496.5;6498.75;1092
20260323 075800;6499.25;6500.75;6494;6495.25;603
20260323 075900;6495;6496.75;6492.75;6495.5;609
20260323 080000;6495.25;6499.75;6495;6497.25;873
20260323 080100;6497.5;6507.5;6497.25;6505;1876
20260323 080200;6505.25;6505.5;6501;6502.25;825
20260323 080300;6502;6507.75;6500.5;6507;825
20260323 080400;6507.25;6508;6502;6505.75;965
20260323 080500;6505.5;6507.5;6502.5;6505.75;879
20260323 080600;6505.75;6509.5;6503.25;6505.75;1066
20260323 080700;6505.75;6509.5;6504;6508.75;1029
20260323 080800;6509;6512;6508.25;6509.75;874
20260323 080900;6509.75;6511;6508;6508.5;560
20260323 081000;6508.5;6508.5;6505.75;6507;690
20260323 081100;6507.5;6508.5;6505.25;6505.75;741
20260323 081200;6505.25;6508.5;6503.5;6508.5;776
20260323 081300;6508.5;6512.25;6508.25;6509.25;815
20260323 081400;6509;6512.25;6507;6510.5;770
20260323 081500;6510.75;6516.25;6510.75;6514;1022
20260323 081600;6514;6515.25;6511.75;6514;855
20260323 081700;6513.75;6514.5;6510.25;6510.75;668
20260323 081800;6510.75;6510.75;6508.5;6509.75;660
20260323 081900;6510.25;6512.5;6508.25;6509;636
20260323 082000;6508.75;6512.25;6507.25;6512;778
20260323 082100;6512.5;6514.25;6510.75;6513.25;723
20260323 082200;6513.25;6513.5;6509.25;6510.5;444
20260323 082300;6510.75;6515.75;6509;6515.5;761
20260323 082400;6515.75;6516.25;6511;6512.75;636
20260323 082500;6512.75;6514.5;6510.25;6510.25;581
20260323 082600;6510.25;6512.5;6509;6511.25;643
20260323 082700;6511.75;6514;6510.5;6512.75;509
20260323 082800;6512.75;6514.25;6511;6513.75;548
20260323 082900;6514;6514;6509;6511.5;699
20260323 083000;6511.75;6512.25;6508.25;6509;636
20260323 083100;6509;6512.75;6508;6511.75;690
20260323 083200;6512;6518.25;6510.5;6516.75;1002
20260323 083300;6516.75;6522;6515.75;6519.5;1834
20260323 083400;6519.75;6521.25;6518;6519.5;646
20260323 083500;6519.25;6520;6517;6518.25;638
20260323 083600;6518.25;6518.75;6515.25;6515.25;783
20260323 083700;6515.5;6519.5;6514.75;6518;463
20260323 083800;6518;6518.75;6514.5;6517.75;554
20260323 083900;6517.5;6517.75;6514;6514.5;433
20260323 084000;6514.25;6517.25;6514.25;6516.5;473
20260323 084100;6516.75;6521.25;6516.25;6519.75;734
20260323 084200;6519.75;6520;6517.75;6519.25;456
20260323 084300;6519.25;6521.75;6516.25;6516.25;766
20260323 084400;6516;6518;6514.25;6514.25;755
20260323 084500;6514.25;6517.5;6513.75;6515.5;455
20260323 084600;6515.5;6518;6514.75;6517.75;473
20260323 084700;6517.5;6521.5;6516;6519;706
20260323 084800;6519;6523.75;6519;6523;998
20260323 084900;6523;6524.25;6522.25;6523;570
20260323 085000;6523.5;6524;6519.25;6519.75;1005
20260323 085100;6519.5;6521;6518.25;6519.75;516
20260323 085200;6519.75;6522.75;6519;6521.75;369
20260323 085300;6521.5;6522;6520;6520.75;448
20260323 085400;6520.5;6522.75;6519.5;6522.75;456
20260323 085500;6522.75;6524.75;6520;6520.25;868
20260323 085600;6520.25;6520.25;6515;6515;654
20260323 085700;6515.5;6518;6514;6516.75;450
20260323 085800;6517.25;6521.5;6516.5;6521;581
20260323 085900;6520.75;6521.25;6519.5;6520.5;326
20260323 090000;6520.75;6522;6518.25;6518.75;416
20260323 090100;6519;6520;6517;6517;574
20260323 090200;6516.75;6517.25;6513.25;6513.75;733
20260323 090300;6514;6514;6510.5;6511.75;867
20260323 090400;6511.75;6512.75;6509.25;6511;846
20260323 090500;6510.75;6516.75;6510.5;6514.5;1018
20260323 090600;6514.5;6515.75;6513.25;6514.5;471
20260323 090700;6514.75;6519;6514;6518.25;659
20260323 090800;6518.5;6522.75;6518;6522;819
20260323 090900;6521.75;6522;6517.5;6517.5;695
20260323 091000;6518;6520.75;6516.75;6520;434
20260323 091100;6519.75;6522.5;6518.75;6520;792
20260323 091200;6520;6521.5;6518.25;6521;334
20260323 091300;6521.25;6522.25;6519;6520.5;522
20260323 091400;6520.5;6520.75;6517.75;6519.5;367
20260323 091500;6519.75;6521.25;6518.5;6519.5;303
20260323 091600;6519.75;6520.5;6518;6518;302
20260323 091700;6518.25;6521.75;6517.5;6521.25;513
20260323 091800;6521.25;6523.5;6519.75;6519.75;611
20260323 091900;6520.25;6520.25;6516.5;6518.25;351
20260323 092000;6518.5;6520;6517.75;6519;237
20260323 092100;6519.25;6522.75;6519;6522.25;547
20260323 092200;6522.25;6527;6520.25;6527;1131
20260323 092300;6526.75;6527.25;6524.75;6526.25;640
20260323 092400;6526;6526.5;6523.5;6524;505
20260323 092500;6523.75;6523.75;6517.25;6518;701
20260323 092600;6517.75;6517.75;6513.75;6516;775
20260323 092700;6516.25;6519;6515.25;6517.5;533
20260323 092800;6517.5;6520.25;6516.5;6519;451
20260323 092900;6519;6520.5;6518;6518.75;420
20260323 093000;6518.5;6518.75;6517;6518.5;214
20260323 093100;6518.25;6519;6516;6516.5;589
20260323 093200;6516.5;6516.5;6512;6514.75;686
20260323 093300;6515.25;6515.25;6512.5;6513.5;445
20260323 093400;6513.25;6513.25;6508.25;6508.25;509
20260323 093500;6508.25;6508.5;6504.5;6504.75;947
20260323 093600;6505;6505.75;6501.25;6501.5;931
20260323 093700;6501.5;6502.5;6499.75;6500;788
20260323 093800;6500.5;6501;6498.5;6499.75;815
20260323 093900;6499.75;6503.5;6499.5;6502;762
20260323 094000;6502;6507;6501.75;6503.5;595
20260323 094100;6503.75;6505.75;6502.25;6504.25;643
20260323 094200;6504.25;6507.5;6504;6507;374
20260323 094300;6507;6508.25;6503.75;6504;447
20260323 094400;6504.25;6504.75;6501.5;6502.75;650
20260323 094500;6503.25;6504.75;6502;6504.75;378
20260323 094600;6505;6506;6503.5;6504.75;347
20260323 094700;6504.75;6507.5;6504;6507;424
20260323 094800;6507.25;6509;6506.75;6507.75;487
20260323 094900;6507.75;6510;6506;6506;501
20260323 095000;6505.75;6507;6503.5;6505.25;607
20260323 095100;6505.25;6507.75;6503.75;6504.75;495
20260323 095200;6504.5;6504.75;6503;6503.75;584
20260323 095300;6503.75;6504.5;6501.25;6503.5;494
20260323 095400;6503.5;6506;6503;6504;374
20260323 095500;6503.75;6503.75;6501.75;6502;268
20260323 095600;6502.25;6503.5;6501.5;6502;264
20260323 095700;6501.75;6504;6501.25;6503;321
20260323 095800;6503;6503.5;6501.5;6502.75;274
20260323 095900;6502.75;6504.5;6502.75;6503.5;335
20260323 100000;6503.25;6508;6503.25;6506.25;769
20260323 100100;6506.25;6509;6505.25;6505.5;580
20260323 100200;6505.5;6506.75;6503.75;6505.75;788
20260323 100300;6505.75;6510.75;6505.5;6510.25;723
20260323 100400;6510.5;6510.5;6504.75;6507;891
20260323 100500;6507;6510.75;6506.75;6509.25;420
20260323 100600;6509.5;6510;6507;6509.5;533
20260323 100700;6509.5;6510;6508;6508.5;305
20260323 100800;6508.25;6509.5;6506;6508.5;380
20260323 100900;6508.75;6510;6507.75;6509.75;397
20260323 101000;6509.75;6517.5;6509.75;6513.75;1373
20260323 101100;6513.5;6515.25;6513;6514.5;378
20260323 101200;6514;6516;6511.75;6516;571
20260323 101300;6515.75;6516.75;6513.25;6513.25;348
20260323 101400;6513;6513.5;6510;6510;419
20260323 101500;6510.25;6511;6508.25;6508.75;531
20260323 101600;6508.75;6508.75;6506.5;6506.75;420
20260323 101700;6506.5;6507.5;6503.25;6507;661
20260323 101800;6507;6508.75;6505;6508.5;384
20260323 101900;6508.25;6511.5;6506.75;6509.5;499
20260323 102000;6509.25;6510.75;6506.25;6507;450
20260323 102100;6506.5;6507;6502.5;6502.75;714
20260323 102200;6502.75;6503.75;6500.25;6500.5;635
20260323 102300;6500.75;6502.25;6499.5;6499.75;513
20260323 102400;6499.75;6500.75;6498.25;6498.75;411
20260323 102500;6499;6501.5;6499;6499.75;438
20260323 102600;6500;6501;6498;6501;385
20260323 102700;6500.5;6502.75;6498.25;6501.75;541
20260323 102800;6501.75;6502;6498;6499.5;478
20260323 102900;6499.5;6499.5;6496.75;6498.5;635
20260323 103000;6498;6500.5;6498;6498.75;385
20260323 103100;6498.5;6499.5;6497.75;6498;336
20260323 103200;6498.25;6502.5;6497.75;6501.5;472
20260323 103300;6501.5;6504.25;6501.25;6503.75;503
20260323 103400;6504;6505;6502.75;6502.75;422
20260323 103500;6502.5;6504;6500.75;6502.75;506
20260323 103600;6502.75;6506;6502.25;6505.75;435
20260323 103700;6505.75;6508;6504.75;6507.25;512
20260323 103800;6507.25;6507.75;6503.75;6503.75;414
20260323 103900;6504;6505.5;6501.5;6501.75;463
20260323 104000;6502;6502.25;6496.25;6496.75;869
20260323 104100;6496.75;6497.25;6495.25;6496;776
20260323 104200;6496.25;6497;6494.5;6495;554
20260323 104300;6495.5;6499.5;6494.25;6498.75;792
20260323 104400;6499;6499.25;6496.75;6497;614
20260323 104500;6497.25;6500;6495.5;6500;764
20260323 104600;6499.75;6500;6495.25;6497;531
20260323 104700;6497.25;6498.5;6495.75;6497.25;446
20260323 104800;6497.25;6498.25;6495.25;6496.25;447
20260323 104900;6496.5;6497.25;6493;6494.25;712
20260323 105000;6494.25;6494.75;6490;6494.25;1859
20260323 105100;6494.5;6518;6493.5;6509.75;6257
20260323 105200;6509.75;6510;6502;6504;2220
20260323 105300;6504;6504.5;6501;6503.5;1107
20260323 105400;6503.25;6505.25;6500.25;6504.5;779
20260323 105500;6504.5;6505.5;6502.75;6503;488
20260323 105600;6503.25;6504;6500.75;6501;455
20260323 105700;6501.25;6503.75;6499.75;6502.25;869
20260323 105800;6502;6504.25;6501.5;6504.25;813
20260323 105900;6504.25;6506.25;6503.75;6504.5;621
20260323 110000;6504.5;6507.25;6504.25;6506.5;446
20260323 110100;6507;6512.75;6507;6512.25;1263
20260323 110200;6511.5;6513;6509;6512;1116
20260323 110300;6511.25;6511.5;6508.75;6509.75;614
20260323 110400;6509.5;6509.5;6506;6509.25;732
20260323 110500;6509.25;6511.75;6509;6510.5;601
20260323 110600;6510.25;6600.5;6509.75;6600.5;5739
20260323 110700;6594.25;6633.25;6594.25;6633.25;1593
20260323 110800;6635;6705.25;6635;6703.5;3482
20260323 110900;6704.25;6708.25;6663.25;6697.25;14045
20260323 111000;6697.5;6730;6694.5;6724.5;13428
20260323 111100;6725;6745;6720.25;6727.75;5499
20260323 111200;6726.75;6740.75;6712;6716.75;4033
20260323 111300;6717;6722.5;6687.5;6707.75;4529
20260323 111400;6708;6734;6706.5;6729;5937
20260323 111500;6728.75;6748;6727.75;6738.25;4952
20260323 111600;6738.5;6742;6719.25;6723;4117
20260323 111700;6722.75;6725.5;6702;6702.5;3871
20260323 111800;6702.5;6721;6702.5;6714.25;4227
20260323 111900;6714.25;6718.75;6701;6706.25;4141
20260323 112000;6706.5;6707.25;6698.75;6703.25;3643
20260323 112100;6703.5;6707.25;6681.75;6683.25;4652
20260323 112200;6682.75;6689.75;6670;6689.75;5050
20260323 112300;6689.75;6699.25;6679;6697.5;5277
20260323 112400;6697.25;6698;6678.5;6682;3567
20260323 112500;6681.75;6683;6660.75;6679.75;4940
20260323 112600;6680.25;6690.5;6678.75;6686.5;3109
20260323 112700;6686.75;6689.5;6680.25;6681;1867
20260323 112800;6681;6685.75;6669.5;6671.75;3311
20260323 112900;6671.75;6674.5;6655.25;6669.75;5616
20260323 113000;6669.5;6678.5;6662.5;6675.5;3355
20260323 113100;6676;6696.25;6674.25;6696;3019
20260323 113200;6695.75;6705;6695.25;6699.75;3168
20260323 113300;6699.5;6702.75;6695.75;6702.5;2385
20260323 113400;6702.75;6722;6701.75;6719;3338
20260323 113500;6718;6727.25;6714.75;6721.75;2338
20260323 113600;6721.5;6723.75;6716.25;6717.25;2182
20260323 113700;6717.5;6717.5;6697.75;6700.5;3127
20260323 113800;6700.5;6708;6697;6700.5;2685
20260323 113900;6700.25;6700.25;6691.5;6696.25;2055
20260323 114000;6696;6702.5;6693.5;6695.75;1860
20260323 114100;6695;6697.5;6685.75;6686.5;1640
20260323 114200;6686.75;6688;6682;6685;2097
20260323 114300;6685;6685;6671;6677.5;2388
20260323 114400;6677.25;6687;6673.5;6680.75;2692
20260323 114500;6681.25;6685.5;6665.75;6670.75;2222
20260323 114600;6670.75;6676.75;6663.5;6670;1908
20260323 114700;6669.75;6671;6641.25;6644.75;3845
20260323 114800;6645;6660.25;6640;6655.75;3562
20260323 114900;6656;6665.25;6652.75;6663.25;1760
20260323 115000;6663;6667.5;6654.5;6665.75;1976
20260323 115100;6665.75;6666.5;6647.5;6653;2182
20260323 115200;6653.75;6654;6640.25;6653.25;2255
20260323 115300;6653;6657.5;6646.75;6652.75;2000
20260323 115400;6652.5;6660.5;6651.25;6654.25;1447
20260323 115500;6654.25;6662.5;6653.25;6661.5;1593
20260323 115600;6661;6661.5;6640;6641.25;2218
20260323 115700;6641.75;6642;6634.5;6639.75;2122
20260323 115800;6639.5;6644.75;6632.75;6635.75;1632
20260323 115900;6635.75;6643.75;6634.5;6639.25;1523
20260323 120000;6638.75;6641.75;6634;6638.75;1549
20260323 120100;6639;6642;6630.25;6633.5;1846
20260323 120200;6632.75;6636.25;6625;6633;2371
20260323 120300;6633.25;6639.5;6630.5;6633.25;1832
20260323 120400;6632.75;6647.5;6632.75;6641.5;2312
20260323 120500;6641.5;6650.5;6641.5;6647.5;1431
20260323 120600;6647.75;6650.25;6637.75;6639.5;1318
20260323 120700;6640;6647.75;6638.75;6641.5;1206
20260323 120800;6641;6642.75;6635.5;6636.5;1125
20260323 120900;6636.25;6648;6635.25;6646.5;1594
20260323 121000;6647;6659.5;6645.25;6659.5;2390
20260323 121100;6659;6661.5;6654.5;6660.75;1903
20260323 121200;6660.5;6661;6647.75;6652.25;1988
20260323 121300;6652;6655.75;6650.5;6652.5;1277
20260323 121400;6652.5;6655;6647.5;6648;983
20260323 121500;6648.25;6651.5;6641.5;6641.75;1030
20260323 121600;6641.5;6650.25;6640.75;6648;1432
20260323 121700;6647.75;6657.5;6646.75;6657;1414
20260323 121800;6656.75;6665;6655;6662.75;1400
20260323 121900;6662.75;6663.75;6658.75;6662.5;971
20260323 122000;6662.75;6673;6662.75;6673;1588
20260323 122100;6672.75;6674.25;6665.75;6672;1500
20260323 122200;6672;6675;6670.25;6670.5;1043
20260323 122300;6670.25;6672.5;6667.5;6668;815
20260323 122400;6668;6672.25;6664;6667.25;1055
20260323 122500;6667.5;6670.5;6664.5;6666.25;823
20260323 122600;6666.25;6670.75;6665.25;6665.25;759
20260323 122700;6665.25;6668.75;6664.25;6668;585
20260323 122800;6667.75;6669.75;6666;6668;473
20260323 122900;6668.5;6672.5;6668;6672.25;700
20260323 123000;6671.75;6672.75;6665.5;6666.25;539
20260323 123100;6666.25;6666.25;6655.5;6662.25;1772
20260323 123200;6662.5;6664;6656;6659;910
20260323 123300;6659.25;6660;6652.75;6655.25;1056
20260323 123400;6655.5;6662.5;6653.25;6655.25;1080
20260323 123500;6655.5;6659.5;6654.25;6656.5;666
20260323 123600;6656.25;6658.75;6652.75;6657.75;1000
20260323 123700;6658;6663.75;6657;6663.25;1086
20260323 123800;6663;6669.25;6660.5;6660.5;1971
20260323 123900;6660.5;6660.5;6653.5;6656.5;1484
20260323 124000;6656.5;6658.25;6654.25;6656.25;1188
20260323 124100;6656.75;6661;6650.5;6655;1855
20260323 124200;6655;6682.5;6652.75;6664.75;5699
20260323 124300;6665;6685;6664.5;6683;4055
20260323 124400;6683;6688;6679.5;6686.75;3452
20260323 124500;6687;6688.75;6679;6687.25;3195
20260323 124600;6687.25;6688.25;6679;6681.75;2456
20260323 124700;6681.5;6687.75;6675.75;6687;2472
20260323 124800;6687.25;6690.5;6685.25;6688;2087
20260323 124900;6688.25;6692.25;6686.5;6690.25;1749
20260323 125000;6689.75;6691;6687.75;6689.75;1534
20260323 125100;6689.75;6693.75;6686;6688.75;1963
20260323 125200;6689;6694.5;6688.25;6692.75;1516
20260323 125300;6692.25;6696.5;6691.5;6695.75;1597
20260323 125400;6695.75;6696.75;6689.5;6692.25;1624
20260323 125500;6692;6693.75;6682.75;6686;2174
20260323 125600;6686;6688.75;6682.25;6684.5;1618
20260323 125700;6684.5;6688.5;6681;6684;1717
20260323 125800;6684;6687;6682.5;6684.25;1240
20260323 125900;6684.5;6690.5;6682.75;6689.25;1313
20260323 130000;6689.5;6691.75;6688;6691;1615
20260323 130100;6690.75;6697.75;6690.25;6695.5;2776
20260323 130200;6695.5;6697.75;6687.25;6688;1975
20260323 130300;6687.75;6688;6682;6684.75;2380
20260323 130400;6685;6687.25;6681.75;6686.75;1448
20260323 130500;6686.75;6688.5;6683.25;6683.75;1150
20260323 130600;6684;6684;6673;6676.75;2664
20260323 130700;6676.5;6679.5;6674.25;6675.5;1592
20260323 130800;6675.25;6678.75;6674.25;6677.5;1242
20260323 130900;6677;6683.25;6674.25;6681.75;1474
20260323 131000;6681.75;6685;6680.5;6683.75;1206
20260323 131100;6683.5;6685;6678;6679.75;1374
20260323 131200;6679.5;6680.5;6676.5;6678.75;993
20260323 131300;6678.75;6679;6674.25;6676;1240
20260323 131400;6675.5;6678.25;6672.5;6675.25;1540
20260323 131500;6675.5;6682.5;6674.25;6674.5;1608
20260323 131600;6674.25;6678.25;6674.25;6676.75;1144
20260323 131700;6676.75;6680.25;6676.25;6678;947
20260323 131800;6678;6678.75;6673;6676.25;1320
20260323 131900;6676.5;6677;6674;6677;927
20260323 132000;6676.75;6677.75;6671.75;6672.25;1321
20260323 132100;6672.25;6676;6671;6676;1261
20260323 132200;6676;6677.5;6672;6672.5;1080
20260323 132300;6672.5;6673;6669;6670.25;1481
20260323 132400;6669.75;6672.75;6666.25;6666.5;1443
20260323 132500;6666;6671.25;6665.75;6670.5;1358
20260323 132600;6670.5;6670.5;6663.25;6664.5;1663
20260323 132700;6664.25;6667.5;6660.25;6664;1548
20260323 132800;6664.25;6667;6661.5;6662.75;1361
20260323 132900;6663;6667;6661;6664.5;2314
20260323 133000;6664.75;6665;6656.75;6658;2250
20260323 133100;6658.25;6662;6647.25;6653.25;12424
20260323 133200;6653;6657.25;6650;6654.25;7715
20260323 133300;6654.5;6657.25;6644.25;6645.25;6778
20260323 133400;6645.25;6651;6644.5;6649.75;4794
20260323 133500;6649.5;6649.5;6643.5;6645.25;4159
20260323 133600;6645.25;6648;6638.25;6641;6387
20260323 133700;6640.75;6651.25;6640;6650;6573
20260323 133800;6650.25;6659.25;6648.5;6650;8342
20260323 133900;6649.75;6659;6649;6656;4795
20260323 134000;6655.75;6661.75;6653.5;6661.25;4142
20260323 134100;6661.25;6662.25;6655;6657.25;5159
20260323 134200;6657.25;6664.25;6647.25;6662;7879
20260323 134300;6662;6674;6660.5;6670.75;9716
20260323 134400;6670.75;6672;6662.75;6667.25;6246
20260323 134500;6667.25;6671;6657.5;6657.75;5395
20260323 134600;6658.25;6663;6654;6662.5;6606
20260323 134700;6662.25;6663.25;6656.5;6660.5;4131
20260323 134800;6660.5;6661.75;6651.5;6653.75;4779
20260323 134900;6653.75;6662.5;6653.25;6662;4318
20260323 135000;6662.25;6668.5;6658;6668;4964
20260323 135100;6668.25;6673.75;6666.25;6669.75;5176
20260323 135200;6669.75;6672.5;6664.5;6670.75;4439
20260323 135300;6670.75;6677.25;6668.25;6676.5;5015
20260323 135400;6676.5;6679.5;6675;6677.75;3897
20260323 135500;6677.75;6678.25;6673;6673.75;3878
20260323 135600;6673.5;6674.75;6665.25;6667.5;6754
20260323 135700;6667.25;6671.5;6666;6670.75;3360
20260323 135800;6670.75;6676.5;6666.75;6675.25;3736
20260323 135900;6675.25;6679;6673.25;6678.5;3137
20260323 140000;6678.5;6680.75;6675.75;6680.25;2821
20260323 140100;6680.25;6682.75;6675.75;6679.25;4919
20260323 140200;6679.25;6683;6674.5;6682;4124
20260323 140300;6681.75;6686;6679.25;6685;3798
20260323 140400;6685.25;6685.5;6675.75;6677;4509
20260323 140500;6677.25;6678.75;6669;6670.25;5805
20260323 140600;6670.25;6673.5;6663;6671.75;7123
20260323 140700;6671.5;6674.5;6666.5;6666.5;3921
20260323 140800;6666.75;6676.5;6666.75;6676;4341
20260323 140900;6676.25;6677.5;6670.25;6671.5;4034
20260323 141000;6671.75;6675.25;6668.75;6674.5;4143
20260323 141100;6674.5;6676;6672;6672.25;3438
20260323 141200;6672;6680.5;6670.5;6675.25;5517
20260323 141300;6675.5;6679;6673.5;6677.25;2977
20260323 141400;6677;6681.75;6675;6681.75;3322
20260323 141500;6681.25;6683.25;6674;6679.25;4416
20260323 141600;6679.5;6685.5;6678.75;6684.75;3772
20260323 141700;6684.75;6685.25;6682.25;6684.5;3234
20260323 141800;6684.5;6687.75;6681.5;6686;4239
20260323 141900;6685.5;6689.25;6685.5;6687.75;4226
20260323 142000;6687.75;6690;6686.75;6690;2656
20260323 142100;6690;6690.5;6685.75;6689.75;3886
20260323 142200;6689.75;6694.5;6688.25;6694.25;4451
20260323 142300;6694;6697.25;6693.5;6697;3860
20260323 142400;6696.75;6701;6694.75;6700.5;6208
20260323 142500;6700.5;6701.5;6696;6696.5;4766
20260323 142600;6696.25;6697.5;6692.25;6693.75;4783
20260323 142700;6693.75;6696;6690;6691.75;4439
20260323 142800;6691.75;6692.5;6687.25;6688.5;4543
20260323 142900;6688.25;6689;6683.5;6685.25;4756
20260323 143000;6685;6690;6684.25;6688;3622
20260323 143100;6688;6688;6681.25;6682;5419
20260323 143200;6682;6685.25;6682;6684;3089
20260323 143300;6683.75;6687.25;6682.75;6686.5;3161
20260323 143400;6686.5;6691.25;6686;6691;4218
20260323 143500;6691;6691.25;6685.5;6688;4330
20260323 143600;6687.75;6692.5;6686.25;6691.25;2986
20260323 143700;6691.25;6692.25;6680.5;6681.5;5123
20260323 143800;6681.5;6684.5;6679.75;6681.25;3808
20260323 143900;6681.5;6685.75;6679.5;6684.75;3565
20260323 144000;6684.75;6685;6679.75;6683.25;2966
20260323 144100;6683;6684.5;6681.25;6682;2834
20260323 144200;6682.25;6682.75;6678.5;6681.25;2820
20260323 144300;6681.5;6686.5;6681.25;6685.25;2838
20260323 144400;6685.5;6686.25;6679.5;6685.5;3814
20260323 144500;6685.75;6686;6680.75;6682;2960
20260323 144600;6682.25;6684.5;6677.5;6682.75;4509
20260323 144700;6682.75;6689.25;6680.75;6686;5197
20260323 144800;6686.25;6696.5;6685.5;6694.5;6870
20260323 144900;6694.25;6694.5;6689.75;6691.25;3846
20260323 145000;6691.25;6692.5;6689.25;6691.5;2366
20260323 145100;6691.5;6691.75;6682.25;6686;4616
20260323 145200;6686;6688.5;6684.5;6687.5;2287
20260323 145300;6687.25;6692.25;6686.5;6691.25;2917
20260323 145400;6691.25;6692;6687.25;6689.5;2545
20260323 145500;6689.25;6691.75;6685.5;6687.5;2624
20260323 145600;6687.25;6689.5;6684.5;6685;2882
20260323 145700;6685.25;6689.75;6683.75;6689.25;2879
20260323 145800;6689.25;6690.25;6685;6688.25;2192
20260323 145900;6688;6690.75;6686.75;6689;2413
20260323 150000;6689.25;6692.75;6688.25;6688.75;2378
20260323 150100;6689;6693;6686.75;6692;4163
20260323 150200;6691.75;6696.75;6691;6696.5;3579
20260323 150300;6696.25;6703.75;6695;6703;7507
20260323 150400;6703;6704.75;6701;6701.5;5156
20260323 150500;6701.5;6703.5;6698.75;6702.25;3870
20260323 150600;6702.25;6703.75;6698.75;6700.25;3383
20260323 150700;6700.25;6702.25;6697.25;6700.25;3361
20260323 150800;6700;6702.75;6697.5;6702.5;2932
20260323 150900;6702.5;6704.25;6699.25;6700.5;3017
20260323 151000;6700.75;6703.5;6700.25;6701;2243
20260323 151100;6701;6704.25;6699;6702.5;3493
20260323 151200;6702.5;6705;6701.25;6702.75;2436
20260323 151300;6702.75;6702.75;6699.25;6700.75;3383
20260323 151400;6700.5;6702;6698.25;6699.5;2992
20260323 151500;6699.5;6700;6696;6699;3286
20260323 151600;6698.75;6700.25;6697;6699;2422
20260323 151700;6699.25;6699.25;6695;6696.75;3062
20260323 151800;6696.75;6698;6695.5;6695.75;2407
20260323 151900;6696;6697;6692.25;6695;4450
20260323 152000;6695.25;6696;6692.25;6692.75;3411
20260323 152100;6692.75;6693.5;6687;6688.25;4631
20260323 152200;6688.25;6692;6686;6692;4530
20260323 152300;6692;6698;6691.5;6697.5;4674
20260323 152400;6697.5;6699.25;6694;6698;5568
20260323 152500;6697.75;6699.5;6695.25;6697.75;3318
20260323 152600;6697.75;6698.25;6695;6696.75;2917
20260323 152700;6697;6697;6690.25;6690.75;3660
20260323 152800;6690.75;6690.75;6686.5;6687.75;3060
20260323 152900;6688;6689;6685;6686.75;3386
20260323 153000;6686.75;6688;6685.75;6687;2352
20260323 153100;6687.25;6691.75;6686.5;6687;4364
20260323 153200;6687;6690;6685.75;6688.75;2466
20260323 153300;6688.75;6690;6686.5;6688.25;1911
20260323 153400;6688.5;6688.5;6684.25;6685.75;3019
20260323 153500;6685.5;6687.5;6682.5;6684.5;2730
20260323 153600;6684.5;6685;6679.5;6680.75;4237
20260323 153700;6681;6683.75;6675;6675;6323
20260323 153800;6675.25;6677.75;6673;6674;5034
20260323 153900;6674;6677.5;6670.5;6672;4989
20260323 154000;6672;6674;6670;6670.5;3758
20260323 154100;6670.25;6673;6668.5;6669.5;4069
20260323 154200;6669.25;6675.5;6667.25;6671;5139
20260323 154300;6671;6671.25;6667.25;6667.5;2861
20260323 154400;6667.5;6669.5;6665.75;6667.75;3836
20260323 154500;6667.75;6672.25;6667.75;6670;3223
20260323 154600;6669.75;6670.25;6665.25;6665.75;3048
20260323 154700;6665.5;6665.75;6660;6662.75;5947
20260323 154800;6663;6665.5;6658.25;6663.5;5529
20260323 154900;6663.25;6666.5;6662.5;6663;3484
20260323 155000;6663;6667.75;6663;6664.75;3471
20260323 155100;6664.75;6667.5;6663.5;6664.75;2661
20260323 155200;6664.75;6667.75;6661.75;6664.75;3493
20260323 155300;6664.5;6666;6648.25;6655.75;11917
20260323 155400;6655.75;6658;6651.25;6657.25;5022
20260323 155500;6657.25;6657.75;6650.25;6650.5;4329
20260323 155600;6650.5;6651.75;6643.25;6649.5;7390
20260323 155700;6649.25;6650;6642.5;6643.5;4443
20260323 155800;6643.75;6646.5;6641.5;6643.75;4705
20260323 155900;6643.5;6645.5;6636;6636.5;5977
20260323 160000;6636.5;6639;6635.5;6637.25;4512
20260323 160100;6637.25;6643.25;6636.5;6638.75;5616
20260323 160200;6638.75;6644.25;6637.75;6643;5520
20260323 160300;6643.25;6648;6643.25;6647.5;5923
20260323 160400;6647.5;6649.25;6640;6642.25;4947
20260323 160500;6642.5;6646;6641;6642;3279
20260323 160600;6642.25;6645.5;6640;6642.75;2547
20260323 160700;6642.5;6645;6638.25;6643.5;4150
20260323 160800;6643.5;6648.75;6643.5;6646.75;4028
20260323 160900;6646.75;6651.75;6646.25;6651.5;4676
20260323 161000;6651;6651.25;6646;6646.5;3497
20260323 161100;6646.5;6647.5;6642.75;6646;3682
20260323 161200;6646.25;6649.5;6645.75;6647.75;2245
20260323 161300;6648;6653.5;6647.25;6648.75;3771
20260323 161400;6649;6650.25;6646;6647.5;2878
20260323 161500;6647.25;6649;6645.5;6648.25;2296
20260323 161600;6648;6650;6644;6644.25;2478
20260323 161700;6644.5;6645.75;6641;6643.5;3862
20260323 161800;6643.75;6644.25;6637.5;6638.5;4020
20260323 161900;6638.5;6640.25;6635.75;6638.5;3691
20260323 162000;6638.5;6639.75;6636.5;6637.5;2269
20260323 162100;6637.75;6640.25;6632.5;6633;4228
20260323 162200;6633.25;6639;6633.25;6636.25;4292
20260323 162300;6636.5;6639.25;6633;6633.75;4015
20260323 162400;6633.25;6638;6630.75;6632.25;4563
20260323 162500;6632.25;6635.75;6632.25;6633.75;2983
20260323 162600;6633.5;6633.75;6625.25;6629.75;6591
20260323 162700;6629.75;6633.75;6627.25;6628.25;4243
20260323 162800;6628.25;6629;6626.25;6627.5;2995
20260323 162900;6627.75;6631;6626;6629.5;3498
20260323 163000;6629.5;6629.5;6616;6618;8157
20260323 163100;6618;6622.5;6616.5;6619.5;6047
20260323 163200;6619.5;6627.25;6618.25;6626.75;5164
20260323 163300;6626.75;6631.25;6625.25;6626.25;5735
20260323 163400;6626.25;6629;6625.75;6627;3057
20260323 163500;6627.25;6633.25;6626.75;6633;5129
20260323 163600;6633;6638.75;6632.25;6635.5;6789
20260323 163700;6635.75;6636.5;6634.25;6635.5;2650
20260323 163800;6635.25;6639.5;6635;6636.25;3974
20260323 163900;6636.25;6637.75;6633.5;6633.75;3392
20260323 164000;6633.75;6634;6630.25;6631.5;3743
20260323 164100;6631.5;6636.75;6631.25;6635;3002
20260323 164200;6635;6636.75;6633.5;6636.25;1986
20260323 164300;6636.25;6636.5;6632.75;6636;2124
20260323 164400;6636;6637;6633.5;6635.25;2180
20260323 164500;6635.25;6639.25;6631.5;6637.75;4532
20260323 164600;6637.75;6644.5;6634.25;6643;5536
20260323 164700;6642.75;6643.25;6635;6637.75;4130
20260323 164800;6638;6640.5;6635.25;6638.5;3344
20260323 164900;6638.25;6640;6635.75;6639;2634
20260323 165000;6639.25;6642.5;6638;6640.25;2310
20260323 165100;6640.25;6644.5;6639.25;6639.25;2790
20260323 165200;6639.5;6639.75;6633.25;6634.25;3684
20260323 165300;6634.25;6638.25;6632.5;6635;3014
20260323 165400;6635.25;6639;6633.5;6637.75;1947
20260323 165500;6637.5;6639;6633.5;6636;2445
20260323 165600;6636.25;6638.5;6634.5;6635.5;2220
20260323 165700;6635.75;6637;6633;6634.75;1790
20260323 165800;6634.75;6637;6628;6630.75;3579
20260323 165900;6631;6633.5;6627.75;6633.5;3370
20260323 170000;6633.25;6634;6631.25;6632.75;2048
20260323 170100;6632.75;6638.5;6632.75;6635.5;3691
20260323 170200;6635.25;6637.25;6632.25;6635;2308
20260323 170300;6634.75;6636.75;6628.25;6629.75;1861
20260323 170400;6629.75;6631.5;6628.5;6630.75;2364
20260323 170500;6630.75;6632.75;6626.75;6627.5;2338
20260323 170600;6627.75;6630;6625.75;6628;2820
20260323 170700;6628.25;6629;6625.75;6628;2049
20260323 170800;6628;6633.75;6627.75;6632.5;2499
20260323 170900;6633;6635.5;6629.5;6634.5;2515
20260323 171000;6634.5;6639.75;6634.25;6638.25;3273
20260323 171100;6638;6639;6634.5;6635.75;2156
20260323 171200;6635.5;6639.25;6634.75;6637;1734
20260323 171300;6637.25;6639;6635.75;6636.75;1542
20260323 171400;6637;6638.5;6636;6637.5;1273
20260323 171500;6637.75;6637.75;6630;6630.25;2672
20260323 171600;6630.25;6631.75;6628.75;6630.25;2503
20260323 171700;6629.75;6630;6623.25;6627.75;3738
20260323 171800;6627.75;6632.75;6626.25;6630.25;2590
20260323 171900;6630.5;6632.5;6628.25;6629.25;1751
20260323 172000;6629;6630.25;6628;6628.5;986
20260323 172100;6628.5;6628.75;6620;6620.75;3145
20260323 172200;6621;6624.25;6619.75;6623;3077
20260323 172300;6623;6627.5;6622.25;6624.75;2392
20260323 172400;6624.75;6627;6622.75;6626.5;1816
20260323 172500;6626.25;6626.75;6624;6624.5;1308
20260323 172600;6624.25;6633.25;6623.25;6629.75;3245
20260323 172700;6629.75;6632.25;6628.5;6631.5;1773
20260323 172800;6631.5;6633.25;6628.75;6630.75;1723
20260323 172900;6630.5;6632.5;6628.75;6629.25;1917
20260323 173000;6629.25;6632.75;6629.25;6629.75;1303
20260323 173100;6629.75;6636.5;6629.25;6632.5;2799
20260323 173200;6632.5;6635.75;6632.5;6635.25;1612
20260323 173300;6635.25;6636;6631.75;6633.25;1534
20260323 173400;6633.25;6648.25;6632.5;6645.75;7354
20260323 173500;6645.75;6648.75;6642.5;6647.75;3218
20260323 173600;6648;6656.75;6647.75;6655.25;6322
20260323 173700;6655.5;6658.5;6653.75;6657.25;3882
20260323 173800;6657.5;6659.5;6655.75;6656;3376
20260323 173900;6656;6657;6653;6653.5;3158
20260323 174000;6653.25;6656;6651.5;6655.5;3075
20260323 174100;6655.25;6655.75;6651.5;6654.25;2361
20260323 174200;6654;6654.25;6649;6649.5;2652
20260323 174300;6649.5;6653;6648.75;6648.75;2254
20260323 174400;6649;6651;6641.5;6644.25;4725
20260323 174500;6644;6646.5;6643;6645;1994
20260323 174600;6645;6646.75;6642;6643.25;2037
20260323 174700;6643.5;6644.75;6641.5;6643.5;1670
20260323 174800;6643.75;6643.75;6639.75;6642.75;2399
20260323 174900;6643;6645.5;6642;6645.25;1509
20260323 175000;6645;6645.25;6642.75;6644.5;951
20260323 175100;6644.25;6648.25;6643;6647.25;2697
20260323 175200;6647.25;6649.25;6646;6648;1640
20260323 175300;6647.75;6650;6646.75;6647.75;1900
20260323 175400;6648;6652;6647.5;6649.5;2125
20260323 175500;6649.5;6652;6649.25;6651.5;1542
20260323 175600;6651.25;6653.75;6648.75;6653.75;1994
20260323 175700;6653.5;6655.75;6653;6655;2209
20260323 175800;6654.75;6656.25;6653.25;6655.25;1479
20260323 175900;6655.5;6658;6655.25;6657.5;1656
20260323 180000;6657.25;6660;6655;6658;2624
20260323 180100;6658;6659;6656;6656.75;2285
20260323 180200;6656.75;6657.75;6654.75;6656;1767
20260323 180300;6656;6657.75;6654.75;6656.25;1405
20260323 180400;6656.25;6658.5;6655.5;6658.5;919
20260323 180500;6658.5;6660.75;6657;6658.75;2292
20260323 180600;6659;6659.75;6656.5;6658;1503
20260323 180700;6658;6658.5;6654.25;6655.25;1630
20260323 180800;6655;6656.5;6642.5;6644.25;8312
20260323 180900;6644.5;6653.25;6643.5;6651.75;3287
20260323 181000;6651.5;6653.75;6650;6651.75;1781
20260323 181100;6651.5;6658;6651.5;6654.75;2606
20260323 181200;6654.5;6658.25;6653;6657.5;1890
20260323 181300;6657;6657;6653;6653.75;1416
20260323 181400;6653.75;6657.25;6652.5;6655.25;1872
20260323 181500;6655.25;6656.75;6653;6653.5;1638
20260323 181600;6653.5;6655.25;6651.75;6655.25;1561
20260323 181700;6655;6655.25;6648.75;6648.75;2264
20260323 181800;6649;6651;6647.75;6650.5;1473
20260323 181900;6650.25;6653.75;6649.5;6652.75;1361
20260323 182000;6653;6654;6650;6651.25;1112
20260323 182100;6651.25;6652.5;6650.25;6651.25;980
20260323 182200;6651.25;6652.75;6650;6652.25;1244
20260323 182300;6652.25;6652.25;6648.25;6649;1592
20260323 182400;6649.25;6652.5;6649.25;6651.5;1627
20260323 182500;6651.25;6653;6651;6652.5;1096
20260323 182600;6652.5;6656;6652;6653.5;2247
20260323 182700;6653.5;6654;6651;6653.5;1445
20260323 182800;6653.25;6655.25;6651.75;6652.5;1415
20260323 182900;6652.25;6654.25;6650.5;6652.25;1519
20260323 183000;6652;6652.25;6649.75;6651.25;1381
20260323 183100;6651.25;6658;6651;6656;2819
20260323 183200;6656;6657;6654.25;6656;1522
20260323 183300;6655.75;6656.5;6653.5;6656.5;1115
20260323 183400;6656.25;6664.5;6656;6663;4784
20260323 183500;6662.75;6666.5;6660.75;6666.25;3382
20260323 183600;6666;6671.75;6666;6667;5169
20260323 183700;6667.25;6671.75;6666.75;6670.5;3276
20260323 183800;6670.75;6674.5;6670.25;6672;3219
20260323 183900;6672;6672.75;6670.25;6672;2747
20260323 184000;6671.75;6671.75;6662.25;6667.25;6979
20260323 184100;6667.5;6669;6665.5;6666.5;2559
20260323 184200;6666.25;6666.5;6662.25;6664;3074
20260323 184300;6664;6666.75;6663;6665.75;2381
20260323 184400;6666;6668.25;6665;6666.25;1504
20260323 184500;6666.25;6667;6663.5;6665.25;1758
20260323 184600;6665;6667.5;6662.75;6667;1965
20260323 184700;6666.75;6668.5;6666.25;6667.5;1272
20260323 184800;6667.75;6668;6665.5;6668;1088
20260323 184900;6668;6669;6666.5;6667.25;1268
20260323 185000;6667.5;6670.5;6666.5;6669.25;2592
20260323 185100;6669.5;6670.5;6664.75;6665;1828
20260323 185200;6665;6667.75;6663.25;6667.25;1890
20260323 185300;6667.25;6667.5;6665;6665.25;807
20260323 185400;6665.25;6666.75;6664;6666;1287
20260323 185500;6665.75;6667;6664.5;6666.25;1074
20260323 185600;6666.5;6667.75;6665.25;6666;995
20260323 185700;6666;6668;6665.25;6665.5;902
20260323 185800;6665.25;6666.25;6663.75;6666.25;1019
20260323 185900;6666.25;6669;6665.5;6668.5;1355
20260323 190000;6668.5;6669.5;6666.75;6667.25;1237
20260323 190100;6667.25;6667.75;6662.75;6663.5;1837
20260323 190200;6663.75;6664.25;6661.25;6664;2051
20260323 190300;6663.75;6665.25;6663.5;6664.75;1122
20260323 190400;6664.75;6665.75;6661.5;6662.5;1200
20260323 190500;6662.75;6664.75;6661.75;6663.5;1016
20260323 190600;6663.25;6664.25;6662.75;6663.25;900
20260323 190700;6663.5;6665.5;6662.5;6663;1117
20260323 190800;6663.25;6664.25;6661.5;6662.5;1075
20260323 190900;6662.5;6663.5;6661.25;6663.5;1362
20260323 191000;6663.25;6665.75;6662.75;6664.5;1503
20260323 191100;6664.5;6665.5;6660.5;6661.25;1486
20260323 191200;6661.5;6662.5;6660.75;6661.25;898
20260323 191300;6661;6662.25;6658.5;6660.25;1980
20260323 191400;6660.25;6661.25;6659.25;6659.5;1060
20260323 191500;6659.5;6661;6658.25;6658.75;1336
20260323 191600;6658.75;6661;6656.75;6657.25;2063
20260323 191700;6657.25;6657.75;6653;6654;2721
20260323 191800;6654;6657.5;6653.5;6655;1797
20260323 191900;6655;6655.75;6654;6654.5;1082
20260323 192000;6654.5;6656.25;6653.5;6656;1331
20260323 192100;6656;6656.75;6652.5;6654.25;1569
20260323 192200;6654.25;6655.75;6652;6653.5;1812
20260323 192300;6653.5;6653.75;6651.75;6653;1376
20260323 192400;6653;6654.75;6651.5;6652.75;1432
20260323 192500;6652.5;6654;6651.5;6653;1132
20260323 192600;6652.75;6655;6652;6652.5;2405
20260323 192700;6652.5;6653.75;6647.5;6650.5;3451
20260323 192800;6650.75;6652.5;6649.75;6650.25;1620
20260323 192900;6650.25;6653.75;6649.5;6652.5;1639
20260323 193000;6652.5;6653;6650;6650.75;1267
20260323 193100;6650.75;6653.5;6650.25;6651.5;1855
20260323 193200;6651.75;6652.5;6649.5;6650;1237
20260323 193300;6650;6652;6649.5;6650.75;1084
20260323 193400;6650.75;6653.25;6650.75;6652;1067
20260323 193500;6652;6652;6649.5;6651;799
20260323 193600;6651;6653;6649;6649.5;1183
20260323 193700;6649.75;6651.25;6649.25;6650.75;864
20260323 193800;6650.75;6651.75;6649.25;6651;984
20260323 193900;6650.75;6655.5;6650.5;6655;2402
20260323 194000;6654.75;6655;6652.75;6653.5;1143
20260323 194100;6653.75;6654.75;6653;6654.25;962
20260323 194200;6654.25;6656.25;6651.75;6652.5;1957
20260323 194300;6652.5;6653.75;6651.75;6652.5;1046
20260323 194400;6652.25;6653;6651.25;6652.25;792
20260323 194500;6652.5;6657;6652.25;6657;1645
20260323 194600;6656.75;6658.5;6656;6658.5;2411
20260323 194700;6658.5;6662;6658.5;6660;2828
20260323 194800;6660.25;6660.25;6656;6656.5;2085
20260323 194900;6656.5;6656.5;6652.5;6655;2160
20260323 195000;6655;6657;6655;6655.75;990
20260323 195100;6655.5;6656.75;6648.75;6651;4108
20260323 195200;6651.25;6652.25;6646.5;6647.5;2687
20260323 195300;6647.5;6649.5;6647.25;6648.75;2278
20260323 195400;6649;6649.25;6645.5;6647.75;2633
20260323 195500;6648;6648.75;6645;6645.25;2530
20260323 195600;6645.25;6646.75;6640.25;6641;4141
20260323 195700;6641;6641.25;6637;6637;3505
20260323 195800;6637.25;6637.75;6632.5;6635.75;4034
20260323 195900;6635.75;6636.75;6633;6634;2542
20260323 200000;6634;6639;6630.75;6632;12794
20260323 200100;6632;6633.75;6625;6625.5;5352
20260323 200200;6625;6627.75;6620.5;6624;2680
20260323 200300;6623.75;6626;6623.5;6624.25;1120
20260323 200400;6624.25;6626.75;6623.25;6625.5;989
20260323 200500;6625.5;6625.75;6621.75;6622.25;1019
20260323 200600;6622.5;6624.5;6621.75;6624.25;668
20260323 200700;6624.5;6626.25;6624;6626.25;927
20260323 200800;6626.25;6628;6625.5;6627;806
20260323 200900;6627;6628.75;6626.25;6628.5;677
20260323 201000;6628.25;6630.25;6628;6630.25;702
20260323 201100;6630;6631;6629.5;6630.5;600
20260323 201200;6630.5;6632.25;6629.25;6629.75;770
20260323 201300;6629.5;6631.5;6629.5;6631;338
20260323 201400;6630.75;6632.25;6630.25;6632;402
20260323 201500;6632;6634;6631.5;6632.25;622
20260323 201600;6632.5;6635;6632;6634.75;551
20260323 201700;6635;6635.5;6634;6634.5;381
20260323 201800;6634.75;6634.75;6632.5;6633;355
20260323 201900;6632.75;6633.25;6631;6632.25;507
20260323 202000;6632.5;6632.75;6630;6630.25;411
20260323 202100;6630.5;6632.5;6630.25;6631.75;370
20260323 202200;6632.25;6634.25;6631.75;6634.25;297
20260323 202300;6633.75;6634.25;6632.25;6633.25;174
20260323 202400;6633.5;6634.75;6633.5;6634.25;186
20260323 202500;6634.25;6634.25;6633.25;6634;103
20260323 202600;6633.75;6635;6633.5;6635;131
20260323 202700;6634.75;6635.75;6633.25;6633.25;402
20260323 202800;6633.25;6634.25;6632.75;6634.25;174
20260323 202900;6633.75;6635.25;6633.5;6633.75;196
20260323 203000;6633.5;6634.25;6633.5;6634;144
20260323 203100;6634;6634.5;6633;6633.25;193
20260323 203200;6633;6633.25;6631.75;6632.5;384
20260323 203300;6632.5;6632.75;6631.75;6632;224
20260323 203400;6631.5;6633;6631.5;6632.25;149
20260323 203500;6632.75;6634.25;6632.25;6634.25;173
20260323 203600;6634;6635.5;6633.75;6635.5;200
20260323 203700;6635.5;6637.25;6635.25;6637;334
20260323 203800;6637;6639;6636.75;6638.25;323
20260323 203900;6638.25;6638.25;6637.5;6637.75;119
20260323 204000;6638;6638.75;6637.5;6638;147
20260323 204100;6638;6639;6637.75;6639;130
20260323 204200;6639;6639.5;6638;6639.5;224
20260323 204300;6639.25;6639.25;6637.75;6638.25;162
20260323 204400;6638.25;6638.75;6637.75;6638.5;147
20260323 204500;6638.75;6638.75;6637.75;6637.75;172
20260323 204600;6637.5;6638;6635.75;6637.25;300
20260323 204700;6637.5;6638;6636.75;6637;237
20260323 204800;6637.25;6637.75;6636.25;6636.75;194
20260323 204900;6637;6638;6637;6637.5;129
20260323 205000;6637.25;6637.25;6635.5;6636.25;213
20260323 205100;6636.5;6636.75;6635.25;6635.5;208
20260323 205200;6635.25;6637.25;6635;6635.75;128
20260323 205300;6635.75;6635.75;6633.5;6633.75;196
20260323 205400;6633.75;6634.75;6633.25;6633.25;173
20260323 205500;6633;6634;6633;6633.75;180
20260323 205600;6633.5;6634.5;6633;6633.25;134
20260323 205700;6633.5;6634;6632.5;6633;147
20260323 205800;6633.5;6633.5;6632.25;6632.75;106
20260323 205900;6632.75;6633;6631.5;6632;157
20260323 210000;6632;6633;6630.25;6633;355
20260323 220100;6633.25;6635;6629.25;6631;876
20260323 220200;6630.75;6634;6630.75;6631.25;796
20260323 220300;6631;6631.25;6629.25;6629.5;351
20260323 220400;6629.5;6629.5;6626;6626.25;625
20260323 220500;6626.25;6628.5;6626;6626.75;387
20260323 220600;6627;6627.75;6625.5;6627.5;371
20260323 220700;6627.5;6629.5;6624.5;6627;549
20260323 220800;6626.75;6628.5;6626.5;6627.75;225
20260323 220900;6628;6636;6627.75;6633;1131
20260323 221000;6633;6635.5;6632.75;6633;581
20260323 221100;6633.25;6636;6631.25;6634;769
20260323 221200;6633.75;6634.75;6633;6633.25;193
20260323 221300;6633.25;6635;6633.25;6634.25;184
20260323 221400;6634.5;6635.5;6633.5;6635.25;383
20260323 221500;6635.25;6637;6635.25;6635.75;371
20260323 221600;6635.75;6636;6633.5;6634.5;264
20260323 221700;6634.75;6635.75;6633.5;6635.25;216
20260323 221800;6635.25;6635.75;6634.75;6635.25;126
20260323 221900;6635.25;6635.25;6634.5;6634.75;97
20260323 222000;6634.75;6636.25;6634.5;6635.75;177
20260323 222100;6636;6636.25;6635.25;6635.75;148
20260323 222200;6635.75;6635.75;6634.25;6634.5;139
20260323 222300;6634.5;6635.75;6634.5;6635.5;147
20260323 222400;6635.5;6638.25;6634.75;6637.25;351
20260323 222500;6637.25;6637.75;6636.5;6637.25;311
20260323 222600;6637;6638.75;6636.25;6638;290
20260323 222700;6637.75;6638.25;6637.5;6637.5;131
20260323 222800;6637.5;6638.75;6637.5;6638.5;129
20260323 222900;6638.5;6639;6636.25;6637;344
20260323 223000;6637;6638.75;6637;6638.5;174
20260323 223100;6638.25;6638.5;6637;6637.25;211
20260323 223200;6637.5;6637.75;6636.5;6636.5;128
20260323 223300;6636.5;6637;6635;6635.25;284
20260323 223400;6635;6636;6634.5;6635.25;342
20260323 223500;6635.25;6637.25;6635.25;6637;194
20260323 223600;6637;6638.75;6636.5;6638.5;338
20260323 223700;6638.25;6641.25;6638;6638.5;1010
20260323 223800;6638.5;6640.5;6638.5;6640.25;188
20260323 223900;6640;6640.75;6639.25;6640;207
20260323 224000;6640;6640;6638.5;6638.75;123
20260323 224100;6638.75;6640.25;6638.5;6639.25;408
20260323 224200;6639.25;6639.5;6638;6638.75;142
20260323 224300;6638.75;6639.25;6638.25;6638.75;96
20260323 224400;6638.75;6640;6638.75;6640;102
20260323 224500;6639.75;6640.25;6639.5;6640.25;81
20260323 224600;6640.25;6641.5;6640;6641;206
20260323 224700;6640.75;6641.25;6640;6640.75;173
20260323 224800;6640.5;6642.5;6640;6642.25;189
20260323 224900;6642.5;6643.5;6641.75;6643;610
20260323 225000;6643;6644;6642.25;6642.5;245
20260323 225100;6642.75;6643.5;6642.5;6643.5;250
20260323 225200;6643.25;6645.25;6643.25;6645.25;473
20260323 225300;6645.25;6647.5;6645.25;6646.25;835
20260323 225400;6646.5;6648.75;6645.75;6648.5;559
20260323 225500;6648.25;6650.5;6648.25;6649.75;1061
20260323 225600;6650;6652;6649.75;6650.25;926
20260323 225700;6650.25;6650.75;6649.25;6650;281
20260323 225800;6650.25;6651.75;6649.5;6651.25;318
20260323 225900;6651.25;6652.5;6650.5;6652.25;546
20260323 230000;6652;6652;6649.75;6650.75;288
20260323 230100;6650.75;6651;6647.5;6647.75;843
20260323 230200;6647.75;6650;6647.75;6649.25;423
20260323 230300;6649.25;6649.5;6648.5;6649.25;348
20260323 230400;6649;6650.25;6648.75;6649.25;203
20260323 230500;6649;6649;6647;6648;259
20260323 230600;6647.75;6648.75;6647;6647;215
20260323 230700;6647;6647.25;6646;6646.5;398
20260323 230800;6646.5;6647.25;6646;6646.75;240
20260323 230900;6646.75;6647.25;6646.5;6646.5;111
20260323 231000;6646.5;6647.25;6646.5;6647;115
20260323 231100;6646.75;6648.75;6646.25;6648;367
20260323 231200;6647.75;6648;6645.25;6645.75;369
20260323 231300;6646;6646.5;6645.25;6646;188
20260323 231400;6646.25;6649.25;6645.75;6648.5;401
20260323 231500;6648.5;6648.75;6646.75;6647;189
20260323 231600;6647.25;6648;6647.25;6647.25;190
20260323 231700;6647;6648.25;6646.75;6647.25;217
20260323 231800;6647.5;6648.75;6647.25;6648.25;167
20260323 231900;6648.25;6649;6647.75;6648.5;164
20260323 232000;6648.5;6649.5;6648;6648.5;243
20260323 232100;6648.25;6648.25;6646.25;6646.75;310
20260323 232200;6646.75;6648.75;6646.25;6648.75;238
20260323 232300;6648.75;6648.75;6647.25;6648.5;190
20260323 232400;6648.5;6648.5;6647.5;6647.5;149
20260323 232500;6647.25;6649;6647.25;6648.75;115
20260323 232600;6648.75;6649.25;6647.75;6648;205
20260323 232700;6648;6648.75;6648;6648.5;57
20260323 232800;6648.25;6649;6648;6648.25;105
20260323 232900;6648.25;6648.75;6646.5;6646.75;218
20260323 233000;6646.25;6647.25;6645.5;6646;260
20260323 233100;6646.5;6646.5;6642.5;6644.25;871
20260323 233200;6644.25;6645.5;6643.75;6645.25;181
20260323 233300;6645.5;6645.5;6643.5;6644;208
20260323 233400;6644.25;6645.25;6644.25;6645;106
20260323 233500;6644.75;6644.75;6644;6644.25;104
20260323 233600;6644.5;6644.75;6643;6643.25;193
20260323 233700;6643.5;6644;6643;6643.5;174
20260323 233800;6643.5;6644;6643;6643.25;167
20260323 233900;6643.5;6643.5;6642.75;6643.5;167
20260323 234000;6643.25;6645.25;6643;6645.25;278
20260323 234100;6645.25;6647;6644.75;6645.5;526
20260323 234200;6645.5;6646.25;6645;6645.25;253
20260323 234300;6645;6647.25;6645;6646.75;223
20260323 234400;6646.5;6647.25;6646;6646.25;236
20260323 234500;6646;6648.25;6646;6647.25;282
20260323 234600;6647.25;6647.75;6640;6642.25;1159
20260323 234700;6642;6643.25;6640.75;6642.5;616
20260323 234800;6642.75;6643;6640.25;6640.25;407
20260323 234900;6640.25;6641.75;6640.25;6641;312
20260323 235000;6640.75;6640.75;6638;6640.25;871
20260323 235100;6640.25;6641.25;6638.75;6640.75;346
20260323 235200;6640.75;6642;6639.75;6640;223
20260323 235300;6639.5;6641.25;6638.75;6639.75;305
20260323 235400;6639.75;6642.75;6639.5;6642.5;193
20260323 235500;6642;6642.5;6638.25;6638.75;451
20260323 235600;6639;6641.25;6639;6641;293
20260323 235700;6640.75;6641.25;6639.5;6639.5;207
20260323 235800;6639.75;6641.75;6639.25;6640.25;226
20260323 235900;6640;6644.75;6640;6644.5;539
20260324 000000;6644.75;6646;6642.75;6645.25;659
20260324 000100;6645;6645.25;6642.25;6642.75;564
20260324 000200;6642.75;6643;6633.75;6635;1515
20260324 000300;6634.75;6637.75;6633.25;6634.25;956
20260324 000400;6634;6636.25;6630.75;6632.75;1021
20260324 000500;6632.5;6634.75;6630.25;6630.5;724
20260324 000600;6630.5;6633;6630.25;6630.75;603
20260324 000700;6630.75;6632.25;6629.75;6630.75;767
20260324 000800;6630.25;6634;6629.5;6633;607
20260324 000900;6633.25;6634.25;6629.5;6629.75;446
20260324 001000;6629.75;6632.5;6629.5;6630.25;422
20260324 001100;6630.5;6633;6628.75;6632.75;860
20260324 001200;6632.5;6632.75;6629.5;6629.75;387
20260324 001300;6629.5;6630.25;6625.5;6627.75;953
20260324 001400;6627.75;6629;6626.25;6627.25;516
20260324 001500;6627.25;6627.5;6625;6625.25;496
20260324 001600;6625.25;6625.75;6616.5;6619.75;2364
20260324 001700;6619.5;6621;6618.25;6619;771
20260324 001800;6618.5;6618.5;6613;6614;1567
20260324 001900;6613.5;6614.75;6611.25;6613.25;1071
20260324 002000;6613;6616.25;6612.25;6615.5;908
20260324 002100;6615.5;6615.75;6607.75;6611.75;1792
20260324 002200;6611.75;6619.75;6611.75;6619.75;1226
20260324 002300;6619.5;6623.5;6619.25;6623.5;1361
20260324 002400;6623;6624;6622.5;6623.5;487
20260324 002500;6623.25;6627.25;6623.25;6626.5;960
20260324 002600;6626.5;6630.75;6625.25;6630.25;896
20260324 002700;6630;6631.75;6627.25;6627.5;875
20260324 002800;6628;6630.25;6626.5;6627;657
20260324 002900;6627.5;6629.5;6625.5;6629.25;530
20260324 003000;6629.5;6630.25;6626.75;6629.25;423
20260324 003100;6629.25;6632;6629.25;6631;758
20260324 003200;6630.5;6631.5;6626.25;6627;670
20260324 003300;6627;6627;6623.5;6623.5;652
20260324 003400;6623.75;6624.75;6622.5;6623;567
20260324 003500;6623;6629;6623;6627.5;790
20260324 003600;6627.5;6628;6623;6623.5;484
20260324 003700;6623.5;6626;6623.25;6624.25;287
20260324 003800;6624.5;6624.5;6622.5;6624;405
20260324 003900;6624;6624.25;6611.5;6613;2122
20260324 004000;6613;6615.75;6597.75;6609.75;5603
20260324 004100;6610;6614;6607.75;6613.5;1333
20260324 004200;6613.25;6617.75;6613.25;6617;990
20260324 004300;6617;6617;6611.25;6615;905
20260324 004400;6615;6615.5;6612.5;6615.25;581
20260324 004500;6615;6616;6612.75;6614;382
20260324 004600;6614;6618.75;6614;6616.5;838
20260324 004700;6617;6618.25;6615;6616.75;437
20260324 004800;6616.75;6618.25;6616;6616;315
20260324 004900;6615.75;6618;6615.25;6615.5;600
20260324 005000;6615.5;6616;6611.75;6614;865
20260324 005100;6614;6616.75;6611.75;6612.5;593
20260324 005200;6612.5;6615.5;6612.25;6613.75;558
20260324 005300;6613.75;6615.75;6612.75;6614.5;433
20260324 005400;6614.75;6618.5;6614.25;6617.25;580
20260324 005500;6617;6617.5;6612;6613.75;602
20260324 005600;6613.75;6616.75;6613.5;6615.75;415
20260324 005700;6616.25;6616.25;6610.5;6612.5;650
20260324 005800;6612.5;6613.5;6611.5;6612.25;304
20260324 005900;6612;6616.25;6611.5;6614.75;917
20260324 010000;6614.75;6614.75;6612.25;6613;286
20260324 010100;6613;6613.75;6608.75;6609.5;930
20260324 010200;6609.75;6611.75;6609.25;6611.25;527
20260324 010300;6611.25;6611.25;6606.5;6607;992
20260324 010400;6607;6608;6603.5;6604;982
20260324 010500;6604.25;6607;6604;6605.5;597
20260324 010600;6605.25;6607.5;6602.75;6605.25;1295
20260324 010700;6605.5;6606.25;6597;6600;1752
20260324 010800;6600.25;6602.25;6599.5;6600.5;894
20260324 010900;6600.5;6603;6600.5;6601.5;549
20260324 011000;6601.25;6603.5;6600.25;6602;566
20260324 011100;6602;6607.25;6600.75;6606;1073
20260324 011200;6605.5;6607;6604.5;6605;751
20260324 011300;6605;6605.25;6603;6603.5;505
20260324 011400;6603.75;6605.75;6602.25;6602.75;392
20260324 011500;6602.75;6604;6601;6602.25;360
20260324 011600;6602.5;6604;6599.25;6600.75;644
20260324 011700;6600.75;6601.5;6597.5;6599.25;614
20260324 011800;6599.25;6600.25;6596.5;6598;664
20260324 011900;6597.75;6600.25;6597.25;6598.5;647
20260324 012000;6598.25;6600.5;6597.5;6599.75;483
20260324 012100;6599.75;6603.25;6599.75;6603.25;657
20260324 012200;6603;6603.75;6600.5;6601;480
20260324 012300;6601;6607.75;6600;6606.25;917
20260324 012400;6606;6607.75;6603.5;6605;734
20260324 012500;6605.25;6607.5;6605;6606.75;410
20260324 012600;6606.5;6608.5;6606.25;6608.25;620
20260324 012700;6608.25;6608.25;6605;6606.25;458
20260324 012800;6606.75;6609.5;6606;6609;523
20260324 012900;6608.75;6610.25;6607.75;6608;508
20260324 013000;6608.5;6609.5;6606.75;6607.25;426
20260324 013100;6607.25;6607.25;6603.75;6605.5;748
20260324 013200;6605.25;6605.25;6602.75;6603.5;468
20260324 013300;6603.5;6605;6601;6601.75;654
20260324 013400;6601.75;6603;6601;6602.5;282
20260324 013500;6602.75;6604.75;6601.75;6604;439
20260324 013600;6604;6605;6602.75;6603.5;335
20260324 013700;6603.25;6604.75;6602.25;6603;359
20260324 013800;6602.75;6604.25;6599.25;6600;564
20260324 013900;6600.25;6601;6598.5;6599.5;410
20260324 014000;6599.25;6600.25;6599;6599.75;288
20260324 014100;6599.75;6601.75;6599.75;6600;330
20260324 014200;6599.75;6599.75;6594.25;6595.5;1238
20260324 014300;6595.25;6597.5;6595.25;6596.75;633
20260324 014400;6597;6597.5;6595.25;6596;270
20260324 014500;6596;6596;6592;6593.5;1020
20260324 014600;6593.5;6595;6592.75;6592.75;450
20260324 014700;6592.75;6593.75;6592;6592.25;444
20260324 014800;6592.25;6593.25;6591;6592;582
20260324 014900;6591.75;6594.5;6591.25;6592.75;542
20260324 015000;6593;6594.5;6591.25;6593.5;439
20260324 015100;6593.5;6598.25;6593.5;6596.75;917
20260324 015200;6597;6598.75;6595.75;6596.75;477
20260324 015300;6597;6599;6596.25;6598;462
20260324 015400;6597.75;6599.25;6596.25;6597.5;305
20260324 015500;6597.75;6598;6594.25;6595.75;503
20260324 015600;6595.75;6598.25;6595.5;6596.5;474
20260324 015700;6596;6598.75;6596;6597.25;336
20260324 015800;6596.75;6597;6595.75;6596.5;188
20260324 015900;6597;6598.75;6596.75;6598;307
20260324 020000;6598;6599.25;6596.75;6599;409
20260324 020100;6598.75;6599.25;6595;6596.25;562
20260324 020200;6596;6599.75;6596;6599;415
20260324 020300;6599;6599;6596.75;6599;264
20260324 020400;6598.75;6599.75;6597;6598.75;346
20260324 020500;6598.5;6599.5;6597.75;6598.75;313
20260324 020600;6598.5;6599.25;6595;6595.75;457
20260324 020700;6595.75;6597.75;6595.5;6597.25;236
20260324 020800;6597.25;6598.5;6596;6597.75;281
20260324 020900;6597.75;6598.5;6594.5;6595.75;431
20260324 021000;6595.5;6597;6595.25;6596.75;291
20260324 021100;6596.5;6596.75;6592.25;6592.75;563
20260324 021200;6592.75;6593.5;6590;6590;885
20260324 021300;6590.25;6595.5;6590;6594.25;694
20260324 021400;6594.25;6597.5;6593.5;6596.5;396
20260324 021500;6596.25;6596.75;6593.75;6594.75;201
20260324 021600;6594.5;6596.5;6594.25;6594.75;163
20260324 021700;6595.25;6597.5;6594.5;6597.25;289
20260324 021800;6597.25;6598;6594;6595.25;286
20260324 021900;6595;6597.25;6594.5;6594.75;236
20260324 022000;6594.75;6599.5;6594.75;6598.25;428
20260324 022100;6598.25;6601;6598;6599.5;773
20260324 022200;6599.25;6601.75;6598;6601.5;640
20260324 022300;6601.5;6604.5;6601.5;6603.75;861
20260324 022400;6603.5;6606;6603;6604.75;805
20260324 022500;6604.5;6606.5;6604.25;6605.25;441
20260324 022600;6605;6607.25;6603.25;6606.75;711
20260324 022700;6607;6607;6600;6601;645
20260324 022800;6600.75;6602;6599.25;6601.5;463
20260324 022900;6601.25;6603.25;6600.75;6601.5;282
20260324 023000;6601.25;6603.75;6601.25;6603.25;304
20260324 023100;6603;6603.75;6601.5;6601.75;300
20260324 023200;6601.5;6602;6600.25;6601;345
20260324 023300;6601.25;6602.5;6601;6601.5;164
20260324 023400;6601.5;6602.25;6599.75;6600.75;224
20260324 023500;6601;6601.5;6600.5;6600.5;159
20260324 023600;6600.5;6603.5;6599.5;6603.5;454
20260324 023700;6603.5;6604.5;6601.25;6603;322
20260324 023800;6603;6605;6602.75;6604.75;311
20260324 023900;6604.75;6605.25;6602.75;6603.25;272
20260324 024000;6603;6603.25;6600;6600;251
20260324 024100;6600;6601.5;6600;6600.75;263
20260324 024200;6600.75;6603.25;6600.5;6603.25;262
20260324 024300;6603.25;6603.25;6602.25;6602.5;138
20260324 024400;6602.25;6604;6602.25;6603.5;207
20260324 024500;6603.75;6605.25;6603.25;6604.5;278
20260324 024600;6604.5;6605;6602.75;6604.5;273
20260324 024700;6605;6607;6604.75;6606.5;375
20260324 024800;6606.75;6606.75;6605.5;6605.5;225
20260324 024900;6605.5;6605.5;6604.25;6605.5;187
20260324 025000;6605.5;6605.75;6602.25;6602.5;304
20260324 025100;6602.5;6602.75;6597.5;6598;732
20260324 025200;6597.75;6599;6597.25;6598.5;433
20260324 025300;6598.25;6599;6596.5;6596.5;291
20260324 025400;6596.5;6597.75;6596.25;6597.5;303
20260324 025500;6597.25;6599.5;6596.75;6599;296
20260324 025600;6598.75;6599.5;6597.5;6597.75;278
20260324 025700;6598.25;6599;6596.25;6596.5;229
20260324 025800;6596.5;6598;6596.25;6597.25;140
20260324 025900;6597.25;6599;6597;6598.75;175
20260324 030000;6598.25;6598.75;6595.75;6596.5;295
20260324 030100;6596.75;6598;6594.75;6595.25;402
20260324 030200;6595;6596.5;6594;6595.25;392
20260324 030300;6595;6596.25;6594.75;6596;131
20260324 030400;6596;6597;6595.5;6596.25;179
20260324 030500;6596.25;6596.5;6595;6595.75;122
20260324 030600;6595.5;6597.75;6595.5;6596.5;239
20260324 030700;6596.75;6597.5;6595.75;6595.75;143
20260324 030800;6595.5;6595.5;6593.5;6595;302
20260324 030900;6595;6596;6594;6594.5;178
20260324 031000;6594.75;6594.75;6592.5;6594.75;304
20260324 031100;6594.75;6596.25;6594.25;6595.5;327
20260324 031200;6595.5;6596;6594.5;6595;136
20260324 031300;6595.25;6595.5;6593.75;6595.25;141
20260324 031400;6595.5;6595.75;6594.5;6595.75;85
20260324 031500;6595.75;6598.5;6595.75;6596;353
20260324 031600;6596;6597.75;6596;6597.5;262
20260324 031700;6597.25;6598.75;6597.25;6598.75;162
20260324 031800;6598.5;6598.75;6597.75;6598.25;145
20260324 031900;6598.25;6598.5;6596.5;6597.5;194
20260324 032000;6597.75;6598;6596.5;6597;157
20260324 032100;6597;6599.5;6596.5;6599;374
20260324 032200;6599;6599;6597.5;6598.5;212
20260324 032300;6598.75;6600.5;6598.5;6599.5;315
20260324 032400;6599.75;6600.25;6599.25;6599.5;124
20260324 032500;6599.25;6600;6598.75;6599;125
20260324 032600;6599.25;6599.5;6598;6598.75;258
20260324 032700;6598.75;6600.5;6598;6599.75;165
20260324 032800;6599.75;6600.75;6599;6600.75;220
20260324 032900;6601;6602.75;6600.5;6602.5;395
20260324 033000;6602.5;6602.75;6601;6601.5;322
20260324 033100;6601;6601.5;6596.25;6597;884
20260324 033200;6596.75;6597.75;6594.5;6594.75;401
20260324 033300;6594.5;6596.5;6594;6595.25;441
20260324 033400;6595;6595.5;6593.5;6595.25;316
20260324 033500;6594.75;6596.25;6593.75;6593.75;353
20260324 033600;6593.75;6595;6592.25;6592.25;413
20260324 033700;6592.5;6594.25;6592.25;6593;240
20260324 033800;6593;6594.5;6593;6594.25;181
20260324 033900;6594;6596.5;6593.75;6596.25;253
20260324 034000;6596.25;6599.5;6596;6598.5;436
20260324 034100;6598.75;6601.5;6598.25;6601.5;486
20260324 034200;6601.75;6601.75;6600;6601.75;264
20260324 034300;6601.75;6601.75;6599.75;6600.25;195
20260324 034400;6600.25;6600.5;6598.5;6598.75;247
20260324 034500;6599;6600;6599;6600;147
20260324 034600;6599.75;6601;6598.75;6599;203
20260324 034700;6599.25;6601;6598.75;6600.25;173
20260324 034800;6600;6601.75;6599.75;6601.75;165
20260324 034900;6601.5;6601.75;6600;6600.25;101
20260324 035000;6600.25;6600.5;6599.5;6600;100
20260324 035100;6600.25;6600.25;6598.5;6599;162
20260324 035200;6599;6599.75;6597.25;6598.25;198
20260324 035300;6598;6599.5;6597.75;6599.25;203
20260324 035400;6599.5;6600;6599;6599.75;156
20260324 035500;6599.75;6601.5;6599.25;6601;168
20260324 035600;6601;6601.25;6599.75;6601;125
20260324 035700;6601.25;6603.25;6601;6602.5;347
20260324 035800;6602.5;6603;6601.25;6601.75;193
20260324 035900;6601.5;6602.25;6600.75;6602.25;163
20260324 040000;6602.25;6603.25;6601.75;6603.25;123
20260324 040100;6602.75;6604.75;6602.75;6604;458
20260324 040200;6603.75;6605.5;6603.75;6604.5;308
20260324 040300;6604.75;6605;6602.75;6604.5;332
20260324 040400;6604.5;6605.5;6603.75;6605.25;146
20260324 040500;6605.5;6606.75;6604.5;6605.75;293
20260324 040600;6605.5;6607.75;6605.25;6607;455
20260324 040700;6607.5;6607.5;6605;6606;321
20260324 040800;6605.5;6606.25;6605.25;6605.25;116
20260324 040900;6605.5;6606.5;6605.25;6606.5;147
20260324 041000;6606.25;6607.25;6605.75;6607.25;166
20260324 041100;6607;6608.75;6606.75;6608.5;284
20260324 041200;6608.25;6608.5;6607.25;6607.75;168
20260324 041300;6607.5;6607.75;6605;6605.25;269
20260324 041400;6605.75;6606.25;6605;6605.75;93
20260324 041500;6606;6606;6605;6606;91
20260324 041600;6606.25;6606.25;6603.25;6604;285
20260324 041700;6604.25;6604.25;6602;6602.5;265
20260324 041800;6602.25;6602.5;6601.25;6601.75;248
20260324 041900;6601.75;6602.5;6601.25;6601.5;123
20260324 042000;6602;6602.75;6601.5;6602;105
20260324 042100;6602.25;6603.25;6601.5;6602;108
20260324 042200;6602.25;6602.25;6600.25;6601;232
20260324 042300;6601;6601;6598.75;6599;355
20260324 042400;6599;6600;6598.75;6600;179
20260324 042500;6600;6600.5;6599;6599.25;146
20260324 042600;6599;6599.5;6598;6598;205
20260324 042700;6598;6599.25;6598;6598.75;249
20260324 042800;6599;6599;6597.75;6598;99
20260324 042900;6598.25;6599.75;6598.25;6598.75;144
20260324 043000;6598.75;6599.75;6598;6598.25;79
20260324 043100;6598.25;6599.5;6597.75;6598.75;181
20260324 043200;6598.5;6598.5;6594.75;6595.5;521
20260324 043300;6595.75;6596.75;6595.5;6596.25;162
20260324 043400;6596.25;6597.25;6595.75;6596;173
20260324 043500;6596;6597.5;6596;6596.75;150
20260324 043600;6596.75;6597;6595.75;6596;120
20260324 043700;6596;6597.25;6595.5;6596.75;146
20260324 043800;6596.5;6597.25;6596.5;6596.5;71
20260324 043900;6596.5;6597.25;6595.75;6595.75;103
20260324 044000;6596;6596.75;6595.75;6596;74
20260324 044100;6595.75;6596.75;6595;6595.75;162
20260324 044200;6595.25;6597;6595.25;6595.75;139
20260324 044300;6596;6596.25;6594.25;6595.25;269
20260324 044400;6595.25;6596.25;6595.25;6596.25;85
20260324 044500;6596;6596.5;6595;6595;78
20260324 044600;6595.25;6597;6595;6597;103
20260324 044700;6597;6597.25;6596;6596.75;166
20260324 044800;6596.75;6599;6596.75;6598.5;333
20260324 044900;6598;6599;6597.75;6598.75;150
20260324 045000;6598.5;6598.5;6597.25;6598;136
20260324 045100;6598;6598.25;6596.75;6597.5;67
20260324 045200;6597.5;6599.5;6597.25;6599.25;166
20260324 045300;6599.25;6601;6599;6600.5;263
20260324 045400;6600.25;6601;6599;6599.5;297
20260324 045500;6599.5;6599.75;6599.25;6599.25;33
20260324 045600;6599.5;6599.75;6598.5;6599.25;92
20260324 045700;6599.25;6599.25;6596.5;6596.75;225
20260324 045800;6596.75;6599.75;6596.75;6597;311
20260324 045900;6597.25;6598.25;6596.75;6596.75;140
20260324 050000;6597;6598;6596.75;6598;116
20260324 050100;6598.25;6599;6596.25;6597;291
20260324 050200;6596.75;6596.75;6593.25;6593.25;418
20260324 050300;6593.25;6595.25;6592.75;6595;252
20260324 050400;6595.25;6595.5;6592.5;6592.5;178
20260324 050500;6592.75;6593.25;6591.5;6591.75;318
20260324 050600;6591.75;6592;6588.75;6589.75;694
20260324 050700;6590;6591.5;6588.75;6590.75;416
20260324 050800;6590.5;6591.5;6589.75;6591.5;195
20260324 050900;6591.25;6591.5;6589;6590.25;261
20260324 051000;6590.5;6590.75;6586.75;6587.75;628
20260324 051100;6587.5;6588.75;6586.25;6587.25;457
20260324 051200;6587.5;6589.25;6587;6588.25;257
20260324 051300;6588.25;6593.25;6587.75;6593.25;381
20260324 051400;6593.25;6594;6592.75;6593.25;310
20260324 051500;6593;6594.75;6592.25;6592.5;290
20260324 051600;6592.5;6594;6592.25;6592.5;204
20260324 051700;6592.5;6594;6592.5;6593.75;154
20260324 051800;6594;6594;6592.75;6593.5;86
20260324 051900;6593.5;6609.75;6593.5;6609;2718
20260324 052000;6609;6609;6598.5;6599;1300
20260324 052100;6599;6600.25;6597.5;6600;601
20260324 052200;6600;6600.75;6594;6594.75;760
20260324 052300;6594.75;6596.75;6588;6589.5;1008
20260324 052400;6589.25;6594.5;6588.5;6594.25;687
20260324 052500;6594.25;6595;6591.25;6591.5;377
20260324 052600;6591.5;6593;6591;6591.5;355
20260324 052700;6591.5;6592;6590;6590.5;217
20260324 052800;6590.5;6591.25;6588.5;6589;183
20260324 052900;6589;6589.25;6583;6583.75;1139
20260324 053000;6584;6586;6583;6583;503
20260324 053100;6583;6585;6582.5;6583.25;473
20260324 053200;6583.5;6587.75;6583.5;6587.75;387
20260324 053300;6587.25;6587.25;6584.75;6585.5;284
20260324 053400;6585.5;6587.75;6585.5;6586.25;259
20260324 053500;6586.25;6588.75;6586;6588;276
20260324 053600;6588;6589;6586.75;6588.5;231
20260324 053700;6588.25;6589.25;6587.25;6588;198
20260324 053800;6588.25;6590;6588.25;6589.25;236
20260324 053900;6589.5;6591.75;6589.5;6591.75;277
20260324 054000;6591.5;6591.5;6589.25;6591.5;280
20260324 054100;6591.25;6595.75;6591;6595.25;637
20260324 054200;6595.5;6597.75;6595.25;6597.25;421
20260324 054300;6597.75;6598.5;6596.5;6598;251
20260324 054400;6598.25;6599.25;6596;6596.75;356
20260324 054500;6596.75;6597;6594.75;6596;212
20260324 054600;6595.75;6597.75;6594.5;6597.75;242
20260324 054700;6597.75;6599;6597.5;6598;242
20260324 054800;6598.25;6598.25;6596.5;6597.5;130
20260324 054900;6597.75;6598;6596.25;6597;132
20260324 055000;6597;6598.75;6595.5;6596.5;250
20260324 055100;6596.5;6598;6596;6598;161
20260324 055200;6597.75;6597.75;6595.25;6596.25;164
20260324 055300;6596.25;6598.25;6596;6598.25;171
20260324 055400;6598.5;6601.5;6597.25;6597.25;528
20260324 055500;6597.5;6598.5;6596.5;6597.25;154
20260324 055600;6597.5;6597.5;6595.25;6597.25;172
20260324 055700;6597.5;6597.5;6596.75;6597;101
20260324 055800;6597;6597.5;6596.25;6597.25;61
20260324 055900;6597.75;6597.75;6596.5;6597;71
20260324 060000;6597.25;6598;6596.75;6597.75;54
20260324 060100;6597.75;6599.75;6597.25;6598.75;279
20260324 060200;6599.25;6599.5;6597.25;6599.5;187
20260324 060300;6599.75;6605.25;6599.75;6604;708
20260324 060400;6604.25;6604.25;6601.5;6602.75;312
20260324 060500;6602.5;6603.75;6601.5;6602.5;210
20260324 060600;6602.75;6605.75;6602.25;6605;309
20260324 060700;6605;6605;6603;6603.75;207
20260324 060800;6604;6604.25;6602.5;6603;150
20260324 060900;6602.75;6605;6602.75;6603.75;219
20260324 061000;6603.75;6605;6603;6605;198
20260324 061100;6604.75;6605.5;6604.25;6605;171
20260324 061200;6605;6605.25;6602.25;6603.5;139
20260324 061300;6604;6604;6602.25;6602.75;176
20260324 061400;6603;6603.25;6602;6602;136
20260324 061500;6602.25;6604.5;6602;6604.5;185
20260324 061600;6604.75;6605.25;6603.25;6604.75;134
20260324 061700;6605;6608;6604.5;6606.5;430
20260324 061800;6606.25;6608.25;6605.25;6607;258
20260324 061900;6607;6607.75;6605.5;6607.5;193
20260324 062000;6607.5;6608.5;6606.5;6606.5;285
20260324 062100;6606.5;6608;6604.75;6607.5;229
20260324 062200;6607.75;6609;6606.75;6608;234
20260324 062300;6607.75;6611.75;6607.5;6610.5;680
20260324 062400;6610.5;6611.5;6610;6610.25;313
20260324 062500;6610.5;6611;6609.25;6610.25;467
20260324 062600;6610.25;6616.75;6609.5;6616.5;1178
20260324 062700;6616.75;6616.75;6614;6614.5;549
20260324 062800;6614.25;6615.25;6613.5;6614.75;229
20260324 062900;6614.5;6614.5;6611;6612;283
20260324 063000;6612.25;6613.25;6611.75;6612.5;223
20260324 063100;6612.25;6615.75;6612.25;6615;447
20260324 063200;6615;6615.5;6613;6613.5;326
20260324 063300;6614;6617;6613.5;6616.25;289
20260324 063400;6616.5;6616.75;6613.75;6615.75;462
20260324 063500;6615.75;6616;6614.5;6615;168
20260324 063600;6615.25;6617.25;6615.25;6616.5;226
20260324 063700;6616.25;6617.25;6615;6616.75;240
20260324 063800;6616.5;6620.25;6616.25;6619;663
20260324 063900;6619;6619;6616.75;6617;293
20260324 064000;6617;6618.25;6616.75;6618.25;139
20260324 064100;6618.25;6619;6616;6617;220
20260324 064200;6617;6620.25;6617;6619.75;271
20260324 064300;6619.75;6620.75;6619;6619.5;427
20260324 064400;6619.25;6619.25;6618;6618;205
20260324 064500;6618;6619.5;6618;6618.75;176
20260324 064600;6619;6619.5;6616;6616.25;395
20260324 064700;6616.5;6622;6616.25;6620.25;613
20260324 064800;6620.25;6621.25;6619.5;6620;231
20260324 064900;6620.25;6622.5;6620;6621;273
20260324 065000;6621;6621.25;6619.5;6621.25;135
20260324 065100;6621.25;6622;6620.25;6621.75;125
20260324 065200;6621.75;6621.75;6619.5;6620.75;162
20260324 065300;6621;6621.5;6620.25;6620.75;90
20260324 065400;6620.75;6625.75;6620;6625.25;713
20260324 065500;6625.25;6629.5;6624;6629.25;1170
20260324 065600;6629.25;6629.25;6625.5;6625.75;648
20260324 065700;6626;6626.25;6624.5;6625.75;426
20260324 065800;6626;6627;6624.5;6624.75;246
20260324 065900;6624.5;6625.75;6624.25;6625.5;329
20260324 070000;6625.25;6625.5;6624.25;6624.5;191
20260324 070100;6624.5;6627.5;6623;6626.75;538
20260324 070200;6626.75;6627.75;6624.25;6625.5;474
20260324 070300;6625.25;6630.75;6625.25;6629.75;825
20260324 070400;6630;6632.25;6629;6632;915
20260324 070500;6631.75;6633.25;6631;6632.5;616
20260324 070600;6632.5;6640;6631.25;6638;1379
20260324 070700;6638.25;6643.25;6638.25;6641;1570
20260324 070800;6640.75;6642.5;6638;6639.75;673
20260324 070900;6640;6640.75;6638;6639;533
20260324 071000;6638.5;6641;6636.25;6640.75;723
20260324 071100;6640.5;6646.25;6640.5;6645.75;939
20260324 071200;6645.5;6645.5;6642.75;6643.75;584
20260324 071300;6644;6649.75;6642.75;6649.75;1272
20260324 071400;6649.75;6652.5;6647.5;6648.5;1976
20260324 071500;6648.25;6649.75;6647.25;6648.5;608
20260324 071600;6648.5;6650.5;6646.5;6650.25;693
20260324 071700;6650.25;6653;6649.25;6651.25;1127
20260324 071800;6651;6653.5;6648.25;6648.25;846
20260324 071900;6648.25;6648.5;6645.5;6647;1123
20260324 072000;6647.25;6648.25;6644.75;6647.25;691
20260324 072100;6647;6647.75;6643.25;6644.25;890
20260324 072200;6644.5;6646.75;6643;6645.75;602
20260324 072300;6646;6648.5;6645;6646;575
20260324 072400;6646;6647;6643.5;6644.75;422
20260324 072500;6645;6645.75;6642.25;6644.25;529
20260324 072600;6643.75;6644.25;6642.25;6642.75;333
20260324 072700;6642.75;6642.75;6640.5;6641.25;665
20260324 072800;6641.25;6644;6640.5;6642.25;378
20260324 072900;6642.5;6646.5;6642.5;6644;470
20260324 073000;6644;6645;6643.5;6643.75;355
20260324 073100;6643.75;6645.75;6642;6642.25;480
20260324 073200;6642.25;6644;6640.25;6641.75;416
20260324 073300;6641.75;6642;6638.25;6639.25;764
20260324 073400;6639.25;6639.5;6637;6638.5;596
20260324 073500;6638.5;6638.5;6636;6637.75;574
20260324 073600;6637.75;6638.5;6636;6636.5;351
20260324 073700;6636.75;6639;6636.75;6638.75;418
20260324 073800;6639;6639.5;6637;6638.25;277
20260324 073900;6638;6642.25;6637.75;6641.25;496
20260324 074000;6641.25;6642.5;6638;6639.75;636
20260324 074100;6640;6640;6637;6638.75;399
20260324 074200;6638.75;6642.75;6638.75;6642.25;317
20260324 074300;6642.25;6642.5;6639.5;6640.25;291
20260324 074400;6640;6642;6639;6641;178
20260324 074500;6641;6643.75;6641;6642.75;287
20260324 074600;6642;6642.5;6638.5;6639;323
20260324 074700;6639.25;6641.75;6638.75;6639.5;226
20260324 074800;6639;6640.25;6637.5;6640;231
20260324 074900;6640.25;6641.5;6639;6639;272
20260324 075000;6639.25;6642;6639.25;6640.75;346
20260324 075100;6640.25;6642.75;6638;6642;422
20260324 075200;6642.5;6645;6641.5;6643;437
20260324 075300;6642.75;6644.75;6642.5;6644.5;299
20260324 075400;6644.5;6644.75;6641.75;6642.5;302
20260324 075500;6642.25;6643.5;6640.75;6641;284
20260324 075600;6641.25;6643.25;6639.75;6643.25;311
20260324 075700;6643.25;6644;6641.75;6642.75;334
20260324 075800;6642.75;6644.75;6642;6644.5;433
20260324 075900;6644.25;6647;6644;6645.5;501
20260324 080000;6645.25;6646.5;6644.25;6645.25;484
20260324 080100;6645;6648.25;6640.5;6646.75;1285
20260324 080200;6646.75;6647.75;6642;6642.25;595
20260324 080300;6642.25;6646.5;6641.75;6646;515
20260324 080400;6646;6647;6643.75;6644.25;546
20260324 080500;6644.25;6647.75;6643;6646.5;532
20260324 080600;6646.75;6651.5;6646.5;6650.5;906
20260324 080700;6650.5;6651.25;6648.75;6650.75;639
20260324 080800;6650.75;6652;6649;6649.5;564
20260324 080900;6649.5;6650;6645.75;6645.75;674
20260324 081000;6645.5;6649.75;6644.75;6648.5;609
20260324 081100;6648.5;6649;6644;6645.5;533
20260324 081200;6645;6646.75;6644.25;6646;395
20260324 081300;6645.75;6649;6645.5;6648.5;552
20260324 081400;6648.75;6649.75;6646.75;6648.75;419
20260324 081500;6648.25;6649;6645.5;6647;260
20260324 081600;6646.5;6650.25;6646;6648.25;573
20260324 081700;6648.25;6650.75;6647.25;6648.25;618
20260324 081800;6647.5;6648.25;6644.5;6645;483
20260324 081900;6645.25;6645.25;6639;6639.25;790
20260324 082000;6639.25;6640;6631.5;6632.5;1724
20260324 082100;6632.5;6634.75;6630.5;6631;1289
20260324 082200;6631;6633.75;6630.25;6633.5;889
20260324 082300;6633.75;6636;6633;6634.75;685
20260324 082400;6634.5;6637;6634;6634.25;686
20260324 082500;6634;6635;6630;6631.5;883
20260324 082600;6631.5;6631.5;6627.25;6629;1147
20260324 082700;6628.75;6632.25;6628;6628;605
20260324 082800;6628.25;6628.75;6625.5;6628.5;657
20260324 082900;6628.75;6629;6626;6628;414
20260324 083000;6628;6631.25;6626.25;6627;554
20260324 083100;6627;6627.75;6623;6626.25;874
20260324 083200;6626;6630;6625.75;6627.5;664
20260324 083300;6627.25;6630.25;6627;6628.25;534
20260324 083400;6628.25;6630;6624.75;6625;599
20260324 083500;6625;6628.25;6625;6627.5;367
20260324 083600;6627.25;6632.75;6626.75;6632.25;912
20260324 083700;6632;6634;6631.5;6633.75;726
20260324 083800;6633.75;6634.25;6630.5;6631.75;465
20260324 083900;6631.5;6632;6627.75;6628;546
20260324 084000;6627.75;6630.5;6626.25;6629.5;411
20260324 084100;6629.75;6633.5;6628.5;6632.5;559
20260324 084200;6632.5;6633.5;6630.5;6631;357
20260324 084300;6630.75;6631.5;6626;6626.75;585
20260324 084400;6627.25;6628;6624.25;6625.75;529
20260324 084500;6625.75;6627.5;6624.5;6625.75;353
20260324 084600;6625.75;6629.25;6625.75;6627.75;471
20260324 084700;6627.75;6633;6627.75;6629.5;490
20260324 084800;6629.75;6633.5;6628.5;6631.75;543
20260324 084900;6632;6632.25;6630.25;6632.25;425
20260324 085000;6632;6632.5;6629.5;6630;431
20260324 085100;6630.25;6633.75;6623.75;6623.75;2517
20260324 085200;6624.25;6627.75;6620.25;6622.5;1511
20260324 085300;6622.5;6628.75;6622.5;6628.5;678
20260324 085400;6628.75;6629.5;6625;6625.75;583
20260324 085500;6625.75;6628.5;6625;6625.5;661
20260324 085600;6625.25;6627.75;6625;6626;345
20260324 085700;6625.5;6626;6619.5;6620;732
20260324 085800;6620;6622.75;6619.75;6620.25;579
20260324 085900;6620.5;6625;6619.5;6624;495
20260324 090000;6624;6625.5;6621.5;6622.75;381
20260324 090100;6623;6625.75;6620;6621.5;703
20260324 090200;6621.5;6626.5;6621.5;6623;508
20260324 090300;6622.75;6625;6621;6624.75;483
20260324 090400;6624.5;6626;6622.75;6624.5;276
20260324 090500;6624.5;6627.75;6624.25;6626.25;446
20260324 090600;6626.5;6627.25;6623.5;6624.5;495
20260324 090700;6624.25;6624.5;6619.5;6620.25;585
20260324 090800;6620.25;6621.75;6616.25;6617.5;827
20260324 090900;6617.75;6619;6614.5;6615.25;774
20260324 091000;6615.25;6616.25;6613.5;6614;768
20260324 091100;6614;6617.5;6613;6617;603
20260324 091200;6617;6618.5;6612.75;6613.25;754
20260324 091300;6613.25;6613.5;6610.5;6611;919
20260324 091400;6610.75;6614.25;6609.25;6609.5;1155
20260324 091500;6609.5;6609.5;6604.5;6605;1129
20260324 091600;6605;6609.25;6604.5;6606.75;879
20260324 091700;6606.75;6610.75;6605.25;6610.25;790
20260324 091800;6610.5;6614.5;6610.5;6613.75;661
20260324 091900;6614;6614.25;6611.5;6612.5;602
20260324 092000;6612.75;6614;6612.5;6614;436
20260324 092100;6614;6614.25;6610.25;6610.75;413
20260324 092200;6611;6612.75;6609.5;6610.25;483
20260324 092300;6610.25;6610.5;6607.5;6609.25;662
20260324 092400;6609.5;6613;6609.25;6612;310
20260324 092500;6612;6614.25;6610.25;6613;292
20260324 092600;6612.75;6615.5;6612.25;6614.5;526
20260324 092700;6614.75;6616;6611.5;6613.25;526
20260324 092800;6613.25;6615.75;6613;6615.25;287
20260324 092900;6615;6618.75;6614.25;6618.5;446
20260324 093000;6618.5;6621.75;6618;6618;1009
20260324 093100;6618;6620;6617;6619;527
20260324 093200;6619.5;6620.5;6614.75;6618;562
20260324 093300;6617.75;6620.25;6617.25;6619.25;429
20260324 093400;6619.25;6620.75;6617.25;6617.5;339
20260324 093500;6617.25;6619.5;6617.25;6617.5;339
20260324 093600;6617.25;6620.5;6616;6620.25;464
20260324 093700;6620.5;6620.75;6617.25;6618.75;364
20260324 093800;6618.75;6620;6618.5;6619.75;203
20260324 093900;6620;6620;6617;6617.25;423
20260324 094000;6617.5;6619.75;6617.25;6619.75;262
20260324 094100;6619.5;6627;6619.5;6625.5;1340
20260324 094200;6625.25;6625.5;6622.5;6624.5;578
20260324 094300;6624.25;6626.5;6623.25;6624.75;524
20260324 094400;6624.5;6625.25;6623.75;6624.75;276
20260324 094500;6624.5;6626.25;6624;6624.75;352
20260324 094600;6624.75;6626.5;6623.5;6625;372
20260324 094700;6625;6625;6620.25;6621.25;479
20260324 094800;6621.25;6623.25;6619.25;6622.75;547
20260324 094900;6622.75;6625.5;6622.5;6625;362
20260324 095000;6624.75;6624.75;6621.5;6623.25;300
20260324 095100;6622.75;6623.5;6621;6621.75;341
20260324 095200;6621.75;6622.25;6618.25;6619.5;610
20260324 095300;6619.5;6621.25;6618.5;6620.75;215
20260324 095400;6620.75;6625;6620.5;6625;365
20260324 095500;6625;6626.75;6624.75;6626.5;424
20260324 095600;6626;6629.5;6626;6628.75;1001
20260324 095700;6628.75;6633.5;6628.75;6629.5;1224
20260324 095800;6629.25;6633.5;6628.75;6633.5;414
20260324 095900;6633.25;6634.5;6633;6634;450
20260324 100000;6634.25;6634.25;6631.25;6631.75;495
20260324 100100;6631.75;6632.25;6629;6629.25;662
20260324 100200;6629;6629.25;6623.75;6624;808
20260324 100300;6624;6624.5;6620;6622;710
20260324 100400;6622;6624.25;6621.25;6623;480
20260324 100500;6623.25;6627.75;6623.25;6627.25;499
20260324 100600;6627.25;6630;6627.25;6628.5;399
20260324 100700;6628.75;6631;6628.25;6629.5;377
20260324 100800;6629.5;6633.25;6629;6633.25;601
20260324 100900;6633.25;6635.25;6632.25;6632.25;540
20260324 101000;6632;6635;6631.5;6634;452
20260324 101100;6634;6635;6632.75;6633.5;355
20260324 101200;6633.75;6634.75;6632.75;6633;322
20260324 101300;6633.25;6633.25;6630.25;6633;743
20260324 101400;6633;6634.75;6633;6634.25;392
20260324 101500;6634;6635.25;6632.5;6633;316
20260324 101600;6633.25;6634.5;6632.25;6633.75;382
20260324 101700;6634;6634.5;6632.75;6633;367
20260324 101800;6632.75;6634.25;6631.5;6633.25;270
20260324 101900;6633.25;6634.75;6631.25;6633.75;361
20260324 102000;6633.75;6634;6632;6632.5;250
20260324 102100;6632.25;6633;6629.5;6632.5;463
20260324 102200;6632.75;6633.25;6630.5;6632.25;373
20260324 102300;6632;6633;6631;6633;270
20260324 102400;6633;6633.25;6632;6633;170
20260324 102500;6633;6633.75;6629.5;6629.75;407
20260324 102600;6630.25;6631;6629.25;6629.75;379
20260324 102700;6629.75;6631.5;6629;6630;264
20260324 102800;6630.25;6630.5;6628.5;6630;208
20260324 102900;6629.75;6630;6623.75;6625.5;820
20260324 103000;6625.5;6625.75;6623.25;6625;543
20260324 103100;6625.25;6626.75;6622.5;6626.5;748
20260324 103200;6626.25;6627.75;6625.5;6625.5;416
20260324 103300;6625.75;6628.5;6625.75;6627.75;247
20260324 103400;6627.5;6627.5;6623;6625.25;479
20260324 103500;6625.25;6625.25;6620.25;6621.75;651
20260324 103600;6621.75;6626;6621.25;6626;587
20260324 103700;6625.75;6626;6623.75;6625.25;673
20260324 103800;6625.5;6629.25;6623.75;6628;620
20260324 103900;6628;6629.5;6627.5;6628;377
20260324 104000;6628;6631.5;6627.5;6631.25;467
20260324 104100;6631;6633.25;6626.5;6626.75;674
20260324 104200;6626.75;6631.25;6626.75;6631.25;275
20260324 104300;6631;6631;6627.5;6628.5;295
20260324 104400;6628.75;6632.5;6628.75;6632;517
20260324 104500;6632.25;6635;6629.5;6632;952
20260324 104600;6632;6635;6631.25;6634.75;322
20260324 104700;6634.75;6635;6630;6630;380
20260324 104800;6630.25;6630.5;6628.25;6629;395
20260324 104900;6629.25;6629.5;6623.5;6624;633
20260324 105000;6623.75;6626.5;6623.5;6624.75;400
20260324 105100;6624.75;6629.25;6624.75;6628.75;394
20260324 105200;6628.75;6631;6628.5;6630;277
20260324 105300;6629.75;6631;6627.5;6628.25;420
20260324 105400;6628.25;6630.5;6628;6630;231
20260324 105500;6630;6630.25;6628.25;6628.25;207
20260324 105600;6628.5;6629.5;6626.5;6629.25;235
20260324 105700;6629;6630.25;6628;6628.25;180
20260324 105800;6628.25;6630;6627.75;6628;357
20260324 105900;6628.25;6629.75;6627.75;6629.5;284
20260324 110000;6629;6631;6629;6630;223
20260324 110100;6630;6632;6628.25;6631.75;716
20260324 110200;6631.75;6632;6622.5;6622.5;1005
20260324 110300;6622.75;6625.5;6622.25;6624.5;796
20260324 110400;6624.5;6630;6624.25;6629.75;564
20260324 110500;6630;6630.5;6627;6629;482
20260324 110600;6628.75;6630.25;6627.5;6628.5;455
20260324 110700;6628.5;6630.25;6628.5;6629.25;329
20260324 110800;6629.25;6633.25;6629.25;6632.5;694
20260324 110900;6632.5;6633.5;6631.75;6632.25;456
20260324 111000;6632;6632.5;6630.75;6631.5;317
20260324 111100;6631.5;6633.5;6630.75;6633.25;317
20260324 111200;6633;6633.75;6631.75;6633.5;261
20260324 111300;6633.5;6633.75;6632;6632.5;240
20260324 111400;6632.75;6632.75;6630.5;6630.75;318
20260324 111500;6630.75;6632.75;6630.25;6630.5;266
20260324 111600;6630.5;6630.5;6625;6625.75;592
20260324 111700;6625.75;6626.25;6621.25;6622.25;670
20260324 111800;6622;6623.25;6620;6621;1003
20260324 111900;6621;6624.5;6620.75;6623.5;810
20260324 112000;6623.5;6628.25;6623;6628;487
20260324 112100;6628;6628.25;6624.5;6624.75;441
20260324 112200;6624.25;6626.25;6624;6626.25;309
20260324 112300;6625.5;6627.25;6624.5;6626.25;255
20260324 112400;6626.25;6627;6625;6625.75;218
20260324 112500;6626;6627.75;6626;6626.75;198
20260324 112600;6626.75;6626.75;6621;6623;500
20260324 112700;6622.75;6624.25;6622;6623.5;361
20260324 112800;6623.5;6625.25;6622.5;6625;330
20260324 112900;6625.25;6627;6625;6626.25;470
20260324 113000;6626.5;6627.75;6624.75;6625.75;421
20260324 113100;6624.5;6626;6622.25;6622.25;448
20260324 113200;6622.5;6623;6621.5;6622.5;383
20260324 113300;6622.5;6623.75;6621;6622.75;433
20260324 113400;6622.75;6623.25;6621;6622;299
20260324 113500;6621.75;6624.5;6621.25;6624.25;427
20260324 113600;6624.25;6626;6620.5;6620.75;618
20260324 113700;6620.75;6624;6620.5;6622.5;340
20260324 113800;6622.5;6625.25;6622;6623.75;288
20260324 113900;6623.75;6626;6622.75;6625.25;430
20260324 114000;6625.5;6626.5;6623.75;6625.5;311
20260324 114100;6625.5;6625.75;6624;6625.5;245
20260324 114200;6625.25;6625.25;6622.25;6623.5;247
20260324 114300;6623.5;6625.25;6622.5;6624;307
20260324 114400;6623.75;6624;6620;6621.25;376
20260324 114500;6620.75;6623.75;6620.5;6622;824
20260324 114600;6622.25;6626.25;6622;6624.75;778
20260324 114700;6624.75;6629.25;6624.5;6628.75;877
20260324 114800;6628.5;6631.75;6627.75;6631;714
20260324 114900;6630.75;6632.75;6630.25;6632.25;493
20260324 115000;6632.5;6633;6629.5;6629.5;435
20260324 115100;6629.5;6630;6628.5;6629;353
20260324 115200;6629.25;6629.25;6622.5;6622.75;594
20260324 115300;6622.75;6623;6615.25;6615.5;1703
20260324 115400;6615.5;6616.25;6604.25;6607.25;3811
20260324 115500;6607;6616;6606.25;6614.75;2161
20260324 115600;6614.75;6619.25;6614;6617.5;1253
20260324 115700;6617.5;6619.5;6616.5;6619.5;711
20260324 115800;6619.5;6621.5;6618;6620.5;767
20260324 115900;6620.5;6622;6619.25;6620.75;703
20260324 120000;6621;6628;6621;6626.5;1095
20260324 120100;6627;6630.5;6627;6629.25;1381
20260324 120200;6629.25;6629.25;6626;6626.5;638
20260324 120300;6626.5;6627.5;6625.5;6626.75;437
20260324 120400;6626.5;6626.5;6624.75;6625.75;467
20260324 120500;6625.75;6625.75;6619.5;6620;930
20260324 120600;6619.75;6620.5;6616.25;6617;880
20260324 120700;6617;6619;6615.75;6617.75;922
20260324 120800;6617.5;6618.75;6616;6616.5;496
20260324 120900;6616.5;6617;6612.5;6615;741
20260324 121000;6615;6616.25;6613.75;6616;490
20260324 121100;6615.75;6617;6614;6614.25;462
20260324 121200;6614;6615.25;6611.5;6613.25;687
20260324 121300;6613.25;6615;6613;6614.25;348
20260324 121400;6614.25;6619.75;6614;6619.5;835
20260324 121500;6619.75;6619.75;6616.75;6617.25;286
20260324 121600;6617.5;6618;6614.5;6615.75;510
20260324 121700;6615.5;6616.5;6613.25;6614.5;401
20260324 121800;6614.5;6615.25;6613.25;6614.25;381
20260324 121900;6613.75;6618;6612.75;6616.5;753
20260324 122000;6616.5;6616.75;6614;6615.5;341
20260324 122100;6615;6616;6614.25;6614.75;255
20260324 122200;6614.5;6616;6613;6615;439
20260324 122300;6615;6617;6613.25;6613.25;354
20260324 122400;6613.75;6616.25;6613.75;6614.75;304
20260324 122500;6615;6619.5;6614.75;6617.75;625
20260324 122600;6617.5;6619;6616.5;6618.75;334
20260324 122700;6619;6622.25;6618.5;6622;734
20260324 122800;6622;6624.5;6622;6622.75;624
20260324 122900;6622.75;6623.25;6621.25;6622;243
20260324 123000;6621.75;6621.75;6618.5;6620;483
20260324 123100;6619.75;6620.75;6616;6618;860
20260324 123200;6618.25;6618.5;6614;6615.75;568
20260324 123300;6615.75;6617;6612;6612.25;744
20260324 123400;6612.25;6612.25;6606.25;6606.25;1264
20260324 123500;6606.5;6608.75;6605.5;6608.5;1108
20260324 123600;6608.5;6609.75;6605.5;6607.25;845
20260324 123700;6607;6609.5;6606.75;6607;666
20260324 123800;6607;6607.5;6601.25;6601.5;1963
20260324 123900;6601.75;6603;6599.5;6602.25;1348
20260324 124000;6602.25;6603.5;6600.25;6601;720
20260324 124100;6601.25;6603.75;6600.75;6603.25;762
20260324 124200;6603.25;6605.5;6601.75;6602.25;906
20260324 124300;6602.5;6604;6601.25;6601.25;605
20260324 124400;6601.5;6603;6597.5;6598.75;1111
20260324 124500;6598.5;6601.5;6597.5;6598.25;794
20260324 124600;6598;6601.25;6598;6600.75;591
20260324 124700;6600.75;6602.75;6598.5;6599.5;978
20260324 124800;6600;6600.75;6598;6600;366
20260324 124900;6600.25;6600.5;6596.5;6599;959
20260324 125000;6599;6599.5;6596.75;6597.75;639
20260324 125100;6598;6600;6597.5;6597.75;683
20260324 125200;6597.75;6600.5;6597.25;6598;573
20260324 125300;6598;6606;6598;6605.5;1908
20260324 125400;6605.75;6606.5;6602.5;6605.25;1478
20260324 125500;6605.25;6605.5;6603.25;6604.75;585
20260324 125600;6604.5;6605;6601.5;6602.75;655
20260324 125700;6602.75;6603.75;6599.75;6600;770
20260324 125800;6600;6602;6599.75;6601.25;613
20260324 125900;6601;6601.25;6599.25;6600;523
20260324 130000;6600;6601.25;6598.25;6600.25;614
20260324 130100;6599.75;6600.25;6597.5;6598.5;1089
20260324 130200;6598;6600.75;6598;6600;639
20260324 130300;6600.25;6604.25;6598.5;6602.25;898
20260324 130400;6602.5;6604;6601.25;6602.25;678
20260324 130500;6602.25;6602.5;6598.75;6599.75;717
20260324 130600;6600;6601.5;6599.25;6600.75;779
20260324 130700;6600.5;6602;6597.5;6598;1003
20260324 130800;6598;6598.5;6591.75;6593.5;3494
20260324 130900;6593.5;6595.75;6588.5;6589.25;2927
20260324 131000;6589.25;6589.75;6580;6588.5;5559
20260324 131100;6588.25;6592;6587;6590.25;2303
20260324 131200;6590.25;6594.25;6590.25;6593.5;1895
20260324 131300;6593.75;6595.5;6593;6593.5;1263
20260324 131400;6593.5;6597.5;6593.25;6594;1303
20260324 131500;6594.25;6595.5;6592.25;6594.75;669
20260324 131600;6594.75;6598.5;6594.25;6594.25;1401
20260324 131700;6594.5;6596;6593.5;6594.25;788
20260324 131800;6594.25;6594.75;6590;6592.25;1648
20260324 131900;6592;6592;6589;6589.5;1019
20260324 132000;6589.5;6591;6588.5;6589.75;707
20260324 132100;6590;6590;6587.75;6588.5;743
20260324 132200;6588.75;6589.75;6587.25;6589.75;643
20260324 132300;6589.75;6591.75;6588;6590.25;960
20260324 132400;6590.25;6593.5;6589.25;6592.75;820
20260324 132500;6592.75;6593.5;6590;6590.25;751
20260324 132600;6590.5;6595.5;6589.5;6595;1938
20260324 132700;6595;6595;6589;6590.25;1083
20260324 132800;6590.5;6591.25;6586.25;6587.25;1507
20260324 132900;6587.25;6587.25;6584;6586.75;1651
20260324 133000;6587;6590.25;6586.5;6589;1686
20260324 133100;6589;6594.25;6584;6590.75;8457
20260324 133200;6590.75;6599.5;6585.25;6598;8341
20260324 133300;6598;6599.25;6594.5;6597.5;4434
20260324 133400;6597.75;6601.5;6596.5;6599.5;4268
20260324 133500;6599.75;6604.5;6598.25;6603.75;4421
20260324 133600;6603.75;6606.25;6594.75;6599.25;7564
20260324 133700;6599.25;6602.25;6592.5;6595;5637
20260324 133800;6594.75;6599.5;6592.25;6594.5;4278
20260324 133900;6594;6598;6592.75;6596.25;2979
20260324 134000;6596.25;6597.25;6586.75;6588.5;4686
20260324 134100;6588.75;6589.75;6581.75;6583;5908
20260324 134200;6583.25;6584.25;6573.5;6573.75;7745
20260324 134300;6573.75;6589;6573.5;6587.25;7613
20260324 134400;6587.5;6587.5;6582;6583.25;3088
20260324 134500;6583.25;6585;6581;6582;1942
20260324 134600;6582;6587.5;6579.75;6583.75;4562
20260324 134700;6583.75;6592;6583;6589.75;5660
20260324 134800;6590;6591.5;6585.25;6586;4681
20260324 134900;6586;6589;6578;6580.75;5621
20260324 135000;6580.5;6582.25;6576.25;6576.5;4229
20260324 135100;6576.75;6581.75;6575;6575.5;4896
20260324 135200;6575.25;6580.25;6574.25;6575.75;4410
20260324 135300;6575.75;6584;6573.5;6582.25;5444
20260324 135400;6582.5;6584.5;6579;6582;4662
20260324 135500;6581.75;6582.75;6576.75;6578;3491
20260324 135600;6578;6581.75;6577.5;6581;2969
20260324 135700;6580.75;6586.25;6580.75;6583.5;4669
20260324 135800;6583.25;6591;6582.25;6587.75;6374
20260324 135900;6587.75;6588.5;6581.25;6588;4512
20260324 140000;6587.5;6590.5;6585.5;6589.75;3402
20260324 140100;6589.75;6598.75;6587;6596.25;10522
20260324 140200;6596;6596.75;6592.75;6593.5;3981
20260324 140300;6593.5;6597.75;6588.5;6595.75;6630
20260324 140400;6595.75;6598;6593.75;6595.25;3694
20260324 140500;6595.5;6599;6594.75;6598.25;3435
20260324 140600;6598.5;6600;6592;6592.75;4869
20260324 140700;6592.75;6598.5;6591;6598.5;4030
20260324 140800;6598.25;6610.25;6598;6608;11096
20260324 140900;6607.75;6607.75;6603.25;6606.25;4815
20260324 141000;6606.5;6609.75;6604.25;6609.5;4132
20260324 141100;6609.5;6611.5;6606.75;6606.75;5454
20260324 141200;6607;6607.25;6603;6603.75;4312
20260324 141300;6604;6605;6598.75;6599.75;5131
20260324 141400;6600;6601;6590.75;6594.25;7988
20260324 141500;6594.25;6602.5;6593;6601.25;5719
20260324 141600;6601.25;6602.75;6598;6598.5;4125
20260324 141700;6598.75;6599.75;6592;6592.75;4542
20260324 141800;6592.75;6598.25;6592.75;6597;3719
20260324 141900;6597;6600.75;6593.75;6599.25;3730
20260324 142000;6599.25;6602.25;6599.25;6601;3170
20260324 142100;6601;6603.25;6598.25;6600.75;3821
20260324 142200;6601;6604.5;6600;6602.5;4024
20260324 142300;6602.5;6604.5;6592.5;6593.5;5251
20260324 142400;6593.5;6600.25;6593.5;6598;3618
20260324 142500;6598;6600.5;6597.25;6598.5;2851
20260324 142600;6598.5;6598.75;6593.25;6595;3573
20260324 142700;6595.25;6602.75;6594.5;6600;3872
20260324 142800;6600;6609;6599;6607.25;5692
20260324 142900;6607.25;6609.75;6605.25;6607;4682
20260324 143000;6607.25;6607.25;6598.25;6600.25;5152
20260324 143100;6600.25;6604.75;6598.75;6602.5;4017
20260324 143200;6602.5;6605.75;6601.25;6604.75;3094
20260324 143300;6604.75;6606.5;6601;6606.25;3647
20260324 143400;6606.25;6609.75;6604.75;6608.25;3906
20260324 143500;6608;6609.75;6606.75;6608.75;2831
20260324 143600;6609;6610.75;6605.5;6607.25;4106
20260324 143700;6607;6607;6600.25;6601;5778
20260324 143800;6601;6604.75;6599;6601;4073
20260324 143900;6601;6602.5;6597;6601.5;4216
20260324 144000;6601.25;6604;6599.25;6602.25;3068
20260324 144100;6602.25;6608;6600;6607;3879
20260324 144200;6607.25;6610.75;6605;6607;3595
20260324 144300;6607;6613.25;6606.75;6611.25;4017
20260324 144400;6611.25;6612.5;6605.75;6607.5;4313
20260324 144500;6607.25;6613.25;6606.5;6613;3980
20260324 144600;6612.75;6613.25;6601.75;6602.25;4716
20260324 144700;6602;6617.25;6602;6615.25;8650
20260324 144800;6615.5;6616.5;6608.5;6609.75;6892
20260324 144900;6610;6612.25;6608.75;6610.25;3083
20260324 145000;6610.25;6610.5;6602.75;6602.75;3892
20260324 145100;6603;6603.25;6597.25;6598;6219
20260324 145200;6598;6623;6598;6621.5;14155
20260324 145300;6621.75;6635.75;6619.75;6623.5;23096
20260324 145400;6623.25;6629.25;6617;6629;10169
20260324 145500;6629.25;6630.25;6618.25;6620;8169
20260324 145600;6620;6627.25;6617.25;6624.5;8213
20260324 145700;6624.5;6632;6622.5;6629.75;6894
20260324 145800;6629.75;6630.5;6626;6628.75;4184
20260324 145900;6628.5;6628.5;6617.75;6621.5;6722
20260324 150000;6621.5;6622.25;6599.75;6615;15760
20260324 150100;6615.25;6631;6614.25;6625.25;9188
20260324 150200;6625.5;6628.5;6623.25;6627.5;4241
20260324 150300;6627.75;6628.25;6621.75;6627.25;4271
20260324 150400;6627;6628.75;6624;6627;3001
20260324 150500;6627;6627.25;6622.5;6624.75;2833
20260324 150600;6624.5;6625;6621.25;6623.5;2708
20260324 150700;6623.75;6625.75;6621.75;6625;2181
20260324 150800;6625;6627.5;6623.5;6626.75;2154
20260324 150900;6626.75;6628;6621.75;6624;3098
20260324 151000;6624.25;6626.5;6623.25;6624.75;1968
20260324 151100;6624.75;6625;6619.5;6623.75;3054
20260324 151200;6623.75;6630.25;6623.5;6627;4509
20260324 151300;6627.25;6629;6625.75;6626.5;1770
20260324 151400;6626.75;6627.75;6624.5;6625.5;1744
20260324 151500;6625.5;6628.5;6623.75;6628;1935
20260324 151600;6628;6631.5;6626.75;6631;2752
20260324 151700;6630.75;6634.5;6629.25;6633.75;3796
20260324 151800;6634;6634.25;6626.75;6627.75;3108
20260324 151900;6628;6633;6628;6631.75;2521
20260324 152000;6631.75;6634;6630.5;6632.5;2683
20260324 152100;6632.25;6633.75;6628.75;6632.75;2993
20260324 152200;6632.75;6637;6631.5;6634.75;4987
20260324 152300;6635;6637.5;6633.75;6636;2844
20260324 152400;6636;6636.5;6632.75;6634.75;2260
20260324 152500;6634.75;6640;6634.75;6639.5;4191
20260324 152600;6639.5;6643.75;6638.5;6643.75;4564
20260324 152700;6643.5;6643.75;6639.75;6640;2577
20260324 152800;6640;6640.25;6636;6636.5;3977
20260324 152900;6636.5;6637.75;6635;6635.5;2535
20260324 153000;6635.75;6636.75;6633.5;6636.5;2621
20260324 153100;6636.25;6639.25;6635.25;6636;3076
20260324 153200;6636;6639.5;6632.75;6633.25;2693
20260324 153300;6633.25;6633.75;6629;6631.25;4411
20260324 153400;6631.25;6631.5;6628.5;6629.25;2280
20260324 153500;6629.25;6634.25;6629;6633;2762
20260324 153600;6633;6636.25;6632.5;6634.5;2448
20260324 153700;6634.5;6637.25;6634;6636.5;1862
20260324 153800;6636.25;6639.75;6635.5;6639;2378
20260324 153900;6639;6640.25;6637.5;6638.75;2682
20260324 154000;6638.75;6641.25;6638;6638.25;2242
20260324 154100;6638.25;6641;6638;6639.5;1756
20260324 154200;6639.75;6639.75;6636;6638.25;2408
20260324 154300;6638.5;6639.75;6635.75;6636.75;2012
20260324 154400;6636.75;6638.25;6635.5;6637;1605
20260324 154500;6637;6639;6636.75;6638;1212
20260324 154600;6638;6639.75;6636;6638.5;1667
20260324 154700;6638.5;6640;6638;6639.25;1521
20260324 154800;6639.25;6639.75;6637.25;6637.75;1479
20260324 154900;6637.75;6641.5;6637.25;6640.75;1829
20260324 155000;6640.75;6642.5;6639.5;6641.25;2556
20260324 155100;6641.25;6645;6641;6642;2940
20260324 155200;6642;6646;6641.75;6645.25;2124
20260324 155300;6645.25;6645.25;6642.75;6644.25;1929
20260324 155400;6644.25;6644.5;6639.5;6641;2331
20260324 155500;6640.75;6642;6639.75;6640;1555
20260324 155600;6640.25;6640.25;6634.25;6635;4374
20260324 155700;6635;6636.25;6625.75;6627.25;7472
20260324 155800;6627.25;6630.75;6624.5;6625.5;5625
20260324 155900;6625.75;6629.25;6624.5;6627.75;3508
20260324 160000;6627.75;6630.25;6625.5;6626;2626
20260324 160100;6626;6627.75;6624;6626.25;4273
20260324 160200;6626.25;6628.25;6622.25;6622.25;2979
20260324 160300;6622.5;6624.75;6621;6623;3364
20260324 160400;6623.25;6625.5;6622.25;6622.5;2181
20260324 160500;6622.75;6625.5;6621.25;6622;2494
20260324 160600;6622;6624;6619.75;6620.5;2873
20260324 160700;6620.25;6621.25;6618;6620.5;3671
20260324 160800;6620.5;6624;6619.75;6622.75;2804
20260324 160900;6622.75;6623.25;6620.5;6621.75;1865
20260324 161000;6621.75;6626.75;6621.75;6626.25;3080
20260324 161100;6626.25;6627.5;6624.25;6626;2552
20260324 161200;6626;6627.5;6622;6622.75;2433
20260324 161300;6622.5;6626.25;6620.5;6623.75;2537
20260324 161400;6623.75;6624.5;6621.5;6623.25;1485
20260324 161500;6623.25;6626.5;6621.75;6625;1734
20260324 161600;6625;6628.75;6623.75;6628.25;2146
20260324 161700;6628.25;6634.75;6627.75;6634.25;4556
20260324 161800;6634.25;6636.75;6633.25;6635;3419
20260324 161900;6635;6635.25;6631.75;6633.25;2251
20260324 162000;6633.25;6634.75;6632;6634.25;1400
20260324 162100;6634.25;6634.25;6632.25;6633.75;1507
20260324 162200;6633.5;6634.25;6630.5;6633.25;2250
20260324 162300;6633;6638;6633;6637.25;3172
20260324 162400;6637.25;6637.25;6635.25;6636.25;1507
20260324 162500;6636.25;6636.5;6634.25;6635.5;1380
20260324 162600;6635.5;6635.75;6631.5;6632;2504
20260324 162700;6632.25;6634.5;6632;6632.75;1516
20260324 162800;6632.75;6635.75;6630.75;6635.25;1972
20260324 162900;6635.25;6636.25;6633.5;6635;1526
20260324 163000;6634.75;6635.75;6633.5;6635;1413
20260324 163100;6635;6636.75;6632.5;6632.75;1865
20260324 163200;6633;6635.75;6632.5;6634.5;1529
20260324 163300;6634.75;6635.5;6632.25;6634.5;1160
20260324 163400;6634.5;6634.75;6630.75;6631.25;1296
20260324 163500;6631.25;6632.5;6629.25;6629.5;2385
20260324 163600;6629.75;6630.25;6621.75;6623.75;4846
20260324 163700;6623.5;6626;6622.5;6623.5;2572
20260324 163800;6623.5;6625.25;6619;6619.25;2763
20260324 163900;6619.5;6621.25;6616.25;6620;4501
20260324 164000;6620;6620;6615.75;6616.75;2605
20260324 164100;6616.75;6619.5;6615.5;6617.75;3139
20260324 164200;6618;6621;6616.5;6620;2540
20260324 164300;6620;6622.5;6619.5;6621.75;2553
20260324 164400;6621.75;6626.75;6620.75;6626;3317
20260324 164500;6625.75;6627.75;6624.25;6627.5;1991
20260324 164600;6627.75;6633;6627;6631.5;4111
20260324 164700;6631.5;6632.75;6627.5;6629.75;2621
20260324 164800;6629.75;6630.25;6627.75;6629.25;1868
20260324 164900;6629.25;6629.5;6625;6625.25;2202
20260324 165000;6625.25;6626.75;6624.5;6626;1828
20260324 165100;6625.75;6629.5;6625;6627.75;2378
20260324 165200;6627.75;6630.25;6627.5;6629.25;1792
20260324 165300;6629;6631.5;6629;6630.75;1758
20260324 165400;6631;6631;6627.25;6629;1801
20260324 165500;6629;6629.25;6625.75;6626;1509
20260324 165600;6626.25;6627.25;6619.25;6622.25;6602
20260324 165700;6622;6629;6621.75;6627.5;2914
20260324 165800;6627.75;6629.25;6623.5;6623.75;2176
20260324 165900;6624;6627;6624;6626;1178
20260324 170000;6626;6627.25;6625;6626.75;694
20260324 170100;6626.5;6629.25;6626.5;6628.5;1130
20260324 170200;6628.5;6629;6627.5;6628;677
20260324 170300;6628.25;6628.25;6621.75;6623;2599
20260324 170400;6623;6623.75;6614.75;6615.5;3780
20260324 170500;6615.5;6616.75;6610.25;6610.75;4941
20260324 170600;6610.75;6610.75;6601.75;6603.5;9949
20260324 170700;6603.75;6612.5;6603.5;6608.25;6514
20260324 170800;6608;6611.25;6606;6608.75;3951
20260324 170900;6608.75;6610.75;6606.5;6607.25;2762
20260324 171000;6607.5;6609.75;6603.75;6605;3321
20260324 171100;6605;6605.75;6600.5;6604.25;4752
20260324 171200;6604.25;6608.75;6604.25;6606;3455
20260324 171300;6605.75;6607.5;6600.25;6601;2649
20260324 171400;6601;6606;6600;6604.75;3485
20260324 171500;6604.75;6605.5;6602.25;6604;1929
20260324 171600;6604;6607.25;6603.5;6604.75;2705
20260324 171700;6604.75;6605.25;6601;6603.25;2039
20260324 171800;6603.25;6606.5;6601;6601;2240
20260324 171900;6601.25;6604.75;6600.75;6602;2345
20260324 172000;6602;6605.5;6601.75;6602.75;2160
20260324 172100;6603;6607.25;6601.25;6605.5;2651
20260324 172200;6605.25;6607.75;6605;6605.5;2495
20260324 172300;6605.5;6607;6604;6605.5;1778
20260324 172400;6605.25;6608.25;6605.25;6607.25;1990
20260324 172500;6607.25;6608.5;6605;6605.75;1926
20260324 172600;6605.75;6606.5;6604.25;6605.25;1488
20260324 172700;6605.25;6607;6603.25;6604.75;1500
20260324 172800;6604.5;6608;6604.5;6605.25;1619
20260324 172900;6605.25;6609.5;6605.25;6609.5;1551
20260324 173000;6609.25;6610;6607;6609;1683
20260324 173100;6608.75;6615.75;6608.5;6613.25;4901
20260324 173200;6613.25;6615.5;6612.5;6614.75;2436
20260324 173300;6615;6615;6610.25;6610.75;2175
20260324 173400;6611;6611.25;6604.75;6606;3355
20260324 173500;6606;6607.5;6603.75;6604.25;1956
20260324 173600;6604.5;6606;6602;6604.75;2306
20260324 173700;6604.75;6606.5;6603.75;6604.5;1588
20260324 173800;6604.75;6609;6603.5;6608.5;1930
20260324 173900;6608.75;6610.25;6606;6606.25;1865
20260324 174000;6606.5;6609;6606;6608.75;1033
20260324 174100;6609;6612.25;6608.25;6608.5;2423
20260324 174200;6609;6609;6604.75;6607.5;2399
20260324 174300;6607.75;6607.75;6599.5;6602.25;3069
20260324 174400;6602.5;6604.25;6601.5;6601.75;1264
20260324 174500;6601.75;6602.5;6599.25;6601;2068
20260324 174600;6600.75;6602;6598.75;6600.75;2180
20260324 174700;6600.5;6603;6600;6601.5;1820
20260324 174800;6601.75;6603;6601.25;6602.75;1131
20260324 174900;6602.5;6605;6601.5;6604;1822
20260324 175000;6604;6606;6603.25;6603.25;1787
20260324 175100;6603.25;6604;6601.75;6603.5;1082
20260324 175200;6603.75;6605.25;6602.75;6603.5;1291
20260324 175300;6603.5;6613.5;6602.75;6605.25;7354
20260324 175400;6605.25;6605.5;6602.25;6605;2526
20260324 175500;6605;6608.25;6603;6606.25;1896
20260324 175600;6606.5;6618.5;6604.5;6612;11896
20260324 175700;6612;6618.75;6610.5;6613.25;7142
20260324 175800;6613.25;6616.5;6609.75;6613.5;5473
20260324 175900;6613.5;6618.5;6612.5;6617.75;4943
20260324 180000;6617.75;6618.25;6613;6618.25;2997
20260324 180100;6618.25;6625.5;6617.25;6621.25;6478
20260324 180200;6621;6621.25;6615;6618;4398
20260324 180300;6618;6619.75;6614.75;6619.25;2824
20260324 180400;6619;6619.5;6615.25;6617.5;2051
20260324 180500;6617.5;6619.75;6615.25;6618.25;1945
20260324 180600;6618;6619.5;6616.25;6618.5;1941
20260324 180700;6618.5;6619.25;6616.25;6617.5;1453
20260324 180800;6617.25;6618.5;6614.25;6618.5;1769
20260324 180900;6618.5;6619;6612.5;6614.75;2948
20260324 181000;6614.5;6615.25;6612.5;6613;1808
20260324 181100;6613;6614.75;6611.25;6611.75;2008
20260324 181200;6612;6615.5;6611;6615.5;1831
20260324 181300;6615.5;6615.75;6613.5;6614.5;990
20260324 181400;6614.25;6615;6612.25;6612.75;1537
20260324 181500;6613;6615.25;6612;6613.25;1320
20260324 181600;6613.5;6613.75;6609.75;6611.5;2343
20260324 181700;6611.25;6611.75;6608.75;6611.5;2065
20260324 181800;6611.5;6612.75;6607.75;6609.25;2440
20260324 181900;6609.25;6610;6607;6610;1709
20260324 182000;6610.25;6617.75;6610;6615.75;7348
20260324 182100;6616;6619.25;6613.5;6615.5;3817
20260324 182200;6615.5;6617;6613.75;6616.25;1855
20260324 182300;6616.25;6616.5;6612.25;6613.25;1915
20260324 182400;6613.5;6616.25;6613.5;6614;1313
20260324 182500;6614;6617;6613.75;6616.5;1156
20260324 182600;6616.5;6620.25;6615.5;6619;2055
20260324 182700;6619.25;6620.75;6618.5;6620.25;1961
20260324 182800;6620.25;6624.25;6619;6624;3356
20260324 182900;6624;6624;6617.25;6619;3346
20260324 183000;6619.25;6622.5;6617;6621.25;2445
20260324 183100;6621.25;6622;6618.25;6619.75;2027
20260324 183200;6619.75;6627.5;6618.5;6627.5;4052
20260324 183300;6627.25;6631.75;6626.5;6628.5;4782
20260324 183400;6628.5;6629;6624.25;6626.25;3150
20260324 183500;6626.25;6628;6624.5;6625.25;2545
20260324 183600;6625;6629.75;6624.75;6629.5;1815
20260324 183700;6629.25;6629.25;6626.25;6629.25;1570
20260324 183800;6629;6630.75;6627.75;6629.75;1778
20260324 183900;6629.5;6636.75;6629;6636.5;5086
20260324 184000;6636.5;6641.75;6633.5;6640.75;7619
20260324 184100;6640.75;6641;6637.75;6639.5;3935
20260324 184200;6639.5;6639.5;6627.5;6629;6111
20260324 184300;6629;6630.25;6623;6627.75;7211
20260324 184400;6627.75;6629;6624.5;6627.25;3102
20260324 184500;6627;6629.5;6627;6628.5;1939
20260324 184600;6628.5;6629.75;6625.75;6626.5;1981
20260324 184700;6626.75;6627.75;6624.25;6626.75;2354
20260324 184800;6626.75;6628;6623.75;6624.5;1824
20260324 184900;6624.5;6627;6623.5;6624.25;1592
20260324 185000;6624.25;6626;6622.75;6625.25;1589
20260324 185100;6625.25;6627.25;6625;6625.75;1478
20260324 185200;6625.75;6628;6625;6627.25;1335
20260324 185300;6627.25;6629.5;6625.5;6629;1388
20260324 185400;6629;6633;6627.5;6627.75;3894
20260324 185500;6627.5;6628;6625;6628;2445
20260324 185600;6627.75;6627.75;6624;6624.25;2273
20260324 185700;6624.25;6624.75;6619.5;6622.75;4124
20260324 185800;6622.75;6624;6621.25;6622;1980
20260324 185900;6622;6625.75;6621.25;6623;1798
20260324 190000;6623.25;6625;6622.75;6624;1409
20260324 190100;6623.75;6629;6623.25;6629;3382
20260324 190200;6629;6631.5;6628;6628.5;3134
20260324 190300;6628.5;6629.5;6627.25;6627.25;1694
20260324 190400;6627.25;6629.75;6626.5;6628;1346
20260324 190500;6628;6628.75;6626.25;6626.75;1196
20260324 190600;6626.75;6627.5;6624.5;6627.5;2065
20260324 190700;6627.25;6628;6625.75;6627.25;945
20260324 190800;6627;6627.75;6625.25;6625.25;801
20260324 190900;6625.5;6626.5;6623.5;6626.5;1482
20260324 191000;6626.5;6629.5;6626;6628.5;1770
20260324 191100;6628.5;6629.5;6627.5;6628.25;893
20260324 191200;6628.25;6631.25;6628;6629.5;1938
20260324 191300;6629.5;6630.75;6628.5;6629.5;987
20260324 191400;6629.75;6630.75;6628.5;6630;905
20260324 191500;6630;6632.25;6629.25;6632;1648
20260324 191600;6632;6632.25;6630.5;6631;1528
20260324 191700;6631;6631;6628.25;6629.75;1552
20260324 191800;6629.75;6630;6627;6627.25;1637
20260324 191900;6627.25;6628.5;6624.75;6626.25;1980
20260324 192000;6626.5;6629;6626.25;6627.75;1399
20260324 192100;6627.75;6628.75;6625.5;6627;1187
20260324 192200;6626.75;6627.25;6624.25;6626;1401
20260324 192300;6626;6627.25;6625;6625.5;1144
20260324 192400;6625.5;6625.5;6622.75;6625;3021
20260324 192500;6625;6627;6623.25;6626;2530
20260324 192600;6625.75;6627.25;6624.25;6624.5;1163
20260324 192700;6624.5;6625.25;6619.75;6623;2765
20260324 192800;6623.25;6624.5;6621.5;6621.75;1279
20260324 192900;6621.75;6622.25;6618.25;6619;2516
20260324 193000;6619.25;6621;6619;6619.5;1575
20260324 193100;6619.5;6620.25;6614.75;6620;4438
20260324 193200;6620.25;6624.5;6619;6619.75;3541
20260324 193300;6620;6622;6617.5;6618.25;1760
20260324 193400;6618.25;6618.75;6616.5;6618.75;1229
20260324 193500;6618.75;6618.75;6615.25;6616;1880
20260324 193600;6616;6616.25;6610.75;6612;3182
20260324 193700;6612;6615.5;6610.75;6613.75;2962
20260324 193800;6614;6616.25;6613.25;6615.25;1849
20260324 193900;6615.25;6616.25;6614;6614.5;1158
20260324 194000;6614.5;6614.75;6613.5;6614.75;1215
20260324 194100;6614.5;6615.5;6614;6614.25;1099
20260324 194200;6614.5;6616.75;6613.5;6615;1700
20260324 194300;6615;6617.75;6614.25;6617.25;1704
20260324 194400;6617.5;6618.25;6614.75;6615;1427
20260324 194500;6615;6615.75;6612.75;6613.25;1711
20260324 194600;6613.25;6613.75;6610;6610.25;2510
20260324 194700;6610.25;6610.5;6606.5;6608.5;3125
20260324 194800;6608.75;6611.25;6608.5;6608.5;1793
20260324 194900;6608.75;6610.25;6608.25;6609.5;1454
20260324 195000;6609.5;6611.5;6609;6610.5;1539
20260324 195100;6610.5;6611.75;6606.75;6608;2542
20260324 195200;6608;6610.5;6603.75;6605.75;2976
20260324 195300;6605.5;6606.5;6603.75;6604.75;2062
20260324 195400;6604.75;6606;6603.25;6603.5;1766
20260324 195500;6603.25;6604.5;6602.5;6603.75;2273
20260324 195600;6603.75;6605;6600.5;6602.75;3485
20260324 195700;6602.5;6604.25;6601.75;6603.25;1826
20260324 195800;6603.5;6603.5;6600.25;6601.5;1966
20260324 195900;6601.5;6604;6601.5;6602.75;1738
20260324 200000;6603;6608.25;6601.25;6607;9640
20260324 200100;6607;6609;6605.5;6608;3473
20260324 200200;6607.75;6609.5;6606.75;6608.25;1180
20260324 200300;6608.25;6609.25;6608;6608.25;700
20260324 200400;6608.5;6608.75;6607;6608;611
20260324 200500;6607.75;6609;6606.5;6608.5;553
20260324 200600;6608.5;6610.25;6608.25;6608.5;651
20260324 200700;6608.25;6608.25;6606.75;6607.5;464
20260324 200800;6607.25;6609.25;6607.25;6607.5;302
20260324 200900;6607.75;6608.25;6606.75;6607.5;377
20260324 201000;6607.5;6608;6606.25;6607.5;579
20260324 201100;6607.5;6608.25;6606.5;6608.25;354
20260324 201200;6608;6608.75;6607;6607.75;564
20260324 201300;6608;6609.25;6607.75;6608.75;274
20260324 201400;6608.75;6610.25;6608.75;6609.75;438
20260324 201500;6609.75;6611;6609.25;6610.5;454
20260324 201600;6610.5;6611.75;6610.25;6611;606
20260324 201700;6611;6611;6608.75;6609.25;440
20260324 201800;6609.25;6610;6608.75;6609.75;123
20260324 201900;6609.75;6610;6609;6609;391
20260324 202000;6609.25;6615.25;6608;6615.25;2899
20260324 202100;6615;6645.75;6615;6644.5;10728
20260324 202200;6644.25;6650.5;6637.25;6640.75;7615
20260324 202300;6641.25;6667.75;6638.5;6659;12950
20260324 202400;6659.25;6662.75;6651;6658.5;5752
20260324 202500;6658.25;6667;6654;6665.5;4866
20260324 202600;6665.75;6671;6660;6662.75;7038
20260324 202700;6662.75;6679.25;6662.25;6677.5;6234
20260324 202800;6677.75;6679;6656.25;6660;5307
20260324 202900;6660.25;6660.25;6648.5;6648.5;4566
20260324 203000;6648.75;6653.5;6642.75;6649.5;3450
20260324 203100;6649.25;6655.25;6647.5;6648.25;2683
20260324 203200;6648.25;6653.25;6647;6648.5;2310
20260324 203300;6648.25;6654.25;6646.5;6652.75;1909
20260324 203400;6652.75;6657;6652.5;6656;1969
20260324 203500;6655.75;6658.25;6651.75;6654.5;1738
20260324 203600;6654.25;6661.25;6653.5;6659.75;1996
20260324 203700;6659.5;6668.5;6658.25;6666;2364
20260324 203800;6666.25;6666.5;6662;6664.75;1685
20260324 203900;6664.75;6668.5;6664;6665.5;1599
20260324 204000;6665.5;6677.25;6658.75;6674;5376
20260324 204100;6674;6674.25;6656.25;6659.75;3178
20260324 204200;6659.5;6660;6650.5;6654.25;1821
20260324 204300;6653.75;6654.75;6645.25;6650.5;2047
20260324 204400;6650.5;6650.75;6643.25;6647.5;1813
20260324 204500;6647.25;6653.25;6646.75;6652.25;1180
20260324 204600;6652.5;6658;6651;6653.5;1586
20260324 204700;6653.25;6655;6640.25;6644.25;2091
20260324 204800;6644.5;6645.75;6639;6645;1565
20260324 204900;6645.25;6649.5;6645;6648.75;866
20260324 205000;6649;6653.5;6648;6651.75;908
20260324 205100;6651.75;6652.25;6647.25;6648;1114
20260324 205200;6647.75;6653.75;6647.25;6651.25;470
20260324 205300;6651.5;6653.25;6649.75;6650.5;511
20260324 205400;6650.25;6650.75;6646.5;6648.5;545
20260324 205500;6648.5;6649.75;6643.75;6646.5;586
20260324 205600;6646.25;6652.25;6646;6649.5;811
20260324 205700;6649.25;6650.75;6648;6648;480
20260324 205800;6648.25;6651.5;6647.75;6650;392
20260324 205900;6649.25;6651.5;6647.25;6648;465
20260324 210000;6647.75;6649.5;6644.25;6647.25;585
20260324 220100;6647.25;6657.5;6647.25;6652.5;1502
20260324 220200;6652;6654.75;6651.75;6652.75;519
20260324 220300;6652.75;6655.25;6652.25;6654.25;558
20260324 220400;6654.25;6654.75;6651.5;6653;561
20260324 220500;6652.5;6656.5;6652.5;6656;571
20260324 220600;6655.75;6657.5;6654.25;6657;801
20260324 220700;6657;6658.75;6656;6658.25;752
20260324 220800;6658.25;6660.5;6657.5;6659.5;808
20260324 220900;6659.5;6660.5;6656.25;6658.75;665
20260324 221000;6658.75;6659.25;6656.25;6657;589
20260324 221100;6657.5;6659.25;6656.5;6656.5;543
20260324 221200;6656.75;6656.75;6654;6654;824
20260324 221300;6654;6655.75;6653;6654.25;589
20260324 221400;6654.25;6655.75;6653.75;6655;283
20260324 221500;6655;6655;6652;6652.25;571
20260324 221600;6652.25;6652.5;6648.5;6649;933
20260324 221700;6649;6651.5;6648.5;6649.75;646
20260324 221800;6649.75;6649.75;6645.75;6649.25;1294
20260324 221900;6649.25;6650.75;6648.5;6650.5;861
20260324 222000;6650;6652.75;6650;6652.5;489
20260324 222100;6652.25;6652.5;6650;6650.5;373
20260324 222200;6650.25;6652.25;6649.5;6649.5;408
20260324 222300;6649.5;6651;6647.75;6648.25;753
20260324 222400;6648.25;6649;6647.75;6648.25;300
20260324 222500;6648;6648.25;6646;6646.75;456
20260324 222600;6646.5;6646.5;6641.75;6644.25;1160
20260324 222700;6644.25;6644.75;6642.5;6644.75;526
20260324 222800;6644.75;6646.75;6643.5;6645.5;479
20260324 222900;6645.5;6648.75;6645.25;6645.25;705
20260324 223000;6645.25;6647.25;6645.25;6647;279
20260324 223100;6647;6650;6647;6649.5;473
20260324 223200;6649.5;6650.75;6648.5;6649.75;384
20260324 223300;6649.5;6650;6648.75;6649;239
20260324 223400;6649;6651.5;6649;6651;335
20260324 223500;6650.75;6650.75;6649;6650.25;272
20260324 223600;6650.25;6650.75;6649.75;6650.75;180
20260324 223700;6650.75;6651;6649.75;6650.5;295
20260324 223800;6650.5;6653.5;6650.25;6652;842
20260324 223900;6652;6653.25;6651.75;6651.75;294
20260324 224000;6652;6652;6649.5;6649.5;472
20260324 224100;6649.75;6651.25;6649.75;6650.25;248
20260324 224200;6650.25;6650.5;6649;6649.75;412
20260324 224300;6649.75;6651.5;6649.5;6651;307
20260324 224400;6650.75;6652.5;6650.75;6652;239
20260324 224500;6652;6654;6651.75;6653.75;416
20260324 224600;6653.75;6655.25;6653.25;6654;564
20260324 224700;6654.5;6654.5;6652.25;6652.5;178
20260324 224800;6652.25;6654;6652.25;6653;258
20260324 224900;6653;6653;6651.75;6652.25;174
20260324 225000;6652.25;6653;6652;6652.5;129
20260324 225100;6652.5;6653.25;6652.5;6653;174
20260324 225200;6653;6653.25;6652.5;6652.75;80
20260324 225300;6652.75;6652.75;6651.25;6651.25;189
20260324 225400;6651.5;6652.25;6651.25;6652;122
20260324 225500;6652.5;6653.5;6652.5;6652.75;176
20260324 225600;6653;6653.75;6652.75;6653.5;154
20260324 225700;6653.5;6653.75;6652.25;6652.75;153
20260324 225800;6652.75;6653.25;6652.25;6653;185
20260324 225900;6653.25;6655.5;6653.25;6654.25;400
20260324 230000;6654.75;6655.25;6654.75;6655.25;161
20260324 230100;6655.25;6656;6654.5;6655.25;374
20260324 230200;6655.25;6655.25;6652.5;6652.75;508
20260324 230300;6652.75;6652.75;6649.5;6650.5;605
20260324 230400;6650.5;6651;6649.25;6649.5;419
20260324 230500;6649.5;6650.5;6648.5;6649.5;614
20260324 230600;6649.25;6651;6649;6650.75;363
20260324 230700;6650.5;6652.25;6650;6651.75;604
20260324 230800;6651.25;6651.75;6649;6649.75;580
20260324 230900;6649.75;6651.25;6649.5;6650;428
20260324 231000;6650.25;6651;6649.75;6650.5;280
20260324 231100;6650.5;6654;6650.5;6653.5;447
20260324 231200;6653.25;6654;6653;6653.25;240
20260324 231300;6653.25;6653.5;6651.25;6651.75;312
20260324 231400;6652;6652.5;6651.25;6652;214
20260324 231500;6652;6653;6651.5;6651.75;387
20260324 231600;6652;6653.25;6651.75;6652.25;294
20260324 231700;6652.5;6654.25;6651.75;6654;263
20260324 231800;6654;6654.25;6652.75;6654.25;202
20260324 231900;6654;6654.5;6653;6653.5;202
20260324 232000;6653.75;6654.75;6653.5;6654.5;188
20260324 232100;6654;6655.25;6654;6654.5;415
20260324 232200;6654.5;6656.75;6654;6656.75;408
20260324 232300;6656.25;6657.25;6655;6655.75;551
20260324 232400;6655.5;6657.75;6655.5;6657.5;297
20260324 232500;6657.5;6658.25;6657;6658.25;512
20260324 232600;6658;6659;6657.75;6658;427
20260324 232700;6657.75;6658.75;6657.75;6658.25;227
20260324 232800;6658;6658.75;6657.75;6658.75;280
20260324 232900;6658.75;6658.75;6657;6657.75;285
20260324 233000;6657.5;6657.5;6655.5;6655.75;617
20260324 233100;6656;6657.25;6656;6656.25;277
20260324 233200;6656.25;6656.5;6655.5;6655.75;190
20260324 233300;6656;6656.75;6655.25;6655.75;192
20260324 233400;6655.75;6656.25;6653.75;6655.75;436
20260324 233500;6655.75;6655.75;6654.75;6655.25;221
20260324 233600;6655.25;6655.25;6653.5;6655;284
20260324 233700;6655;6655.25;6654.25;6654.25;127
20260324 233800;6654.5;6656.75;6654.5;6656.25;289
20260324 233900;6656.25;6657.5;6655;6655.5;384
20260324 234000;6655.75;6656.25;6655;6656;101
20260324 234100;6655.75;6656;6654.25;6654.25;164
20260324 234200;6654.25;6654.75;6651.5;6652.5;837
20260324 234300;6652.5;6652.75;6651.25;6652.5;542
20260324 234400;6652.5;6652.5;6651;6652;255
20260324 234500;6652;6653;6651.5;6651.75;294
20260324 234600;6651.75;6652.25;6650.75;6651.5;314
20260324 234700;6651.5;6652.5;6650.5;6651.25;211
20260324 234800;6651.25;6651.5;6650.5;6651.25;138
20260324 234900;6651;6652.25;6651;6652.25;116
20260324 235000;6652.25;6652.5;6651.25;6652;123
20260324 235100;6652.25;6652.5;6651;6651.5;180
20260324 235200;6651.75;6652.5;6651.5;6652.5;124
20260324 235300;6652.25;6652.5;6650.5;6650.75;118
20260324 235400;6650.5;6652.75;6650.25;6652.5;326
20260324 235500;6652.5;6653.5;6651.25;6651.5;279
20260324 235600;6652;6652.25;6651.25;6651.5;117
20260324 235700;6651.5;6652.25;6651.25;6652;110
20260324 235800;6652;6652.5;6651.25;6652.25;105
20260324 235900;6652;6652.25;6651.25;6652;107
20260325 000000;6651.75;6651.75;6650.5;6651;299
20260325 000100;6651.25;6653;6649.25;6649.75;536
20260325 000200;6649.75;6651;6646.5;6647;847
20260325 000300;6647;6649.25;6647;6648;930
20260325 000400;6647.5;6648.5;6646.5;6647.5;554
20260325 000500;6647.25;6650.5;6645.75;6650;605
20260325 000600;6650;6651.25;6648.5;6649.5;668
20260325 000700;6649.25;6652;6648.25;6651.5;425
20260325 000800;6651.75;6652.25;6648.5;6649.25;461
20260325 000900;6649.25;6651.75;6649;6650.25;378
20260325 001000;6650.25;6651.25;6648.75;6651.25;343
20260325 001100;6651.5;6654;6650.75;6653.5;495
20260325 001200;6653.5;6659.5;6653.5;6657.25;1423
20260325 001300;6657.25;6659.25;6655.5;6658.5;713
20260325 001400;6658.25;6658.5;6656.25;6658.25;411
20260325 001500;6658;6660.75;6658;6658.5;876
20260325 001600;6658.25;6660.5;6658.25;6659.75;607
20260325 001700;6659.5;6660.25;6658;6658.25;496
20260325 001800;6658.25;6658.25;6655.25;6655.25;814
20260325 001900;6655.25;6656.25;6654.5;6655.75;409
20260325 002000;6655.75;6656;6654;6654.25;346
20260325 002100;6654.5;6656.75;6653.25;6653.75;655
20260325 002200;6653.75;6653.75;6650.5;6650.75;574
20260325 002300;6651;6652.25;6651;6651.75;367
20260325 002400;6652;6655.5;6651.5;6655;466
20260325 002500;6654.75;6655;6653.25;6653.75;260
20260325 002600;6654;6655.5;6653.5;6654.75;292
20260325 002700;6655.25;6655.75;6654.5;6654.75;229
20260325 002800;6655;6656.5;6654.25;6656.5;326
20260325 002900;6656.25;6656.25;6655;6655.5;236
20260325 003000;6655.5;6656.25;6653.5;6653.75;313
20260325 003100;6654;6655.25;6644.25;6651.25;3271
20260325 003200;6651.25;6658.25;6651.25;6657.75;1226
20260325 003300;6657.5;6661.5;6656.5;6660.75;994
20260325 003400;6660.75;6662;6659.75;6661;572
20260325 003500;6661;6664;6661;6663.25;691
20260325 003600;6663.5;6665;6662.5;6664.5;723
20260325 003700;6664.75;6665.75;6664.25;6664.75;615
20260325 003800;6665;6666.5;6664.75;6665;514
20260325 003900;6665;6669;6664.25;6668.25;896
20260325 004000;6668.25;6671.5;6667.75;6668.5;1173
20260325 004100;6668.5;6668.75;6666.75;6667.25;741
20260325 004200;6667.25;6667.75;6666.25;6667;504
20260325 004300;6667;6668.75;6666.75;6668.25;448
20260325 004400;6668.25;6669.5;6667.5;6669.5;452
20260325 004500;6669.25;6669.5;6666;6666;422
20260325 004600;6666.5;6667.5;6666;6667;354
20260325 004700;6666.75;6667.25;6666.25;6666.5;196
20260325 004800;6666.75;6667;6664.25;6665;517
20260325 004900;6664.75;6665;6662.75;6664.25;772
20260325 005000;6664.5;6664.5;6662.5;6662.75;407
20260325 005100;6663;6663.5;6661.75;6663.25;369
20260325 005200;6662.75;6663.25;6661;6661;402
20260325 005300;6661;6663;6661;6662.75;334
20260325 005400;6662.5;6664.75;6662.5;6664.75;551
20260325 005500;6664.25;6666;6664;6664.75;608
20260325 005600;6665;6666.5;6665;6665.5;284
20260325 005700;6665.25;6665.5;6664.25;6664.25;161
20260325 005800;6664.5;6665.5;6664.25;6665.25;154
20260325 005900;6665.25;6665.25;6663.25;6663.25;255
20260325 010000;6663.5;6663.75;6660.75;6660.75;438
20260325 010100;6660.75;6665;6660.75;6662.25;667
20260325 010200;6662.25;6663.25;6660.25;6662;497
20260325 010300;6661.75;6663;6661;6662.25;329
20260325 010400;6662;6663.75;6660.75;6663.75;416
20260325 010500;6663.25;6663.75;6662;6663;183
20260325 010600;6662.5;6664.75;6662.5;6664;298
20260325 010700;6664.25;6664.25;6659.25;6659.25;606
20260325 010800;6659.5;6660.75;6658.5;6659.5;524
20260325 010900;6659.75;6661.25;6659.5;6660;223
20260325 011000;6659.75;6660.75;6659;6660.5;276
20260325 011100;6660.75;6662;6660.25;6662;204
20260325 011200;6662;6663.5;6661.5;6663;471
20260325 011300;6662.5;6662.5;6660.5;6661.5;286
20260325 011400;6661.25;6661.25;6658.25;6659.25;369
20260325 011500;6659;6659.75;6657.25;6658.75;429
20260325 011600;6658.75;6659.75;6656.25;6657.25;458
20260325 011700;6657.25;6658.5;6656.75;6658.25;337
20260325 011800;6658.25;6658.25;6656.75;6658;188
20260325 011900;6658.25;6660;6657.75;6658;394
20260325 012000;6658;6659;6657.75;6658.75;241
20260325 012100;6658.75;6661.75;6658.75;6661.75;449
20260325 012200;6661.75;6664;6660.75;6663.5;541
20260325 012300;6663.5;6664.5;6662.75;6663.75;580
20260325 012400;6663.75;6664.75;6663;6664;205
20260325 012500;6664.25;6664.25;6662.5;6663.75;203
20260325 012600;6663.5;6663.75;6661.25;6661.5;324
20260325 012700;6661.25;6662.75;6661;6662.25;238
20260325 012800;6662.25;6663;6661.75;6662.5;145
20260325 012900;6662.5;6663.25;6661.75;6662.25;167
20260325 013000;6662.25;6662.25;6659.5;6660.5;343
20260325 013100;6660.5;6660.5;6658.25;6658.75;418
20260325 013200;6658.25;6659.25;6656.75;6658.25;493
20260325 013300;6658.75;6659.25;6657.5;6657.75;234
20260325 013400;6657.75;6658;6656.75;6657.25;243
20260325 013500;6657.5;6660.25;6657.25;6660.25;222
20260325 013600;6660.25;6661.5;6659;6661.5;336
20260325 013700;6661;6662;6660.5;6662;155
20260325 013800;6662;6662.25;6658.25;6658.75;366
20260325 013900;6658.75;6660;6658;6659.5;261
20260325 014000;6659.25;6660.25;6658.75;6659;135
20260325 014100;6659.25;6659.5;6658;6658.5;237
20260325 014200;6658.5;6658.5;6653;6656;1230
20260325 014300;6656.25;6662;6656.25;6660.75;856
20260325 014400;6661;6662.75;6660.25;6661.5;460
20260325 014500;6661.25;6661.25;6656.25;6656.75;349
20260325 014600;6656.25;6658.75;6656;6658.25;411
20260325 014700;6658;6658.5;6656.5;6658;257
20260325 014800;6657.75;6658;6656.75;6657;214
20260325 014900;6657.25;6658.25;6656.25;6657;186
20260325 015000;6656.75;6657.25;6656.25;6656.5;142
20260325 015100;6656.75;6658.75;6656.75;6657.25;260
20260325 015200;6657.25;6658.5;6656.75;6657;146
20260325 015300;6657;6657.25;6656;6657.25;236
20260325 015400;6657.25;6658.25;6657;6657.75;110
20260325 015500;6657.75;6658.25;6656.5;6658.25;195
20260325 015600;6658;6659.75;6657.75;6659.25;272
20260325 015700;6659.25;6659.25;6657.75;6658.25;183
20260325 015800;6658;6658.25;6656;6656.25;254
20260325 015900;6656.25;6656.75;6656;6656.5;112
20260325 020000;6656.25;6656.5;6651;6652.25;791
20260325 020100;6652.5;6653.25;6647.25;6647.75;1245
20260325 020200;6648;6651.25;6646.5;6650.75;1207
20260325 020300;6650.75;6651.75;6650;6651.5;437
20260325 020400;6651.5;6653;6651.25;6652.5;361
20260325 020500;6652.25;6652.75;6651.25;6652;201
20260325 020600;6652.25;6652.25;6647.75;6648.25;656
20260325 020700;6648.5;6650.75;6648.25;6650.5;300
20260325 020800;6650.25;6651.5;6650.25;6651.25;160
20260325 020900;6651;6651.25;6648.25;6648.75;281
20260325 021000;6648.5;6649.5;6645;6645.75;681
20260325 021100;6645.5;6648;6645.5;6646;469
20260325 021200;6645.75;6646.75;6643.5;6643.75;575
20260325 021300;6643.5;6645;6643;6644.75;484
20260325 021400;6644.75;6645.5;6642.5;6643.75;475
20260325 021500;6643.75;6644.75;6643.25;6643.5;450
20260325 021600;6643.5;6644.25;6643;6644.25;283
20260325 021700;6644.5;6645;6643.5;6644.25;352
20260325 021800;6644.25;6645;6643.75;6645;215
20260325 021900;6645;6646.25;6644.25;6645.5;374
20260325 022000;6645.5;6647.5;6645;6645.25;472
20260325 022100;6645.5;6646.25;6644.5;6645.25;278
20260325 022200;6645.25;6646.25;6644.75;6645.75;158
20260325 022300;6646;6647.5;6646;6647;283
20260325 022400;6646.5;6646.75;6643.5;6645.25;500
20260325 022500;6645.5;6646;6644.75;6645;130
20260325 022600;6645;6646.5;6645;6646.5;145
20260325 022700;6646.5;6647;6645.5;6646;174
20260325 022800;6646.25;6648;6646;6647;288
20260325 022900;6647.25;6648;6646.5;6647;323
20260325 023000;6647;6647.75;6646.5;6646.5;129
20260325 023100;6646.5;6647.5;6646;6647;136
20260325 023200;6647.25;6647.25;6645.25;6647.25;316
20260325 023300;6647.25;6648;6647;6647;160
20260325 023400;6647;6648.25;6646.75;6648;127
20260325 023500;6647.75;6648;6646.25;6648;152
20260325 023600;6648;6648.25;6645.5;6646;221
20260325 023700;6646.25;6646.5;6645.5;6646.25;195
20260325 023800;6646.25;6647.75;6645;6647.25;307
20260325 023900;6647;6647.25;6646;6646.5;104
20260325 024000;6646.5;6646.75;6644.25;6644.75;409
20260325 024100;6644.75;6645;6643.5;6644.25;288
20260325 024200;6644.5;6644.75;6643.5;6644.25;105
20260325 024300;6644;6646.25;6644;6646.25;225
20260325 024400;6646;6646;6644.25;6644.75;155
20260325 024500;6644.25;6644.75;6643.5;6644.25;133
20260325 024600;6644.25;6646.5;6643.75;6646.5;138
20260325 024700;6646.25;6646.5;6643.75;6643.75;131
20260325 024800;6644.25;6644.75;6643.5;6644.5;180
20260325 024900;6644.5;6645.5;6644;6644.25;113
20260325 025000;6644.25;6644.25;6642;6643.25;539
20260325 025100;6643.5;6644.75;6643.25;6644;151
20260325 025200;6644;6644;6642.5;6643;154
20260325 025300;6643;6643.5;6641.25;6641.5;284
20260325 025400;6641.75;6643;6641.25;6643;328
20260325 025500;6643;6643;6641.75;6641.75;222
20260325 025600;6641.75;6642.25;6640.25;6641;405
20260325 025700;6641.25;6642.5;6640.5;6641.75;290
20260325 025800;6642;6642.5;6640.75;6641;174
20260325 025900;6641;6641;6638.25;6638.5;817
20260325 030000;6638.5;6640;6638.5;6638.75;442
20260325 030100;6638.75;6640.75;6638.75;6640.25;353
20260325 030200;6640.25;6641.5;6639.5;6639.75;224
20260325 030300;6639.75;6640;6638.75;6639.5;234
20260325 030400;6639.5;6640.5;6638.75;6640.25;187
20260325 030500;6640.5;6641.25;6639.75;6641.25;195
20260325 030600;6641.25;6641.25;6640.25;6641.25;208
20260325 030700;6641.25;6643.25;6641;6642.75;486
20260325 030800;6642.75;6643.25;6642;6642.5;185
20260325 030900;6642.5;6643;6640.75;6642.5;385
20260325 031000;6642.25;6642.5;6640.25;6640.25;191
20260325 031100;6640.25;6641.5;6639.75;6641.25;218
20260325 031200;6641;6641.25;6639;6640.25;240
20260325 031300;6640.5;6640.5;6636.5;6637;770
20260325 031400;6637;6637.5;6636.25;6636.75;318
20260325 031500;6636.75;6637.5;6636.25;6637;244
20260325 031600;6637;6637.25;6634.5;6635.75;601
20260325 031700;6635.75;6637.5;6634.25;6637;457
20260325 031800;6637;6637.75;6636.5;6636.5;291
20260325 031900;6636.25;6639.25;6636.25;6638.5;375
20260325 032000;6638.75;6638.75;6637.75;6638;205
20260325 032100;6637.75;6639;6637.5;6638;128
20260325 032200;6638;6638.75;6637.25;6637.75;198
20260325 032300;6637.75;6638.75;6637.25;6638;161
20260325 032400;6638;6638.75;6637.75;6638.25;169
20260325 032500;6638.25;6640;6638;6639;319
20260325 032600;6639;6639.75;6638.75;6639.25;132
20260325 032700;6639.25;6639.5;6638.5;6639.5;107
20260325 032800;6639.5;6639.75;6638.25;6638.5;117
20260325 032900;6638.5;6640.25;6638.25;6639.75;248
20260325 033000;6639.5;6640.75;6639.25;6640;250
20260325 033100;6639.75;6640.25;6639.25;6640;169
20260325 033200;6639.75;6640;6638.5;6639.25;207
20260325 033300;6639.25;6639.5;6638.25;6639;147
20260325 033400;6639;6639.25;6637.75;6638.5;199
20260325 033500;6638.5;6639.5;6638.5;6639.25;85
20260325 033600;6639.25;6643;6639;6642.5;752
20260325 033700;6642.5;6645.25;6642;6644.75;622
20260325 033800;6644.75;6645;6643.25;6643.25;268
20260325 033900;6643.5;6644.25;6643.25;6643.75;146
20260325 034000;6643.5;6644.75;6643.5;6644.5;166
20260325 034100;6644.5;6644.75;6642.5;6642.75;244
20260325 034200;6642.75;6643.25;6641.75;6643;260
20260325 034300;6643;6644;6642.75;6644;105
20260325 034400;6644;6644;6642.5;6643.25;116
20260325 034500;6643;6643.75;6642.5;6643.25;158
20260325 034600;6643.25;6644.75;6643.25;6644;188
20260325 034700;6644.25;6644.75;6643.5;6644.75;175
20260325 034800;6644.75;6645.5;6644;6644.5;234
20260325 034900;6644.75;6645.5;6644;6644.5;168
20260325 035000;6644.75;6644.75;6643.75;6644;81
20260325 035100;6644.5;6646.25;6644.5;6646;325
20260325 035200;6646;6647.75;6646;6647.5;319
20260325 035300;6647.25;6649.5;6647.25;6648.25;428
20260325 035400;6648.25;6648.5;6646.75;6647.5;286
20260325 035500;6647.5;6647.5;6645.75;6646;185
20260325 035600;6646.25;6647.75;6646;6646.75;416
20260325 035700;6646.75;6647.25;6646;6646.75;131
20260325 035800;6646.75;6648.25;6646.75;6648;107
20260325 035900;6648;6648.25;6647.5;6647.5;91
20260325 040000;6647.5;6648.25;6647;6648;97
20260325 040100;6648.25;6648.75;6647.25;6648.75;212
20260325 040200;6648.5;6649.75;6648.5;6648.75;223
20260325 040300;6649;6649.5;6647.5;6649.5;201
20260325 040400;6649.5;6649.75;6648.75;6649.25;204
20260325 040500;6649.25;6650;6649;6649.75;314
20260325 040600;6650;6651;6649.75;6649.75;404
20260325 040700;6650;6650;6648.75;6649.75;171
20260325 040800;6649.75;6651.25;6649.5;6651;404
20260325 040900;6651;6651.75;6650.25;6651;193
20260325 041000;6651;6652;6650.25;6652;218
20260325 041100;6652;6652;6650.25;6650.5;180
20260325 041200;6650.5;6651.75;6649.75;6651.5;232
20260325 041300;6651.75;6652;6650.75;6651;133
20260325 041400;6651.25;6652;6649.5;6652;366
20260325 041500;6652;6653.5;6651.75;6653.25;292
20260325 041600;6653.5;6653.5;6650;6652;319
20260325 041700;6652;6653.25;6651.5;6652.5;143
20260325 041800;6652.5;6653.25;6652.25;6653.25;139
20260325 041900;6653.5;6656;6653.25;6655.75;673
20260325 042000;6655.75;6657.25;6655.5;6656.75;384
20260325 042100;6656.75;6656.75;6654.5;6654.5;477
20260325 042200;6654.75;6656.25;6654.75;6655.25;171
20260325 042300;6655.5;6657;6655.25;6656.5;138
20260325 042400;6656.75;6656.75;6656;6656.5;122
20260325 042500;6656.75;6657;6656.25;6657;126
20260325 042600;6657;6657;6656;6656.75;286
20260325 042700;6656.75;6657.5;6656.25;6657;185
20260325 042800;6657;6658.5;6656.75;6657.75;200
20260325 042900;6657.75;6657.75;6656.75;6657.25;86
20260325 043000;6657.5;6657.5;6656.5;6657;88
20260325 043100;6657;6658;6656.75;6657.75;107
20260325 043200;6658;6658.25;6657.25;6657.5;128
20260325 043300;6657.75;6657.75;6656.5;6656.75;120
20260325 043400;6657;6657;6656.5;6656.75;116
20260325 043500;6656.75;6657.75;6656.5;6657.25;98
20260325 043600;6657.5;6658.5;6657.5;6657.75;144
20260325 043700;6657.5;6658.75;6657;6658.25;222
20260325 043800;6658.5;6659.25;6658;6658.25;286
20260325 043900;6658.25;6658.5;6658;6658.25;119
20260325 044000;6658.25;6658.25;6656.25;6657;342
20260325 044100;6657;6657.5;6655.5;6656.25;212
20260325 044200;6656.5;6656.75;6655.75;6656.25;231
20260325 044300;6656.75;6657.25;6656;6656.75;134
20260325 044400;6656.5;6656.5;6655.5;6656;166
20260325 044500;6656;6656.5;6655.5;6656;98
20260325 044600;6656.25;6656.25;6654;6654.25;398
20260325 044700;6654.5;6654.5;6653.5;6653.75;159
20260325 044800;6654;6654.25;6653;6654.25;281
20260325 044900;6654;6655;6654;6654;131
20260325 045000;6654.25;6655.75;6654.25;6654.5;189
20260325 045100;6654.5;6655.25;6654.5;6654.75;115
20260325 045200;6654.75;6655.5;6654.5;6654.5;113
20260325 045300;6654.5;6655.25;6654;6654.75;148
20260325 045400;6654.75;6655.25;6654.25;6654.5;128
20260325 045500;6654.5;6655;6654.25;6654.5;105
20260325 045600;6654.5;6655;6654.25;6654.75;95
20260325 045700;6654.75;6657.25;6654.75;6656.5;327
20260325 045800;6656.75;6658;6656.5;6657.25;213
20260325 045900;6657;6657.75;6656.5;6657;150
20260325 050000;6657.25;6658.5;6657;6657.75;237
20260325 050100;6657.75;6658;6655.5;6655.5;248
20260325 050200;6655.5;6657;6655.25;6656.25;200
20260325 050300;6656;6656.25;6654.75;6656;144
20260325 050400;6655.75;6656.5;6655.25;6656;126
20260325 050500;6655.75;6656;6654.5;6654.75;182
20260325 050600;6655;6655.5;6654;6654;173
20260325 050700;6654;6657.5;6653.75;6656.75;311
20260325 050800;6656.5;6656.5;6654.75;6656.5;180
20260325 050900;6656.75;6658.75;6656.75;6657.5;385
20260325 051000;6657.75;6658.25;6656;6656.25;267
20260325 051100;6656.75;6659.25;6656.25;6658.5;312
20260325 051200;6658.25;6658.75;6657.5;6657.5;83
20260325 051300;6657.5;6658.5;6657.5;6658.5;106
20260325 051400;6658.75;6658.75;6658;6658;138
20260325 051500;6657.75;6658;6657.25;6658;164
20260325 051600;6657.75;6657.75;6656.5;6656.75;123
20260325 051700;6657;6657;6655.25;6656.25;276
20260325 051800;6656;6656.25;6654.5;6654.5;197
20260325 051900;6654.5;6655.75;6654.25;6654.25;168
20260325 052000;6654.5;6655;6653;6653.75;235
20260325 052100;6654;6654.75;6653.5;6653.75;148
20260325 052200;6653.75;6655.5;6653.5;6655.25;150
20260325 052300;6655.5;6656;6654.75;6656;160
20260325 052400;6656;6656.5;6654.75;6655;126
20260325 052500;6655;6656;6654.5;6655;123
20260325 052600;6655.25;6655.5;6653;6653.5;212
20260325 052700;6654;6654;6652.25;6653;322
20260325 052800;6653;6653.25;6651.75;6653.25;216
20260325 052900;6653.5;6653.75;6652.25;6653;98
20260325 053000;6652.75;6654;6652.75;6653.5;64
20260325 053100;6653.75;6654.75;6652.25;6653.75;229
20260325 053200;6653.5;6656.25;6653.25;6655.5;407
20260325 053300;6655.5;6656.75;6655.5;6656.25;274
20260325 053400;6656.25;6656.25;6655;6655.5;108
20260325 053500;6655.5;6655.5;6654;6654.75;171
20260325 053600;6654.75;6654.75;6654;6654.75;83
20260325 053700;6654.5;6655.5;6654.25;6655.5;60
20260325 053800;6655.75;6657.5;6654.5;6655.5;400
20260325 053900;6655.5;6657.5;6654.5;6656.5;143
20260325 054000;6656.5;6657;6654.75;6657;258
20260325 054100;6657;6658;6656.25;6657.25;207
20260325 054200;6657.25;6657.25;6655;6655;285
20260325 054300;6654.75;6656.5;6654.75;6656.5;141
20260325 054400;6656;6657.25;6656;6656.25;97
20260325 054500;6656.5;6656.75;6656;6656.5;48
20260325 054600;6656.5;6656.75;6655.5;6655.5;67
20260325 054700;6655.25;6656;6654.75;6655;67
20260325 054800;6655.25;6657;6655;6655.5;123
20260325 054900;6655.5;6655.5;6653.25;6654.25;234
20260325 055000;6654;6654.5;6653.5;6654.5;147
20260325 055100;6654.5;6654.75;6651;6651;302
20260325 055200;6651;6654.25;6650.75;6653.5;319
20260325 055300;6653.5;6653.75;6651.25;6651.25;110
20260325 055400;6651.25;6651.5;6649.5;6649.75;201
20260325 055500;6649.75;6650;6647.75;6648.25;364
20260325 055600;6648;6648.75;6646.25;6647.5;354
20260325 055700;6647.5;6648.75;6646.25;6646.5;234
20260325 055800;6646.5;6648.75;6646.5;6648.25;246
20260325 055900;6648.75;6649.25;6648.25;6648.75;170
20260325 060000;6648.5;6648.75;6647.5;6648;90
20260325 060100;6648;6648.5;6647;6647.25;165
20260325 060200;6647.25;6647.75;6646.25;6646.5;144
20260325 060300;6646.5;6647.25;6645;6646.75;355
20260325 060400;6646.5;6646.5;6644.5;6645;362
20260325 060500;6645.25;6645.5;6644;6644.5;222
20260325 060600;6644.75;6645.25;6643.75;6643.75;200
20260325 060700;6643.75;6644.75;6643.25;6644.5;180
20260325 060800;6644.25;6646;6644.25;6644.75;182
20260325 060900;6645;6646;6644.25;6644.5;142
20260325 061000;6644.5;6644.5;6642;6642.75;322
20260325 061100;6643;6643.75;6642.5;6643.25;143
20260325 061200;6643.5;6645.75;6643;6644.5;225
20260325 061300;6644.75;6645.5;6643.25;6644.75;163
20260325 061400;6644.5;6644.5;6643.25;6643.5;138
20260325 061500;6643.25;6644.5;6643;6644.25;93
20260325 061600;6644.25;6645.5;6644;6644.25;180
20260325 061700;6644.5;6645.25;6644;6645.25;134
20260325 061800;6645;6645.25;6643.75;6644.75;154
20260325 061900;6644.75;6645.75;6644.5;6645;136
20260325 062000;6645;6645.5;6644.25;6645;123
20260325 062100;6644.75;6645.5;6644.25;6645.5;90
20260325 062200;6645.25;6646.5;6645;6645.5;190
20260325 062300;6645.25;6645.75;6644;6644.25;133
20260325 062400;6644.5;6645;6643.5;6644;92
20260325 062500;6644;6644;6642.25;6642.75;162
20260325 062600;6643;6643.5;6641.25;6642;252
20260325 062700;6642.25;6643;6641;6641.25;170
20260325 062800;6641.25;6641.75;6640.5;6641.5;199
20260325 062900;6641.75;6641.75;6640;6640.25;229
20260325 063000;6640;6641;6639.75;6641;249
20260325 063100;6640.75;6641.75;6638.5;6639.5;403
20260325 063200;6639.25;6641;6638.5;6639.25;379
20260325 063300;6639;6639.5;6637.25;6637.5;318
20260325 063400;6637.25;6639.75;6637;6639.25;342
20260325 063500;6639.25;6641.25;6639.25;6639.5;344
20260325 063600;6639.25;6639.25;6637.5;6639;174
20260325 063700;6639;6640;6638.5;6639.25;141
20260325 063800;6639.75;6640.75;6639;6640.5;166
20260325 063900;6640.5;6642.25;6640.5;6641;290
20260325 064000;6641;6641;6639.25;6639.5;195
20260325 064100;6639.25;6641.25;6639.25;6641.25;203
20260325 064200;6641;6643.25;6640.75;6642.75;299
20260325 064300;6643;6645.5;6642.75;6644.25;514
20260325 064400;6644.25;6644.5;6643;6644.5;158
20260325 064500;6644.25;6645.5;6644;6644.25;197
20260325 064600;6644.5;6645;6644;6644.75;208
20260325 064700;6644.75;6645;6644;6645;103
20260325 064800;6645;6645.75;6644.25;6645.5;124
20260325 064900;6645.5;6647.75;6645;6647.25;336
20260325 065000;6647.5;6648.5;6647.25;6647.75;241
20260325 065100;6647.75;6649.5;6647.25;6648.5;314
20260325 065200;6648.75;6652.75;6648.5;6652.25;443
20260325 065300;6652.5;6652.5;6649;6650;445
20260325 065400;6650.25;6650.25;6647.25;6648;265
20260325 065500;6648.25;6649;6647.25;6648.25;273
20260325 065600;6648.25;6648.25;6646;6647;268
20260325 065700;6646.75;6649;6646;6647.75;242
20260325 065800;6647.75;6648.5;6647.25;6648.25;92
20260325 065900;6647;6647.25;6646.25;6646.5;122
20260325 070000;6646.25;6649;6646;6648.5;221
20260326 070100;6620.25;6620.5;6618.25;6620;337
20260326 070200;6620;6620.5;6616.25;6617.25;539
20260326 070300;6617.25;6617.25;6616;6616.5;239
20260326 070400;6616.5;6622.25;6616;6620;579
20260326 070500;6620;6620.25;6616.75;6617;343
20260326 070600;6617;6617.5;6612.5;6614.25;832
20260326 070700;6614.25;6615;6610.75;6612.25;665
20260326 070800;6612.5;6613.25;6608.75;6611.5;780
20260326 070900;6611.75;6613.75;6611.5;6612.75;366
20260326 071000;6613;6614.25;6611.75;6613.25;312
20260326 071100;6613;6613.75;6610.5;6611.25;384
20260326 071200;6611.25;6612.75;6611;6612.5;165
20260326 071300;6612.75;6613.5;6611;6612;273
20260326 071400;6612;6613.25;6611.75;6612.5;127
20260326 071500;6612;6613.25;6611.5;6612.75;116
20260326 071600;6612.5;6613;6612;6613;145
20260326 071700;6613;6613.5;6610.75;6611;207
20260326 071800;6611;6613.25;6610;6612.5;371
20260326 071900;6612.5;6612.75;6611.25;6611.5;166
20260326 072000;6611.5;6612.75;6611.5;6611.5;88
20260326 072100;6611.75;6611.75;6600.5;6607.5;3119
20260326 072200;6607.75;6611.75;6606.75;6611.75;574
20260326 072300;6611.75;6617;6611.75;6616.75;1208
20260326 072400;6616.75;6619.75;6616.75;6617.25;857
20260326 072500;6617.25;6617.75;6615;6615.25;400
20260326 072600;6615.5;6616;6614.75;6615.5;284
20260326 072700;6615;6615.25;6612.75;6614.5;257
20260326 072800;6614.5;6615.25;6612.75;6613.5;181
20260326 072900;6613.5;6614;6611;6612;293
20260326 073000;6612;6613.25;6611.25;6612.5;209
20260326 073100;6612.5;6612.75;6611.5;6612.75;281
20260326 073200;6612.5;6612.5;6609.75;6610.25;250
20260326 073300;6610.25;6610.5;6609;6609.75;260
20260326 073400;6609.5;6611;6609.25;6610.75;229
20260326 073500;6611;6611.5;6610.25;6611.25;177
20260326 073600;6611.5;6613.5;6611;6613;240
20260326 073700;6612.75;6613.25;6610.75;6612.75;204
20260326 073800;6612.75;6615.25;6612.75;6615;444
20260326 073900;6615;6616.25;6615;6616;338
20260326 074000;6615.75;6616.5;6615;6615.5;277
20260326 074100;6615.75;6617.5;6615.75;6616.25;282
20260326 074200;6616.25;6616.25;6614.25;6614.5;230
20260326 074300;6614.5;6615;6612.25;6612.25;306
20260326 074400;6612.25;6613.5;6611.75;6612.25;198
20260326 074500;6612.5;6613.25;6612;6613;147
20260326 074600;6613.25;6617.75;6613.25;6616.5;515
20260326 074700;6616.75;6616.75;6614.75;6615.25;372
20260326 074800;6615.25;6615.25;6613;6614.5;303
20260326 074900;6614.5;6616.5;6614.25;6616.5;119
20260326 075000;6616.25;6617.5;6615.75;6616.75;185
20260326 075100;6617;6617.5;6616;6616.25;191
20260326 075200;6616.75;6617;6614.5;6614.75;167
20260326 075300;6614.75;6615.75;6614.25;6614.75;94
20260326 075400;6614.75;6615.5;6614.25;6614.25;144
20260326 075500;6614.25;6615.75;6613.75;6615.5;182
20260326 075600;6615.25;6616.25;6614.75;6615.25;149
20260326 075700;6615.75;6616.5;6614;6614.75;182
20260326 075800;6615;6615;6613;6613.75;110
20260326 075900;6613.75;6614.5;6613.5;6613.75;122
20260326 080000;6614;6614.75;6613.5;6614.5;182
20260326 080100;6614.25;6619.25;6614.25;6617.75;1219
20260326 080200;6617.5;6619.25;6616;6617.25;609
20260326 080300;6617;6617.25;6614.75;6616.5;441
20260326 080400;6616.75;6617.25;6615;6617.25;269
20260326 080500;6617;6618;6616.25;6617.75;255
20260326 080600;6617.75;6618.5;6616;6616.5;246
20260326 080700;6616;6622.5;6616;6620.5;1001
20260326 080800;6620.25;6622.75;6619.5;6622;655
20260326 080900;6621.75;6621.75;6619.5;6620.5;308
20260326 081000;6620.75;6621.25;6616.5;6616.5;585
20260326 081100;6616.5;6617.5;6615;6616;579
20260326 081200;6615.75;6617;6614.5;6615.25;272
20260326 081300;6614.75;6616;6613;6613.5;521
20260326 081400;6613.25;6613.75;6608.25;6608.5;790
20260326 081500;6608;6608.75;6604.25;6605.5;865
20260326 081600;6605.25;6608;6605.25;6606.5;622
20260326 081700;6606.5;6608;6606.25;6608;303
20260326 081800;6608;6611;6608;6609;549
20260326 081900;6609;6609;6604.75;6607.25;697
20260326 082000;6606.75;6607;6603;6605.25;445
20260326 082100;6605;6608;6604.25;6607.5;403
20260326 082200;6607.75;6608;6605;6606;379
20260326 082300;6606;6607.5;6604;6605.5;282
20260326 082400;6605.5;6608.5;6605.5;6606.25;297
20260326 082500;6606.25;6607.25;6604.5;6605.5;273
20260326 082600;6605.75;6606.5;6604;6605.25;323
20260326 082700;6605.5;6608.25;6605.5;6607.5;363
20260326 082800;6607.25;6607.25;6605.5;6606.75;169
20260326 082900;6606.75;6607.75;6604;6604;268
20260326 083000;6604.25;6604.25;6601;6601.75;718
20260326 083100;6601.5;6602.75;6600.5;6602.25;712
20260326 083200;6602.25;6604.25;6601.25;6602.75;547
20260326 083300;6602.5;6605.5;6602.5;6605.5;371
20260326 083400;6605.5;6605.75;6603.75;6604;255
20260326 083500;6604;6607;6604;6605;321
20260326 083600;6605;6606.75;6604;6604.75;439
20260326 083700;6605.25;6605.75;6604.25;6604.75;296
20260326 083800;6605;6606;6600.5;6601;489
20260326 083900;6601;6602.5;6600.5;6602.25;344
20260326 084000;6602.5;6603.75;6601.25;6602.5;363
20260326 084100;6602.5;6605.25;6601.75;6605;341
20260326 084200;6604.75;6606;6603.25;6603.75;294
20260326 084300;6603.5;6605.25;6602.75;6603.5;129
20260326 084400;6603.5;6603.5;6599;6599.25;954
20260326 084500;6599.25;6599.5;6595.5;6596.25;1405
20260326 084600;6596.5;6598.25;6595;6596.75;1498
20260326 084700;6596.75;6599.25;6596.25;6598.75;621
20260326 084800;6599;6601;6597;6597.75;482
20260326 084900;6598;6598;6593;6593.75;916
20260326 085000;6594;6595.25;6593.5;6594.5;430
20260326 085100;6594.5;6597.75;6594.5;6597;512
20260326 085200;6597.25;6599.5;6596.75;6597.5;381
20260326 085300;6597.5;6598;6596.25;6597.5;239
20260326 085400;6597.5;6599.75;6597.25;6599.5;369
20260326 085500;6599.5;6600.25;6598.25;6599;396
20260326 085600;6598.75;6602.5;6597.75;6602;618
20260326 085700;6602.5;6604.25;6601.5;6603.75;540
20260326 085800;6603.5;6604;6602.5;6602.5;261
20260326 085900;6602.5;6603.75;6601.25;6601.5;376
20260326 090000;6602.25;6602.75;6601.25;6602;273
20260326 090100;6602;6602.75;6595.75;6596.25;1007
20260326 090200;6595.75;6597;6594;6594.5;823
20260326 090300;6594.5;6598.75;6594.5;6597.5;461
20260326 090400;6597.25;6598;6592.5;6594.75;668
20260326 090500;6594.5;6599;6594.25;6598.5;722
20260326 090600;6598.25;6603;6597.75;6602.5;1129
20260326 090700;6602.5;6602.5;6599;6601.5;629
20260326 090800;6601.5;6602.5;6599.75;6601.5;514
20260326 090900;6601.5;6602.75;6596.5;6597;537
20260326 091000;6597;6598.75;6596.25;6598.25;281
20260326 091100;6598.5;6602;6598.25;6601.75;380
20260326 091200;6601.75;6603.5;6600;6600.25;649
20260326 091300;6600.5;6600.5;6596.5;6598;360
20260326 091400;6598;6599;6595.75;6597.5;509
20260326 091500;6597.5;6599.5;6595.75;6596.25;191
20260326 091600;6596.25;6596.5;6594.5;6595.75;398
20260326 091700;6595.75;6596.75;6594.75;6595.25;250
20260326 091800;6595.5;6597;6594.25;6596;319
20260326 091900;6595.75;6596;6593.25;6594.25;433
20260326 092000;6594.5;6596;6593.75;6595;308
20260326 092100;6595.25;6597;6595.25;6596;328
20260326 092200;6595.75;6596.75;6594;6594.75;181
20260326 092300;6594.75;6596.25;6594.5;6596.25;277
20260326 092400;6596.25;6596.25;6591.5;6594.5;708
20260326 092500;6594.25;6594.75;6591.5;6592.25;476
20260326 092600;6592;6593.75;6591.5;6591.75;369
20260326 092700;6592.25;6593.5;6590.75;6593;562
20260326 092800;6592.75;6595;6592.5;6594.25;476
20260326 092900;6594;6594.25;6591.75;6591.75;355
20260326 093000;6591.5;6592;6589.25;6591;833
20260326 093100;6591;6591;6582;6584;2271
20260326 093200;6584;6585.5;6581.5;6585.25;743
20260326 093300;6585;6585.25;6580.75;6583.5;925
20260326 093400;6583.5;6585.75;6582.75;6584.5;743
20260326 093500;6584.5;6587;6584.25;6584.5;548
20260326 093600;6584.25;6586.5;6584;6585.25;571
20260326 093700;6585.25;6587;6583.25;6587;518
20260326 093800;6587;6588.25;6585;6585.5;579
20260326 093900;6585.75;6586.75;6584.75;6585.25;292
20260326 094000;6585.25;6586.25;6584.25;6585.5;336
20260326 094100;6585.75;6588.25;6585.75;6586.5;492
20260326 094200;6586;6587;6585.25;6587;275
20260326 094300;6587.25;6588;6585.5;6587.75;331
20260326 094400;6588;6589.75;6586.5;6587;535
20260326 094500;6587.25;6589.25;6586.5;6587.5;538
20260326 094600;6587.75;6589;6585.5;6587.25;604
20260326 094700;6587.25;6587.25;6584.75;6585.5;364
20260326 094800;6586;6590.25;6586;6588;517
20260326 094900;6588;6588;6585.25;6586.5;403
20260326 095000;6586.5;6586.5;6585;6585.75;262
20260326 095100;6585.5;6589.25;6585.5;6588.75;686
20260326 095200;6589;6590.75;6588.75;6590;597
20260326 095300;6590.25;6591.5;6590;6590.25;425
20260326 095400;6590.25;6590.25;6588.5;6589.25;254
20260326 095500;6589.25;6591;6588.75;6591;244
20260326 095600;6591.25;6593.25;6590.25;6591.75;452
20260326 095700;6591.5;6593;6591;6591.75;339
20260326 095800;6592;6592.75;6591.5;6592.25;235
20260326 095900;6592.5;6593.25;6592;6592.5;231
20260326 100000;6592.5;6592.5;6590.5;6590.75;261
20260326 100100;6590.75;6592;6588.5;6589.5;729
20260326 100200;6589.25;6589.5;6585.75;6588.5;532
20260326 100300;6588.5;6590.5;6588.5;6590;421
20260326 100400;6589.75;6591.25;6589.5;6589.75;265
20260326 100500;6590;6594.25;6589;6592.5;908
20260326 100600;6593;6600.75;6592.5;6597.25;1455
20260326 100700;6597.5;6597.75;6594.5;6595.5;853
20260326 100800;6595.5;6595.75;6594;6595.5;430
20260326 100900;6595.5;6597;6594.5;6594.5;420
20260326 101000;6594.25;6597;6594.25;6596;261
20260326 101100;6596;6597.25;6596;6597.25;279
20260326 101200;6597;6597.75;6596;6597.5;240
20260326 101300;6597.25;6597.5;6595.25;6595.75;416
20260326 101400;6595.75;6597.5;6595.25;6597.25;232
20260326 101500;6597;6597.75;6596;6597.5;212
20260326 101600;6597.75;6599.5;6597.75;6599.25;591
20260326 101700;6599.5;6600.5;6598;6600.25;693
20260326 101800;6600.25;6600.5;6596.5;6597.25;491
20260326 101900;6597;6597;6594.5;6594.75;351
20260326 102000;6595;6597;6594.5;6595.25;369
20260326 102100;6595.25;6596.75;6594.75;6596;256
20260326 102200;6596;6598.5;6595.75;6598.5;304
20260326 102300;6598;6599;6597.25;6599;255
20260326 102400;6599;6599;6595.75;6596.25;394
20260326 102500;6596;6597.75;6595.75;6597;312
20260326 102600;6597.25;6598.5;6596.25;6597.75;431
20260326 102700;6597.75;6598.5;6596.75;6598;196
20260326 102800;6597.5;6598.75;6597.5;6597.75;115
20260326 102900;6598.25;6601;6598;6600.75;437
20260326 103000;6600.5;6601.5;6600;6600;564
20260326 103100;6600.25;6600.75;6598.75;6599.25;343
20260326 103200;6599.25;6601;6598.75;6600.5;216
20260326 103300;6600.5;6602;6600;6601.5;455
20260326 103400;6601.75;6602;6600.75;6601.75;299
20260326 103500;6601.75;6601.75;6600.5;6601;259
20260326 103600;6601.25;6601.25;6600;6600.75;212
20260326 103700;6600.25;6601.25;6599.5;6600.75;229
20260326 103800;6600.75;6600.75;6598.5;6599.5;262
20260326 103900;6599.5;6600;6598.5;6598.5;413
20260326 104000;6598.75;6599.25;6591.75;6592.5;2580
20260326 104100;6592.25;6596.5;6589.75;6594;1683
20260326 104200;6594.25;6596;6593.75;6595;501
20260326 104300;6595;6595.25;6591.5;6592;676
20260326 104400;6592;6594;6590.25;6591;530
20260326 104500;6591;6593.75;6591;6592;644
20260326 104600;6592;6595.25;6591.5;6594.75;748
20260326 104700;6595;6595;6591.75;6593.5;527
20260326 104800;6593.75;6594.25;6591.25;6592;344
20260326 104900;6592;6594;6592;6593;288
20260326 105000;6593;6593.75;6592.25;6593.75;225
20260326 105100;6593.75;6594;6592.5;6593.25;367
20260326 105200;6593.5;6594.25;6592.75;6594;280
20260326 105300;6594;6596.75;6593;6596.25;485
20260326 105400;6596;6596.25;6593.75;6594.25;323
20260326 105500;6594.25;6595;6592.5;6592.5;323
20260326 105600;6592.5;6594.75;6592.5;6594.75;345
20260326 105700;6594.75;6595.75;6594.5;6594.5;334
20260326 105800;6594.5;6595.5;6593.25;6594;210
20260326 105900;6594;6595;6593.25;6594;201
20260326 110000;6594.25;6595;6593.75;6594.5;173
20260326 110100;6594.75;6596;6592.75;6594;580
20260326 110200;6594;6594.5;6591.5;6592;425
20260326 110300;6592;6594.25;6591.75;6594;356
20260326 110400;6594.25;6595.75;6593.25;6595.5;323
20260326 110500;6595.5;6597.25;6594.75;6595.25;480
20260326 110600;6595.25;6598.5;6594.75;6598.5;662
20260326 110700;6598.25;6598.75;6593;6593.25;591
20260326 110800;6593;6595.75;6593;6595;390
20260326 110900;6594.75;6597.25;6594.75;6597.25;221
20260326 111000;6597.5;6598.25;6597.25;6597.75;260
20260326 111100;6597.75;6597.75;6595.75;6595.75;237
20260326 111200;6595.5;6595.75;6592.75;6594.75;399
20260326 111300;6594.75;6596;6594;6594;186
20260326 111400;6594;6595;6593.5;6594.25;212
20260326 111500;6594.25;6594.25;6593;6593.5;150
20260326 111600;6593.5;6595.5;6593;6594.75;284
20260326 111700;6594.75;6595;6592.75;6593.25;311
20260326 111800;6593;6594.75;6593;6593.75;240
20260326 111900;6593.75;6595.25;6593.25;6595;180
20260326 112000;6595;6596;6594.5;6594.75;251
20260326 112100;6594.75;6595.5;6591.75;6592.5;340
20260326 112200;6592.25;6595.25;6592.25;6593.5;245
20260326 112300;6593.25;6594.5;6592.5;6593;197
20260326 112400;6593;6593.75;6592;6592.5;237
20260326 112500;6592;6593.5;6591.5;6592.5;305
20260326 112600;6592.75;6592.75;6590;6590.5;715
20260326 112700;6590.25;6591.75;6586;6586.5;1385
20260326 112800;6586.5;6590;6585.5;6589;750
20260326 112900;6589;6591;6588.5;6589.5;346
20260326 113000;6589.25;6590.25;6588.25;6589.25;305
20260326 113100;6589;6591;6588;6589;731
20260326 113200;6589.25;6589.75;6585;6586.5;936
20260326 113300;6586.5;6588.75;6586.25;6588.25;515
20260326 113400;6588.5;6588.75;6587.5;6587.75;324
20260326 113500;6588;6590.25;6588;6588.25;350
20260326 113600;6588.5;6589.75;6587.5;6587.5;330
20260326 113700;6587.75;6588;6585.25;6586.5;495
20260326 113800;6586.75;6588;6586.25;6586.5;285
20260326 113900;6586.5;6588;6586;6587.25;250
20260326 114000;6587.25;6589;6586.5;6588.75;323
20260326 114100;6588.75;6589.5;6588.25;6589;252
20260326 114200;6589.25;6589.25;6586.75;6588;260
20260326 114300;6587.5;6587.5;6585.75;6586;430
20260326 114400;6585.75;6586.25;6584.25;6584.75;656
20260326 114500;6584.75;6586;6584.25;6585.75;456
20260326 114600;6585.5;6587.75;6585;6587.5;412
20260326 114700;6587.5;6588;6585.5;6585.5;327
20260326 114800;6585.75;6586.75;6585.5;6586.25;200
20260326 114900;6586.25;6587.5;6585.5;6586.5;251
20260326 115000;6586.75;6586.75;6583.5;6584.25;478
20260326 115100;6584;6584.75;6583;6583.5;425
20260326 115200;6584;6585.5;6583;6585;555
20260326 115300;6584.75;6585.5;6584;6584;229
20260326 115400;6584.25;6585.75;6583.5;6585;259
20260326 115500;6585;6587.75;6585;6586.5;841
20260326 115600;6586.5;6586.75;6585.25;6585.25;374
20260326 115700;6585.25;6586.25;6582.5;6583;685
20260326 115800;6583.25;6583.75;6582;6582.75;490
20260326 115900;6582.75;6583;6581;6581.25;513
20260326 120000;6581.25;6581.25;6579;6579.5;1258
20260326 120100;6579.75;6581.25;6577.5;6577.5;1092
20260326 120200;6577.5;6579;6576.25;6577;1071
20260326 120300;6577.25;6578.25;6575.5;6576.25;894
20260326 120400;6576;6577.25;6574;6577.25;1341
20260326 120500;6576.75;6579.5;6576.75;6578.75;934
20260326 120600;6578.75;6581.25;6578.75;6580;1261
20260326 120700;6580;6582.75;6579.75;6582.5;996
20260326 120800;6582.5;6585.5;6582.25;6585;1084
20260326 120900;6585;6587.75;6584.25;6586.75;1245
20260326 121000;6586.75;6587.5;6586.5;6587;520
20260326 121100;6587;6589.5;6586.5;6588.5;976
20260326 121200;6588.75;6591.25;6588.25;6591;708
20260326 121300;6591;6591.75;6590;6591;938
20260326 121400;6591.25;6593;6590.25;6592.75;958
20260326 121500;6592.5;6592.75;6591;6591;548
20260326 121600;6591.5;6593.25;6590.5;6593;623
20260326 121700;6592.75;6593.5;6592;6592.75;473
20260326 121800;6592.75;6593.5;6592.25;6593;364
20260326 121900;6592.75;6592.75;6590.75;6590.75;477
20260326 122000;6590.75;6591.5;6589.25;6590.25;714
20260326 122100;6590.5;6590.75;6588.75;6590.25;463
20260326 122200;6590;6591;6589.25;6589.75;407
20260326 122300;6590;6591.5;6589.5;6591;470
20260326 122400;6591.25;6591.25;6590;6591.25;241
20260326 122500;6591.25;6591.25;6588;6588.75;754
20260326 122600;6589;6590.25;6588.5;6588.5;456
20260326 122700;6588.5;6589.75;6588.25;6589.5;296
20260326 122800;6589.75;6589.75;6587.75;6588.5;433
20260326 122900;6588.25;6589.5;6588;6589.25;235
20260326 123000;6589.25;6590.25;6587.75;6589;586
20260326 123100;6589.5;6589.5;6583.5;6584.75;1308
20260326 123200;6584.75;6585.5;6583;6584.25;1178
20260326 123300;6584.25;6584.75;6582.25;6584;667
20260326 123400;6584;6584.75;6579;6580.5;1132
20260326 123500;6580.25;6581.5;6579;6579.25;757
20260326 123600;6579;6579.5;6575.25;6576.5;1529
20260326 123700;6576.5;6579.75;6576.25;6579;1136
20260326 123800;6579;6581.75;6576.75;6580.25;1411
20260326 123900;6580.25;6581.75;6579;6581.75;785
20260326 124000;6581.5;6581.75;6579.25;6581.5;537
20260326 124100;6581.25;6582.75;6579;6580;1127
20260326 124200;6579.75;6581;6577.5;6578.5;878
20260326 124300;6578.5;6580.5;6578;6580;710
20260326 124400;6579.75;6581.5;6579.25;6580.25;550
20260326 124500;6580;6581;6578.5;6579.75;463
20260326 124600;6579.75;6582.75;6579.75;6582.75;925
20260326 124700;6583;6586;6582.25;6584.5;1272
20260326 124800;6584.5;6585.5;6583;6583.25;558
20260326 124900;6583.25;6584.5;6582.5;6583.25;546
20260326 125000;6583;6583.5;6580.75;6582.25;722
20260326 125100;6582.25;6584.75;6581.25;6584;490
20260326 125200;6584.25;6585.25;6583.25;6583.75;549
20260326 125300;6584;6585.75;6584;6584.5;398
20260326 125400;6584.5;6584.75;6582;6582;483
20260326 125500;6582.25;6583.5;6581.5;6583.25;793
20260326 125600;6583.25;6586.25;6582.5;6585.5;644
20260326 125700;6585.5;6585.75;6582.75;6584.25;736
20260326 125800;6584;6586.5;6583.75;6585.5;535
20260326 125900;6585.5;6585.5;6584.25;6585;623
20260326 130000;6585.25;6587;6585;6586.25;446
20260326 130100;6586.25;6590.25;6585.75;6589.5;1842
20260326 130200;6589.25;6590.5;6588;6589.25;1093
20260326 130300;6589;6590;6586;6586.5;1045
20260326 130400;6586.5;6588.5;6585.25;6588.5;858
20260326 130500;6588.25;6590;6587.75;6588;656
20260326 130600;6588;6588.25;6586.5;6587.75;583
20260326 130700;6587.75;6588;6585.5;6586.5;605
20260326 130800;6586.25;6587.75;6585.5;6587.75;413
20260326 130900;6587.75;6588.75;6586.75;6588.5;519
20260326 131000;6588.25;6588.75;6587.75;6588.5;319
20260326 131100;6588;6588.25;6586.25;6587;454
20260326 131200;6587;6588.25;6587;6588;295
20260326 131300;6588;6589.25;6587.5;6588.5;458
20260326 131400;6588.25;6593;6588.25;6592.75;1611
20260326 131500;6592.5;6593;6589.75;6590.25;1262
20260326 131600;6590;6591.75;6587.75;6591.5;1092
20260326 131700;6591.5;6592.75;6591.25;6591.75;839
20260326 131800;6592;6596;6592;6594.75;1536
20260326 131900;6594.5;6595.5;6593.5;6594.25;829
20260326 132000;6594.5;6594.5;6592;6593;895
20260326 132100;6592.75;6594.25;6592;6592.25;604
20260326 132200;6592;6592.25;6590.75;6591.5;652
20260326 132300;6592;6592.5;6590.25;6590.5;510
20260326 132400;6590.75;6592.5;6590.5;6592.5;476
20260326 132500;6592.25;6592.25;6589.75;6590;616
20260326 132600;6590;6592;6588.25;6592;1130
20260326 132700;6592;6592.25;6589;6589.5;650
20260326 132800;6589.5;6591.5;6589.5;6590.25;628
20260326 132900;6590.5;6591.75;6590;6591;743
20260326 133000;6591.25;6594.5;6590;6593.25;1396
20260326 133100;6593;6593.75;6585.75;6589;6764
20260326 133200;6589;6592;6588;6590.75;3022
20260326 133300;6590.75;6594.25;6582.75;6585.75;6700
20260326 133400;6585.5;6586.5;6583;6585.75;3388
20260326 133500;6585.5;6589.5;6584.5;6589.25;2615
20260326 133600;6589;6589.75;6583;6584.25;4143
20260326 133700;6584.25;6587.25;6582.25;6585.5;3222
20260326 133800;6585.5;6590.5;6585.25;6589.5;3395
20260326 133900;6589.25;6589.25;6584.5;6585.25;3192
20260326 134000;6585.25;6587;6580;6580.75;3942
20260326 134100;6580.5;6587.75;6580;6583.5;4763
20260326 134200;6583.5;6587.75;6583.25;6585.25;2481
20260326 134300;6585.25;6591.5;6584.75;6591.25;3933
20260326 134400;6591.25;6597.5;6589.75;6596;6844
20260326 134500;6596;6603.75;6594.5;6603.5;6602
20260326 134600;6603.5;6610.25;6602;6606.75;8813
20260326 134700;6607;6609;6605;6605.25;5251
20260326 134800;6605.25;6613.75;6603.25;6612.25;6540
20260326 134900;6612.5;6614;6608.75;6610.25;5915
20260326 135000;6610;6610.5;6605.25;6607;3881
20260326 135100;6607;6609.75;6605.25;6608.5;3858
20260326 135200;6608.25;6614.5;6607.75;6613.5;4668
20260326 135300;6613.5;6617.75;6610.5;6611.5;7640
20260326 135400;6611.75;6619.75;6608.75;6618.75;5890
20260326 135500;6618.5;6618.75;6614;6617.5;4164
20260326 135600;6617.75;6617.75;6612;6613.5;3816
20260326 135700;6613.5;6615.75;6611.5;6615.5;3148
20260326 135800;6615.25;6616.25;6609;6611;4831
20260326 135900;6610.75;6611.75;6604;6604.25;6801
20260326 140000;6604.25;6618.75;6600.75;6618;11703
20260326 140100;6618;6620.25;6614;6616.5;5911
20260326 140200;6616.25;6619;6613.75;6618.5;3307
20260326 140300;6618.25;6618.5;6614.5;6616;2415
20260326 140400;6616;6618;6613.25;6617;2999
20260326 140500;6617;6618.25;6611;6613;3489
20260326 140600;6612.75;6613.5;6608;6613;4823
20260326 140700;6612.75;6618;6612;6617.75;3650
20260326 140800;6617.5;6621.25;6615.25;6617.25;5423
20260326 140900;6617.25;6618.5;6609;6609.75;5294
20260326 141000;6609.75;6613.5;6609;6612.5;3148
20260326 141100;6612.5;6614;6609.25;6611.5;2366
20260326 141200;6611.5;6611.5;6606.75;6607.5;3314
20260326 141300;6607.5;6614.25;6607.25;6612.5;3321
20260326 141400;6612.5;6615.25;6610;6615;2461
20260326 141500;6614.5;6617.75;6612.75;6617.5;2831
20260326 141600;6617.5;6622;6615;6620.5;4938
20260326 141700;6620.25;6621.25;6618;6618.75;2342
20260326 141800;6618.5;6619;6616.25;6618;2428
20260326 141900;6618;6620;6616.25;6616.25;1950
20260326 142000;6616.25;6616.75;6612;6613;3779
20260326 142100;6613;6616;6610.25;6614;3597
20260326 142200;6614;6615.5;6612.25;6613.75;1866
20260326 142300;6613.75;6620.5;6613.75;6619.75;3069
20260326 142400;6619.75;6619.75;6616.25;6618;1800
20260326 142500;6618;6618.75;6615.5;6615.5;1629
20260326 142600;6615.5;6616.5;6613;6616.25;2383
20260326 142700;6616;6617.75;6615.25;6615.25;1502
20260326 142800;6615.25;6615.75;6612.25;6613.75;1454
20260326 142900;6613.5;6614.5;6612.25;6613.5;1473
20260326 143000;6613.25;6614;6608.75;6609.25;2894
20260326 143100;6609.25;6613.75;6609;6612.75;3398
20260326 143200;6613;6617.25;6613;6616.5;2734
20260326 143300;6616.75;6617.75;6614;6615.75;2309
20260326 143400;6615.75;6616.25;6611.5;6613.75;2718
20260326 143500;6613.75;6617.5;6613.25;6616.25;2103
20260326 143600;6616.25;6616.75;6612.25;6612.5;2000
20260326 143700;6612.5;6616.75;6611.5;6612.75;2281
20260326 143800;6612.5;6613.25;6608;6610.25;3303
20260326 143900;6610.25;6611.5;6607.75;6609.25;2556
20260326 144000;6609;6613;6608.5;6610.75;2715
20260326 144100;6610.75;6622;6609.75;6611;9038
20260326 144200;6611;6612.5;6602.25;6609.5;11323
20260326 144300;6609.5;6609.75;6602;6604.5;5335
20260326 144400;6604.5;6606.5;6599.25;6601.5;7140
20260326 144500;6602;6603.75;6597;6599.25;6071
20260326 144600;6599.25;6602.75;6598.25;6600;3872
20260326 144700;6600.25;6602;6595.5;6597;5418
20260326 144800;6597.5;6604.5;6596.25;6598.75;5758
20260326 144900;6598.75;6603.5;6597.5;6598.75;4244
20260326 145000;6598.75;6598.75;6594.5;6598;4477
20260326 145100;6598;6601;6596.5;6599.25;3694
20260326 145200;6599.25;6601.25;6596;6597.75;2931
20260326 145300;6597.75;6598.75;6591.5;6593.75;4760
20260326 145400;6594;6595.25;6588.5;6589.5;5267
20260326 145500;6589.5;6590.5;6586.5;6586.5;4950
20260326 145600;6586.75;6590.25;6580.75;6588.75;8476
20260326 145700;6588.75;6595;6585.75;6592.25;7402
20260326 145800;6592.25;6595.5;6591.5;6593;4278
20260326 145900;6593;6595.5;6591.25;6594.25;3320
20260326 150000;6594;6597.25;6591.25;6594.75;4824
20260326 150100;6594.75;6599.75;6594.75;6596.75;5122
20260326 150200;6596.75;6597.75;6592.75;6596.25;3424
20260326 150300;6596.25;6599;6595.75;6596.5;2860
20260326 150400;6596.75;6599.5;6594.25;6597.5;2889
20260326 150500;6597.5;6597.75;6593.5;6593.75;2209
20260326 150600;6594;6602.25;6593.25;6598.5;10011
20260326 150700;6598.25;6599;6594;6598.5;4119
20260326 150800;6598.5;6599;6593.75;6594.75;2726
20260326 150900;6594.5;6596.5;6592.25;6594;2124
20260326 151000;6593.75;6596.5;6593;6594.75;1847
20260326 151100;6595;6597.5;6595;6597;1534
20260326 151200;6597.25;6598.75;6595.25;6596.5;1610
20260326 151300;6596.5;6600.5;6595.75;6596;2275
20260326 151400;6596;6599.25;6595.25;6596.75;1498
20260326 151500;6596.75;6598.25;6595;6595;1156
20260326 151600;6595.25;6597;6594.5;6595.75;1346
20260326 151700;6595.75;6597;6591.25;6592;2572
20260326 151800;6592.25;6592.75;6589.25;6590.5;3346
20260326 151900;6590.5;6591.25;6588.5;6590;2012
20260326 152000;6589.75;6592.5;6589.5;6591.25;1660
20260326 152100;6591.5;6594.25;6590;6593.25;2140
20260326 152200;6593.25;6595.25;6592.25;6593.75;1862
20260326 152300;6594;6594.5;6592.25;6592.75;1313
20260326 152400;6593;6593.5;6590.75;6592.75;1510
20260326 152500;6592.75;6594;6591.75;6592.75;1315
20260326 152600;6593;6594.25;6590.75;6591;1415
20260326 152700;6591;6592.75;6590;6591.25;1397
20260326 152800;6591.5;6592.25;6589.25;6591.25;1913
20260326 152900;6591;6594.75;6590.25;6592.25;1691
20260326 153000;6592.25;6594;6588.75;6589.5;3391
20260326 153100;6589.5;6589.5;6586.25;6587.5;3455
20260326 153200;6587.5;6588.25;6581.25;6582.5;3526
20260326 153300;6582.5;6585;6582.25;6585;2400
20260326 153400;6584.75;6586.5;6582.75;6584;2353
20260326 153500;6584;6585.5;6583;6585.25;1480
20260326 153600;6585.5;6589;6584.25;6587.5;2853
20260326 153700;6587.5;6589;6586.5;6586.75;1862
20260326 153800;6586.75;6588.75;6585.25;6588;1740
20260326 153900;6587.75;6590.75;6587;6589.25;2071
20260326 154000;6589.5;6589.75;6587.5;6588.5;1014
20260326 154100;6588.75;6590.25;6587.5;6589.75;1600
20260326 154200;6589.5;6590.75;6585.25;6586.5;2521
20260326 154300;6586.25;6587;6584.75;6586.5;1544
20260326 154400;6586.5;6587.5;6584.5;6584.75;1052
20260326 154500;6585;6585.25;6583.5;6584.75;1494
20260326 154600;6585;6587;6584;6584.25;1392
20260326 154700;6584.25;6595.75;6582.5;6591;9877
20260326 154800;6591;6592.5;6585.75;6588.25;5050
20260326 154900;6588;6589.75;6586;6589.25;2669
20260326 155000;6589;6590.75;6587.5;6588.75;1693
20260326 155100;6588.75;6591;6586.75;6588.5;2380
20260326 155200;6588.5;6590.75;6588.25;6590.25;1346
20260326 155300;6590.25;6593.75;6589.25;6593.5;1839
20260326 155400;6593.25;6593.25;6591.5;6592;1649
20260326 155500;6592.25;6592.75;6589.25;6591.25;1793
20260326 155600;6591.25;6591.75;6587.75;6588.5;1788
20260326 155700;6588;6588.25;6585;6586.25;2071
20260326 155800;6586.25;6588;6586;6587.5;1197
20260326 155900;6587.5;6589.25;6586.75;6587.25;1135
20260326 160000;6587.25;6588.75;6585.25;6588;1884
20260326 160100;6587.75;6589;6586;6587;1549
20260326 160200;6587;6588;6586.25;6587;763
20260326 160300;6586.75;6588;6584.5;6585.5;1583
20260326 160400;6585.75;6586.25;6583.25;6584.5;1776
20260326 160500;6584.5;6585.5;6584;6584.75;796
20260326 160600;6584.75;6586.25;6582.75;6584.25;1630
20260326 160700;6584;6587.25;6583.75;6586.5;1870
20260326 160800;6586.5;6589;6585.75;6586;2239
20260326 160900;6586;6589.5;6586;6588.25;1199
20260326 161000;6588;6588.5;6586.5;6587;1140
20260326 161100;6586.75;6588.5;6585;6585.25;1003
20260326 161200;6585.5;6586.25;6580.75;6581.75;3451
20260326 161300;6581.5;6585.25;6581.5;6584.75;2014
20260326 161400;6584.75;6585;6582.5;6583.5;1332
20260326 161500;6583.75;6587;6583;6585.75;2100
20260326 161600;6585.5;6585.75;6582.5;6583;1377
20260326 161700;6582.5;6583;6576.5;6577.25;6435
20260326 161800;6577.25;6578;6570.25;6574.75;8453
20260326 161900;6574.75;6582.5;6574.5;6580;5209
20260326 162000;6580;6581.5;6579.5;6580.75;2248
20260326 162100;6580.75;6580.75;6576.5;6577.5;2866
20260326 162200;6577.25;6578.5;6575;6575.5;2412
20260326 162300;6575.5;6576.5;6571;6571.75;4121
20260326 162400;6571.5;6574.25;6570;6573.75;3424
20260326 162500;6573.5;6576.25;6572.5;6576;2392
20260326 162600;6575.75;6576.5;6570;6570.75;3553
20260326 162700;6571;6571.5;6567.5;6569.75;4555
20260326 162800;6569.75;6570.25;6566;6569.25;3813
20260326 162900;6569.25;6570;6565;6565.75;3512
20260326 163000;6566;6567.5;6564.75;6566.75;3055
20260326 163100;6567;6567.5;6564.75;6565.25;4668
20260326 163200;6565;6566.25;6563.25;6565;3476
20260326 163300;6565;6565.25;6560.75;6563.25;5027
20260326 163400;6563.25;6564.75;6562.5;6563.25;2889
20260326 163500;6563.25;6567.25;6561.75;6566;3170
20260326 163600;6566.25;6568.75;6565;6566.75;3294
20260326 163700;6567;6568.5;6564.5;6568.25;2386
20260326 163800;6568;6568.75;6567.25;6568.25;1690
20260326 163900;6568.25;6568.25;6565;6565.25;1644
20260326 164000;6565.25;6566;6562.25;6563;2299
20260326 164100;6563;6564.25;6562.5;6564.25;1306
20260326 164200;6564.25;6567.25;6563.25;6565.5;1879
20260326 164300;6565.75;6566.25;6564;6564.75;1018
20260326 164400;6564.75;6566.25;6564;6565.75;849
20260326 164500;6565.75;6568.5;6564.75;6567;1698
20260326 164600;6567;6569;6566;6567.75;1776
20260326 164700;6567.5;6567.75;6563.75;6564.75;1550
20260326 164800;6564.5;6566;6564;6565.5;884
20260326 164900;6565.75;6566;6563.75;6564.25;1399
20260326 165000;6564.25;6564.5;6561.25;6563;2598
20260326 165100;6563.25;6564;6561.75;6562.25;1590
20260326 165200;6562;6565.25;6562;6564.75;1491
20260326 165300;6565;6567.5;6564.75;6565.5;2118
20260326 165400;6565.75;6567.75;6565.25;6566.75;1659
20260326 165500;6567;6567.25;6565.75;6567;839
20260326 165600;6567;6567.5;6565.25;6566;1092
20260326 165700;6566;6567.5;6565;6567;1265
20260326 165800;6566.75;6567.5;6566.25;6567.25;959
20260326 165900;6566.75;6567.5;6565.25;6567.25;834
20260326 170000;6567.25;6569.25;6566.25;6568.5;1605
20260326 170100;6568.5;6573;6567.75;6572.5;3492
20260326 170200;6572.25;6573;6570.5;6571.75;1848
20260326 170300;6571.5;6571.75;6568.25;6570.25;2079
20260326 170400;6570;6570.25;6567.5;6568.5;1070
20260326 170500;6568.5;6569.5;6565.75;6566.25;1838
20260326 170600;6566.5;6569.25;6566.25;6568.5;1171
20260326 170700;6568.75;6569.25;6567;6567.5;1133
20260326 170800;6567.5;6568;6565.75;6566.25;901
20260326 170900;6566.5;6567;6565.5;6567;943
20260326 171000;6567.25;6568.25;6566.25;6567.25;1088
20260326 171100;6567.25;6567.25;6564.5;6565.5;1786
20260326 171200;6565.25;6565.5;6564.25;6564.75;1021
20260326 171300;6564.75;6566;6563.25;6565;1789
20260326 171400;6565;6565.25;6563.25;6564;764
20260326 171500;6564;6565.25;6561.75;6561.75;1672
20260326 171600;6561.75;6563;6561.25;6561.75;1526
20260326 171700;6562;6564;6562;6563.75;967
20260326 171800;6563.75;6564.75;6563.25;6564.75;986
20260326 171900;6564.75;6565.25;6561;6561.75;1720
20260326 172000;6562;6564;6561;6563.75;1013
20260326 172100;6563.75;6564;6558.5;6559.75;3226
20260326 172200;6559.5;6560.5;6556.5;6557.25;3258
20260326 172300;6557;6558.5;6555.5;6556.5;2745
20260326 172400;6556.25;6558.25;6555.5;6557.25;1484
20260326 172500;6557.5;6558;6554.75;6555;2129
20260326 172600;6555;6556;6553.25;6554;2970
20260326 172700;6554.25;6556;6554;6554;1481
20260326 172800;6554.25;6554.25;6551.5;6553.75;3136
20260326 172900;6553.75;6555.75;6553.25;6555;1910
20260326 173000;6555.5;6558.25;6555;6558;3024
20260326 173100;6557.75;6560;6557;6558;2673
20260326 173200;6557.5;6558;6554.75;6555.5;1848
20260326 173300;6555.5;6558.5;6554.25;6557.5;1537
20260326 173400;6557.5;6560.75;6557.5;6560.25;1855
20260326 173500;6560.25;6561.75;6560;6561.75;2102
20260326 173600;6561.5;6562.5;6558.75;6560.25;2859
20260326 173700;6560;6561.25;6559;6559.75;1016
20260326 173800;6559.75;6559.75;6557;6558;1448
20260326 173900;6558;6560.5;6557.75;6558.75;1150
20260326 174000;6559;6559;6556.5;6557;879
20260326 174100;6556.75;6557.25;6554.5;6556.25;2210
20260326 174200;6556.25;6556.5;6553.75;6554.25;1251
20260326 174300;6554.25;6555.75;6552;6553;1782
20260326 174400;6553.25;6554;6549.75;6551.25;3403
20260326 174500;6551.25;6552;6550.75;6551;1439
20260326 174600;6551.5;6553;6550.25;6552;1764
20260326 174700;6552;6552.25;6550.25;6550.75;1089
20260326 174800;6551;6551.25;6547.75;6550.75;3100
20260326 174900;6550.5;6552;6549;6549.25;1792
20260326 175000;6549.5;6550;6547.5;6547.5;1551
20260326 175100;6547.5;6547.75;6543.5;6545;4417
20260326 175200;6545;6546.25;6544.25;6545;2040
20260326 175300;6545;6547;6544.75;6545;2170
20260326 175400;6545;6545.5;6543.5;6544;1234
20260326 175500;6544.25;6544.5;6542;6542.75;2297
20260326 175600;6543;6543.75;6541.5;6541.5;2123
20260326 175700;6541.5;6543;6540.75;6541.25;1612
20260326 175800;6541;6542.25;6540.5;6542;1620
20260326 175900;6542.25;6542.25;6538.5;6538.75;2349
20260326 180000;6538.75;6539;6536;6538.5;3766
20260326 180100;6538.25;6542.75;6538;6542;4069
20260326 180200;6542;6545;6541.25;6544.5;3978
20260326 180300;6544.5;6546.75;6544;6545.25;2878
20260326 180400;6545;6547.5;6542.5;6544;2346
20260326 180500;6543.75;6544.5;6542.25;6543.75;1417
20260326 180600;6543.75;6546;6543.25;6544.5;1421
20260326 180700;6544.75;6545.75;6541.25;6543;2459
20260326 180800;6543.5;6545.75;6543.25;6544.75;1180
20260326 180900;6544.75;6545.75;6543.5;6544.5;935
20260326 181000;6544.5;6545.75;6543.75;6544.75;846
20260326 181100;6545;6545.75;6541.25;6542.25;1967
20260326 181200;6542.25;6542.75;6540.5;6540.75;1772
20260326 181300;6540.75;6543.25;6540.5;6543.25;1545
20260326 181400;6543.25;6543.5;6541.75;6543;1054
20260326 181500;6543.25;6543.5;6541.5;6542.25;853
20260326 181600;6542.25;6542.5;6540.25;6540.25;1379
20260326 181700;6540.5;6542.75;6539;6542.5;2030
20260326 181800;6542.5;6542.75;6539.75;6540.25;1295
20260326 181900;6540.5;6541.75;6539.5;6541.25;919
20260326 182000;6541.25;6542.25;6540;6540.5;727
20260326 182100;6540.25;6540.5;6537.25;6538.25;2003
20260326 182200;6538.5;6540.25;6538;6540;1423
20260326 182300;6540;6541.25;6539.5;6540.75;1212
20260326 182400;6540.75;6542.5;6540.25;6541.75;1504
20260326 182500;6541.75;6543.5;6541;6542.5;1392
20260326 182600;6542.75;6544.5;6541.75;6542;2175
20260326 182700;6542;6542;6539.25;6540.5;1784
20260326 182800;6540.5;6541.25;6538.25;6538.25;1022
20260326 182900;6538.25;6538.75;6536.5;6537.25;2147
20260326 183000;6537.5;6538.5;6537.25;6537.75;868
20260326 183100;6537.75;6541.75;6537.5;6540.75;2004
20260326 183200;6540.75;6542.5;6540;6541.75;1492
20260326 183300;6541.75;6543.75;6540;6543;1446
20260326 183400;6542.75;6543;6541.75;6542.25;840
20260326 183500;6542.5;6544;6541.75;6543.5;1056
20260326 183600;6543.5;6544.75;6541.75;6544;1560
20260326 183700;6544.25;6545.25;6542.5;6544.25;1878
20260326 183800;6544;6544.5;6541.75;6542.5;1205
20260326 183900;6542.75;6546.25;6542.25;6546;1274
20260326 184000;6546;6546.5;6544.75;6546;1441
20260326 184100;6546.25;6547.25;6544.5;6545.5;1871
20260326 184200;6545.5;6545.75;6543.25;6544.5;1365
20260326 184300;6544.5;6544.75;6541;6541.5;1661
20260326 184400;6541.75;6542.75;6540.25;6541.25;1224
20260326 184500;6541;6543.75;6541;6543.5;940
20260326 184600;6543.25;6543.5;6540.75;6541;902
20260326 184700;6541.25;6543.5;6540.75;6543.25;1276
20260326 184800;6543;6545.5;6543;6545;1420
20260326 184900;6545.25;6546.75;6544;6544.75;1638
20260326 185000;6544.5;6547.25;6544.5;6546.5;1229
20260326 185100;6546.5;6548.75;6544.75;6547;2187
20260326 185200;6547;6548;6545.5;6547;1328
20260326 185300;6547;6547.75;6545.75;6546;896
20260326 185400;6545.75;6547;6544.75;6546.5;1103
20260326 185500;6546.5;6548;6545.75;6547.25;839
20260326 185600;6547;6547.25;6544.75;6546.5;1095
20260326 185700;6546.5;6546.5;6542.5;6544.75;1910
20260326 185800;6544.75;6546;6544;6544.5;981
20260326 185900;6544.5;6546.5;6544;6546.5;634
20260326 190000;6546;6546.75;6545;6546.5;1167
20260326 190100;6546.25;6547.25;6544.25;6545.25;1297
20260326 190200;6545.25;6545.75;6544;6544.75;876
20260326 190300;6544.5;6545;6541.75;6542.25;1827
20260326 190400;6542;6542.75;6538;6539.25;2703
20260326 190500;6539.25;6539.75;6538.25;6538.75;1292
20260326 190600;6538.75;6539.5;6537.25;6538;1908
20260326 190700;6538;6538.75;6535;6536.25;3375
20260326 190800;6536.25;6538;6535.25;6535.25;1619
20260326 190900;6535.5;6535.75;6531.5;6534.75;4442
20260326 191000;6534.75;6535.5;6534;6534.25;1730
20260326 191100;6534.25;6535;6531;6532.25;2230
20260326 191200;6532.25;6533.5;6531;6532.25;2122
20260326 191300;6532.5;6533.5;6531;6532;2417
20260326 191400;6532;6532;6530;6531.5;1789
20260326 191500;6531.5;6534.5;6531;6534;2612
20260326 191600;6534.25;6537.75;6533.75;6537;3157
20260326 191700;6537;6537.75;6535.5;6537;1463
20260326 191800;6536.75;6538.75;6535.75;6538;1484
20260326 191900;6537.75;6538.75;6535.75;6537.5;1387
20260326 192000;6537.75;6538.5;6536.75;6537.5;772
20260326 192100;6537.25;6537.75;6534.75;6535.75;1184
20260326 192200;6536;6536.25;6534.25;6535.5;1242
20260326 192300;6535.5;6535.5;6533.75;6534.75;1106
20260326 192400;6534.5;6535.5;6533.75;6534;929
20260326 192500;6533.75;6534;6532.5;6533.25;1323
20260326 192600;6532.75;6533.75;6530.25;6530.25;2263
20260326 192700;6530.5;6532;6530.5;6531.5;1151
20260326 192800;6531.5;6532.5;6531.25;6531.75;951
20260326 192900;6532;6532.5;6530.5;6531;936
20260326 193000;6531;6534;6530.75;6533.75;1515
20260326 193100;6534;6534.5;6531.25;6532;1847
20260326 193200;6532;6532.25;6526.25;6527.5;4424
20260326 193300;6527.25;6528.25;6526;6527;2119
20260326 193400;6527;6528;6526;6527.25;1297
20260326 193500;6527.25;6529.25;6526.75;6529.25;1565
20260326 193600;6529.25;6532.75;6527.75;6532;2892
20260326 193700;6532.25;6533;6531.5;6532;1801
20260326 193800;6532;6533;6531;6531.75;1030
20260326 193900;6531.75;6532.75;6530.25;6530.25;926
20260326 194000;6530.5;6530.75;6529;6530.25;1377
20260326 194100;6530.25;6532.25;6529.25;6531.75;1277
20260326 194200;6531.75;6532.5;6529.75;6530.25;912
20260326 194300;6530.5;6530.75;6529.25;6530.5;736
20260326 194400;6530.5;6530.5;6528;6528;1240
20260326 194500;6528.25;6528.25;6525.75;6526.75;2133
20260326 194600;6526.75;6527.25;6525.25;6525.75;1763
20260326 194700;6526;6527.75;6525.5;6527;1671
20260326 194800;6527;6527.25;6525.25;6525.75;1241
20260326 194900;6525.75;6528.25;6525.5;6528.25;1216
20260326 195000;6528.25;6529.5;6527;6528.75;1825
20260326 195100;6529.25;6530.75;6526.25;6527.5;3062
20260326 195200;6527.5;6529;6525.25;6526.75;1661
20260326 195300;6526.5;6527.5;6525.75;6526.5;1339
20260326 195400;6526.25;6526.75;6524.25;6524.75;2439
20260326 195500;6524.5;6525;6521.5;6522.25;3977
20260326 195600;6522;6525;6521;6524.75;3265
20260326 195700;6524.5;6526.25;6523.75;6526;1813
20260326 195800;6526;6526.75;6525;6525.75;1511
20260326 195900;6526;6526;6523.25;6523.75;2055
20260326 200000;6523.5;6527.25;6520.25;6523;9622
20260326 200100;6523;6524.75;6520.5;6524;3624
20260326 200200;6524.25;6525.5;6522;6522.75;1588
20260326 200300;6522.5;6523;6519.25;6521;1963
20260326 200400;6520.75;6521.25;6517;6518.5;2429
20260326 200500;6518.5;6520.75;6518.5;6520.5;1102
20260326 200600;6520.25;6523.5;6520;6523.25;1195
20260326 200700;6523.5;6523.5;6522.25;6523;566
20260326 200800;6523.25;6523.75;6522.5;6522.75;687
20260326 200900;6522.75;6524.5;6522.5;6524.25;545
20260326 201000;6524.25;6526;6523.75;6525;990
20260326 201100;6525.25;6526.5;6524.25;6526.25;956
20260326 201200;6526.25;6587.5;6525;6587.25;15788
20260326 201300;6587.25;6597.5;6550.5;6562.25;16287
20260326 201400;6562.25;6562.75;6547.75;6558.25;6466
20260326 201500;6558;6564.25;6550.75;6554.25;6364
20260326 201600;6554.25;6555.25;6542;6553.75;5687
20260326 201700;6554;6561.75;6550.75;6553.75;3919
20260326 201800;6553.5;6555.75;6549.25;6553.25;2301
20260326 201900;6554.25;6554.25;6547.25;6552.5;2355
20260326 202000;6553;6553.5;6545.25;6545.5;2052
20260326 202100;6546;6548.25;6542.75;6544.75;2148
20260326 202200;6544.75;6549.25;6544.75;6548.75;1563
20260326 202300;6549.25;6550.75;6544.5;6546.5;1222
20260326 202400;6546.5;6549.5;6545.5;6549.25;982
20260326 202500;6548.75;6549;6540.5;6543.25;2290
20260326 202600;6543;6545;6531.5;6536.25;4001
20260326 202700;6536.5;6540.25;6533;6538.75;2150
20260326 202800;6539.25;6543.5;6538.25;6541.75;1331
20260326 202900;6541.25;6543.25;6537.75;6542.75;1557
20260326 203000;6542.75;6546.5;6542;6546.25;1013
20260326 203100;6546.25;6547.25;6544;6546.25;998
20260326 203200;6546.5;6551.25;6545;6548.25;1548
20260326 203300;6548.5;6550;6545.25;6549.5;1459
20260326 203400;6549.5;6551.5;6548;6548;1058
20260326 203500;6548;6548.5;6545.5;6547;1519
20260326 203600;6547;6548.75;6546.75;6548.25;2189
20260326 203700;6548.25;6551;6547.75;6549.75;2699
20260326 203800;6550;6552.75;6549.5;6551;3193
20260326 203900;6550.75;6553.75;6550.75;6553;858
20260326 204000;6552.75;6554.75;6552.25;6553;751
20260326 204100;6553;6553.75;6551;6552;764
20260326 204200;6552;6553;6547.75;6549.25;923
20260326 204300;6549.25;6549.75;6548;6548.75;517
20260326 204400;6548.75;6550.75;6548.25;6549.75;541
20260326 204500;6549.75;6549.75;6547.5;6549.5;455
20260326 204600;6549.25;6550.5;6546.5;6546.75;889
20260326 204700;6546.75;6548.25;6546.75;6547.5;453
20260326 204800;6547.5;6548.5;6546.25;6547.75;484
20260326 204900;6547.75;6549;6546.75;6547.5;454
20260326 205000;6547.5;6548;6547;6547.25;321
20260326 205100;6547.5;6547.75;6544.75;6545.75;542
20260326 205200;6545.5;6546.25;6544.5;6544.5;535
20260326 205300;6544.75;6545.5;6544;6545.25;320
20260326 205400;6545;6545.75;6541.75;6542.25;433
20260326 205500;6542.25;6543.5;6541;6542.5;610
20260326 205600;6542.25;6543.5;6541.75;6543.5;468
20260326 205700;6543.75;6543.75;6542.25;6542.75;317
20260326 205800;6543.25;6543.25;6538.75;6538.75;441
20260326 205900;6539;6539.5;6534;6535.75;1054
20260326 210000;6535.75;6538.5;6535.25;6535.5;691
20260326 220100;6540;6542.5;6536.25;6539;1289
20260326 220200;6539;6540.5;6535.75;6539;821
20260326 220300;6539.25;6540;6535.75;6537.5;809
20260326 220400;6538;6540.5;6536;6539.75;561
20260326 220500;6539.75;6543.25;6539.75;6541;911
20260326 220600;6541;6542;6539.25;6541.5;418
20260326 220700;6541.25;6542.75;6540.5;6540.5;390
20260326 220800;6540.75;6540.75;6537.75;6538.75;448
20260326 220900;6538.75;6541.5;6538.5;6538.5;370
20260326 221000;6538.5;6539.75;6537.25;6539.25;280
20260326 221100;6539.25;6541.75;6539.25;6541;268
20260326 221200;6541.25;6543.5;6541.25;6543;434
20260326 221300;6543.25;6546.5;6542.75;6545.5;662
20260326 221400;6545.5;6546.25;6544;6545.5;397
20260326 221500;6545.5;6546;6544.75;6545.75;170
20260326 221600;6546;6547.5;6545.75;6547.25;660
20260326 221700;6547;6547.75;6546;6546.75;516
20260326 221800;6546.75;6547.75;6546.75;6547;241
20260326 221900;6546.75;6547.25;6544;6544.25;549
20260326 222000;6544.5;6545.25;6543.75;6544.25;434
20260326 222100;6544.25;6545.75;6543.75;6545.5;283
20260326 222200;6545.75;6547.5;6545.75;6546.5;331
20260326 222300;6546.25;6546.75;6545.75;6545.75;185
20260326 222400;6545.75;6546;6544;6544.25;233
20260326 222500;6544.25;6547;6543.75;6546.25;264
20260326 222600;6546.75;6546.75;6543.75;6543.75;406
20260326 222700;6543.75;6543.75;6537.5;6538.75;1262
20260326 222800;6539;6540.75;6539;6539.75;347
20260326 222900;6540;6542.75;6539.75;6542;529
20260326 223000;6541.75;6543.5;6541;6543.5;261
20260326 223100;6543.25;6544.5;6540.5;6542.5;657
20260326 223200;6542.5;6543;6540.5;6540.5;386
20260326 223300;6540.75;6541.5;6539.5;6539.5;383
20260326 223400;6539.75;6545.75;6539.75;6545;579
20260326 223500;6545;6545.25;6543;6543.5;253
20260326 223600;6543.5;6544.25;6541.25;6541.5;438
20260326 223700;6541.5;6542.75;6540.75;6541.75;292
20260326 223800;6541.75;6544;6541.5;6543.75;206
20260326 223900;6543.75;6547;6543;6546;464
20260326 224000;6546;6547;6544.75;6546.25;437
20260326 224100;6546.5;6548.25;6545.75;6548;507
20260326 224200;6548.25;6549.5;6547.5;6547.75;636
20260326 224300;6548.25;6549;6545;6545;440
20260326 224400;6545.5;6546;6543;6544.25;484
20260326 224500;6544.5;6547;6543.25;6544;533
20260326 224600;6544;6546.25;6543.75;6544.5;339
20260326 224700;6544.5;6545.5;6543.5;6545;465
20260326 224800;6544.75;6545;6541.5;6542.25;464
20260326 224900;6542.5;6543.75;6542;6543.25;150
20260326 225000;6543.5;6545.25;6543.25;6545;214
20260326 225100;6544.75;6547.5;6544.75;6547.25;461
20260326 225200;6547.25;6548.25;6546.5;6547.75;358
20260326 225300;6547.5;6549.75;6547.5;6548.25;544
20260326 225400;6548;6549;6546.25;6547.75;467
20260326 225500;6548;6549.25;6548;6548.75;198
20260326 225600;6548.75;6549.25;6547;6547.25;258
20260326 225700;6547.75;6551;6547.75;6548.25;565
20260326 225800;6548.5;6548.75;6547.25;6547.5;262
20260326 225900;6547.5;6548.25;6546;6546.25;369
20260326 230000;6546.25;6547.25;6545;6546.75;413
20260326 230100;6546.75;6549;6546.25;6549;301
20260326 230200;6549;6549.25;6547.5;6547.5;240
20260326 230300;6547.5;6548.25;6546.75;6548.25;127
20260326 230400;6548;6549.25;6548;6548.75;193
20260326 230500;6548.5;6549.25;6548;6548.75;104
20260326 230600;6548.5;6548.75;6547;6547;238
20260326 230700;6547.25;6548;6546;6546.75;255
20260326 230800;6546.75;6546.75;6545;6546;237
20260326 230900;6545.75;6546.5;6544.5;6545.25;226
20260326 231000;6545.25;6546.25;6544.75;6545;202
20260326 231100;6544.75;6545.25;6542.5;6544.5;734
20260326 231200;6544.25;6545.5;6543.75;6544.5;372
20260326 231300;6544.25;6546.25;6543.75;6545.25;498
20260326 231400;6545;6545.25;6544.5;6544.75;101
20260326 231500;6545;6545.75;6544.75;6544.75;108
20260326 231600;6544.75;6545;6542.75;6543.5;407
20260326 231700;6544;6545.75;6543.75;6545.25;228
20260326 231800;6545.25;6546.5;6545;6546;130
20260326 231900;6546;6547.25;6545.25;6547;211
20260326 232000;6547;6548;6546.75;6547.75;190
20260326 232100;6547.75;6548.25;6545.5;6546.25;302
20260326 232200;6546.5;6546.5;6543.5;6545;398
20260326 232300;6545;6545.25;6543;6543;270
20260326 232400;6543;6543.75;6542;6543.5;352
20260326 232500;6543.25;6544;6543;6543.25;179
20260326 232600;6543;6543;6542;6542.5;231
20260326 232700;6542.5;6543.75;6542.5;6543.25;165
20260326 232800;6543.25;6544.5;6542.75;6542.75;233
20260326 232900;6542.75;6543.25;6542.25;6543.25;129
20260326 233000;6543;6543.75;6543;6543.5;121
20260326 233100;6544;6545.25;6543.75;6544.5;223
20260326 233200;6544.75;6547.75;6544.75;6547.25;744
20260326 233300;6547;6547.75;6546.5;6547;249
20260326 233400;6547;6547.25;6546.25;6547;174
20260326 233500;6547;6548;6546.5;6547.75;185
20260326 233600;6547.75;6549.25;6547.5;6548.25;477
20260326 233700;6548.25;6549.5;6548;6549;216
20260326 233800;6549.25;6551.75;6549.25;6551.25;642
20260326 233900;6551;6552;6550.5;6550.75;344
20260326 234000;6550.75;6551;6549.25;6550;304
20260326 234100;6550;6550.25;6549.5;6550.25;196
20260326 234200;6550;6551;6549.25;6550.75;155
20260326 234300;6550.75;6551.5;6549.75;6549.75;268
20260326 234400;6549.75;6550.25;6548.75;6549.25;249
20260326 234500;6548.75;6550.5;6548.75;6550.5;150
20260326 234600;6550.25;6550.75;6549;6549.25;150
20260326 234700;6549.5;6552;6549.25;6551.75;309
20260326 234800;6551.75;6552.5;6550.75;6551.25;367
20260326 234900;6551.5;6552;6550.25;6551.5;214
20260326 235000;6551.5;6552;6551.25;6551.75;109
20260326 235100;6551.25;6553.75;6550.75;6553.25;519
20260326 235200;6553;6553;6551.25;6552;285
20260326 235300;6552;6553.5;6552;6553;342
20260326 235400;6553;6553.5;6551.25;6552;302
20260326 235500;6551.5;6552.5;6551.25;6552;116
20260326 235600;6552;6552.25;6551.5;6552;71
20260326 235700;6551.75;6552.25;6551;6551.5;138
20260326 235800;6551;6551.5;6549.5;6550.5;340
20260326 235900;6550.5;6551.25;6550;6550.75;235
20260327 000000;6550.75;6551.5;6550.25;6551.25;77
20260327 000100;6551.5;6557.25;6551.25;6556;1420
20260327 000200;6555.75;6557.75;6555.5;6556.5;583
20260327 000300;6556.25;6556.75;6554.5;6556;449
20260327 000400;6555.75;6557.5;6555.5;6557.25;262
20260327 000500;6557.25;6557.75;6555.5;6556.25;276
20260327 000600;6556;6556.5;6554.75;6555;224
20260327 000700;6555;6556.25;6554;6554.5;337
20260327 000800;6554.75;6554.75;6553.25;6553.75;209
20260327 000900;6553.75;6555.5;6553.5;6555.5;339
20260327 001000;6555.75;6558;6555;6558;306
20260327 001100;6557.5;6558;6555.25;6556.25;385
20260327 001200;6556;6556.25;6554.75;6555.25;222
20260327 001300;6555.25;6556.25;6554.25;6555.5;265
20260327 001400;6555.75;6555.75;6553.25;6553.5;424
20260327 001500;6553.75;6554;6551.25;6552;455
20260327 001600;6552;6552;6550.5;6551.75;562
20260327 001700;6551.5;6552.5;6548.25;6549.5;765
20260327 001800;6550;6550;6547.25;6549.75;630
20260327 001900;6550;6551.5;6549.25;6549.5;368
20260327 002000;6549.25;6550.5;6547;6547.5;440
20260327 002100;6547.25;6548.5;6544;6547.5;939
20260327 002200;6547.75;6549.25;6547.25;6548;379
20260327 002300;6548.25;6548.75;6538.25;6540.25;1720
20260327 002400;6540.25;6542.5;6538;6539.75;1066
20260327 002500;6539.75;6544;6539.25;6544;1044
20260327 002600;6543.75;6544;6540.5;6542.5;543
20260327 002700;6543;6543.25;6536.75;6542.75;1129
20260327 002800;6542.5;6543.5;6540.25;6541.5;460
20260327 002900;6541.25;6543.25;6540.25;6541;327
20260327 003000;6541;6542;6540;6541.5;312
20260327 003100;6541.75;6544;6539.5;6540.25;578
20260327 003200;6540.25;6542.25;6539.5;6542;302
20260327 003300;6542.25;6543;6540.75;6541.75;170
20260327 003400;6541.75;6542.75;6538;6538.75;501
20260327 003500;6538.75;6541.25;6538.5;6540.5;339
20260327 003600;6540.25;6541.25;6537.75;6538;331
20260327 003700;6538.25;6539.75;6537.25;6538.5;381
20260327 003800;6538.75;6539.75;6537.5;6538;260
20260327 003900;6538;6539;6536.5;6537.5;445
20260327 004000;6537.5;6538.75;6536.5;6538.75;376
20260327 004100;6538.5;6540.5;6537.25;6539.5;344
20260327 004200;6539.75;6540;6537.25;6538.25;282
20260327 004300;6538.25;6539;6537.25;6538;137
20260327 004400;6538.5;6538.75;6534.5;6534.75;790
20260327 004500;6534.75;6537.25;6534.75;6536.5;322
20260327 004600;6536.75;6536.75;6534.25;6535.75;476
20260327 004700;6535.75;6537;6534.75;6536;430
20260327 004800;6536;6537.5;6535.25;6536.5;361
20260327 004900;6536.5;6537.75;6535;6535.5;576
20260327 005000;6535.75;6537.25;6534.75;6536.5;272
20260327 005100;6536.5;6537.75;6534.75;6535;403
20260327 005200;6535.25;6536.75;6534.75;6535.75;253
20260327 005300;6536;6538.25;6535.25;6537.75;318
20260327 005400;6537.75;6538.5;6537;6537;249
20260327 005500;6537;6538.5;6535.5;6537;444
20260327 005600;6536.75;6540;6536.75;6539.25;470
20260327 005700;6539.25;6539.5;6538.25;6539.25;268
20260327 005800;6539.25;6539.5;6537.25;6538.25;275
20260327 005900;6538;6538.25;6536.5;6537.25;265
20260327 010000;6537.75;6537.75;6536.75;6537;85
20260327 010100;6536.75;6539;6536.75;6537.75;342
20260327 010200;6537.75;6538.5;6534.25;6536.75;547
20260327 010300;6536.75;6540;6536.75;6539.25;445
20260327 010400;6539;6540;6537.75;6539.5;214
20260327 010500;6539.25;6540;6538.5;6538.75;226
20260327 010600;6538.75;6541.75;6538.75;6540.75;489
20260327 010700;6540.5;6541.5;6540.25;6541.5;248
20260327 010800;6541;6541.5;6539.5;6540;251
20260327 010900;6539.5;6541;6539.25;6540.5;174
20260327 011000;6541;6542.25;6540.5;6541;348
20260327 011100;6541;6544;6540.75;6544;581
20260327 011200;6543.75;6545.25;6543.25;6545.25;440
20260327 011300;6545;6545.25;6543.5;6544.5;291
20260327 011400;6544.5;6546;6544.5;6545;276
20260327 011500;6545;6545.25;6543;6544.25;432
20260327 011600;6544.75;6546;6544.5;6545;285
20260327 011700;6544.75;6546.25;6544.5;6546.25;189
20260327 011800;6546;6547.5;6545.25;6545.25;431
20260327 011900;6545.5;6545.5;6542.75;6543;498
20260327 012000;6543;6543.75;6542.25;6543.25;240
20260327 012100;6543.25;6543.5;6542;6542.75;275
20260327 012200;6542.75;6544.5;6542.25;6544.5;260
20260327 012300;6544;6545.75;6543.75;6545.25;198
20260327 012400;6545;6545;6543.75;6544.25;129
20260327 012500;6544.5;6545.25;6544.25;6544.75;134
20260327 012600;6545;6545.25;6543.75;6544.5;129
20260327 012700;6544.25;6544.5;6544;6544.5;66
20260327 012800;6544.5;6546.75;6544.5;6546;277
20260327 012900;6546;6548;6545.75;6547.75;478
20260327 013000;6548;6548;6546.75;6547.75;258
20260327 013100;6547.75;6548;6546.5;6547;188
20260327 013200;6547;6549;6547;6549;354
20260327 013300;6548.75;6549.5;6547.75;6548.75;282
20260327 013400;6548.75;6548.75;6547.5;6548;231
20260327 013500;6548;6548.5;6546.75;6547.5;245
20260327 013600;6547.5;6548.5;6547.25;6548.5;158
20260327 013700;6548.5;6549;6548;6548.75;126
20260327 013800;6549;6549;6547;6547;220
20260327 013900;6547.25;6547.75;6546.5;6547.25;164
20260327 014000;6547.25;6547.75;6545.75;6546.25;450
20260327 014100;6546.25;6547.25;6545.25;6546.75;248
20260327 014200;6546.75;6548.25;6546.5;6547.5;252
20260327 014300;6547;6548.25;6546.5;6547.25;261
20260327 014400;6547;6547.75;6546.25;6547;147
20260327 014500;6546.75;6547;6546;6546;178
20260327 014600;6546;6547;6545.25;6545.75;306
20260327 014700;6546;6546;6542.25;6542.75;811
20260327 014800;6543;6545;6543;6544.75;278
20260327 014900;6544.75;6546;6544.75;6546;133
20260327 015000;6546;6546.25;6545;6545.25;121
20260327 015100;6545.25;6545.75;6543.75;6545;206
20260327 015200;6545;6545.5;6544.5;6545;75
20260327 015300;6545.25;6545.75;6544.5;6544.5;132
20260327 015400;6544.5;6545;6543.75;6544.25;162
20260327 015500;6544;6545.5;6544;6545.25;91
20260327 015600;6545.25;6546.25;6545;6545.75;254
20260327 015700;6545.75;6546.75;6545.5;6546.5;132
20260327 015800;6546.5;6547;6546;6546.5;106
20260327 015900;6546.5;6546.5;6545.25;6545.75;88
20260327 020000;6546;6547.5;6545.75;6547.5;227
20260327 020100;6547.75;6550.25;6547.75;6549.75;1093
20260327 020200;6549.75;6550.25;6548.25;6549.5;237
20260327 020300;6549.5;6550;6548.75;6549.25;251
20260327 020400;6549;6550;6548.25;6548.5;329
20260327 020500;6548.25;6549.75;6548.25;6549.25;289
20260327 020600;6549;6549;6546.75;6547.5;313
20260327 020700;6547.75;6548;6546.75;6547.25;178
20260327 020800;6547.75;6548.75;6547.75;6548.25;182
20260327 020900;6548.5;6548.5;6547.25;6548.25;239
20260327 021000;6548;6548.25;6547.5;6548.25;107
20260327 021100;6548.5;6548.5;6547.5;6548.5;97
20260327 021200;6548.5;6548.5;6547;6547.5;120
20260327 021300;6547.5;6548;6547;6547.25;87
20260327 021400;6547.5;6547.75;6547;6547.5;66
20260327 021500;6547.75;6548;6546.5;6546.5;115
20260327 021600;6546.5;6546.5;6545;6545.25;429
20260327 021700;6545.5;6546.5;6544.75;6545.5;258
20260327 021800;6545;6545.5;6544.25;6544.75;334
20260327 021900;6544.75;6545;6544.25;6544.5;117
20260327 022000;6544.75;6546.25;6544.75;6545.75;137
20260327 022100;6545.75;6546;6542.5;6542.5;286
20260327 022200;6542.5;6543.5;6541.5;6542.5;366
20260327 022300;6542.5;6542.75;6541.5;6542;232
20260327 022400;6541.5;6542.5;6540.5;6541.75;349
20260327 022500;6541.5;6543.5;6541.25;6542.75;197
20260327 022600;6543;6543.75;6542.5;6542.5;186
20260327 022700;6542.25;6542.75;6541.25;6541.5;206
20260327 022800;6541.5;6543.25;6541.5;6542.75;216
20260327 022900;6542.75;6545;6542.75;6543.25;323
20260327 023000;6543.5;6544.25;6543;6544.25;116
20260327 023100;6544.25;6544.25;6543;6544;162
20260327 023200;6544;6546.5;6543.5;6545.75;407
20260327 023300;6545.75;6547.75;6544.75;6547.75;292
20260327 023400;6547.5;6547.5;6545.25;6547;239
20260327 023500;6546.75;6548.25;6546.75;6548;308
20260327 023600;6548.25;6548.75;6546.75;6546.75;318
20260327 023700;6546.75;6547;6545.75;6546.75;170
20260327 023800;6546.5;6546.75;6545.25;6545.5;158
20260327 023900;6545.5;6545.75;6544.5;6545;154
20260327 024000;6545;6546;6544.5;6545.75;76
20260327 024100;6546;6546.25;6545;6546;112
20260327 024200;6545.75;6545.75;6544.25;6544.25;129
20260327 024300;6544;6544.75;6543.5;6544.5;219
20260327 024400;6544.5;6545;6543.75;6543.75;104
20260327 024500;6543.75;6545;6543.75;6544;82
20260327 024600;6544.25;6545;6543.25;6545;227
20260327 024700;6544.75;6545.5;6544.5;6545.5;72
20260327 024800;6545;6546.5;6545;6545.75;113
20260327 024900;6546.25;6546.25;6543.75;6543.75;96
20260327 025000;6544;6544;6541.75;6543;449
20260327 025100;6543;6543;6542;6542.5;151
20260327 025200;6542.75;6543.5;6542;6543.5;152
20260327 025300;6543.5;6543.75;6543.25;6543.75;68
20260327 025400;6543.5;6543.75;6542.75;6543;97
20260327 025500;6543.25;6543.5;6543;6543.5;54
20260327 025600;6543.5;6543.75;6543;6543.5;63
20260327 025700;6543.25;6543.25;6542.75;6542.75;42
20260327 025800;6542.5;6542.75;6542;6542.25;93
20260327 025900;6542.25;6542.5;6541;6541.25;140
20260327 030000;6541.25;6542;6540.75;6541.75;148
20260327 030100;6541.75;6543.25;6541.75;6543;249
20260327 030200;6542.75;6543.25;6542.25;6542.75;118
20260327 030300;6542.75;6544.5;6542.25;6543.5;184
20260327 030400;6543.5;6544.5;6543.25;6544;130
20260327 030500;6544.25;6544.5;6542.5;6542.75;123
20260327 030600;6542.75;6542.75;6540.75;6541.25;163
20260327 030700;6541.25;6541.75;6539.25;6540.25;333
20260327 030800;6540.25;6541;6540;6540.75;247
20260327 030900;6541;6541;6538.25;6539;363
20260327 031000;6539;6540.5;6539;6540;178
20260327 031100;6540.25;6541.25;6539;6539.25;172
20260327 031200;6539.5;6540.5;6539;6540.25;124
20260327 031300;6540;6543;6540;6542;275
20260327 031400;6541.75;6542.25;6541;6541;131
20260327 031500;6541;6541.5;6540.25;6540.75;99
20260327 031600;6540.25;6540.25;6539.25;6540.25;129
20260327 031700;6539.75;6540.5;6538.75;6540.25;181
20260327 031800;6540.5;6541;6540;6540.5;103
20260327 031900;6540.25;6540.75;6539.75;6540;94
20260327 032000;6540.25;6541;6539.75;6540;66
20260327 032100;6540;6540.5;6539.25;6540.25;135
20260327 032200;6540;6540.5;6539.75;6540.25;61
20260327 032300;6540.5;6540.5;6539.5;6539.75;58
20260327 032400;6540;6540.25;6539.5;6540;86
20260327 032500;6539.75;6540.25;6539;6539.25;70
20260327 032600;6539;6540;6539;6539.75;147
20260327 032700;6539.5;6539.75;6538.75;6539.75;86
20260327 032800;6539.5;6540;6539.25;6539.75;47
20260327 032900;6539.75;6541;6539.75;6540.75;129
20260327 033000;6540.75;6541.25;6540.25;6540.75;119
20260327 033100;6540.75;6543;6540.75;6542.25;354
20260327 033200;6542.25;6543.75;6541.5;6543.75;265
20260327 033300;6543.75;6543.75;6541.75;6543.75;236
20260327 033400;6543.25;6543.25;6542;6542.5;117
20260327 033500;6542.25;6544.25;6542;6544;156
20260327 033600;6544.25;6546.5;6544.25;6545.25;421
20260327 033700;6545.5;6546;6544.5;6545.75;144
20260327 033800;6546;6546.75;6545.75;6545.75;178
20260327 033900;6545.75;6547.5;6545.25;6547.5;215
20260327 034000;6547.5;6550;6547;6549.75;447
20260327 034100;6549.75;6551;6549.25;6549.25;452
20260327 034200;6549.75;6549.75;6548.5;6549;205
20260327 034300;6548.75;6549.75;6548.5;6549.75;122
20260327 034400;6549.5;6549.5;6548.75;6549.5;82
20260327 034500;6549.5;6549.5;6548.5;6548.75;141
20260327 034600;6548.75;6549;6547.25;6548.25;272
20260327 034700;6548;6550;6548;6549.25;217
20260327 034800;6549.5;6549.5;6547.5;6547.75;136
20260327 034900;6548;6548.25;6547.5;6548.25;81
20260327 035000;6548;6549.5;6548;6548.5;92
20260327 035100;6548.75;6549.25;6548.25;6549;198
20260327 035200;6549;6549.5;6548.5;6549.25;160
20260327 035300;6549.5;6551;6549.5;6550.75;396
20260327 035400;6550.5;6551;6550;6550.5;108
20260327 035500;6550.5;6550.75;6550;6550.5;140
20260327 035600;6550.5;6550.5;6549.5;6550.5;261
20260327 035700;6550.5;6551.75;6550.5;6550.75;275
20260327 035800;6550.75;6551.25;6550.5;6551;73
20260327 035900;6551;6552.25;6550.75;6552;183
20260327 040000;6552;6552.25;6551;6551.75;157
20260327 040100;6551.5;6551.75;6549.25;6550.5;199
20260327 040200;6550.25;6550.75;6549.75;6550.25;106
20260327 040300;6550.25;6550.5;6549.75;6550.5;113
20260327 040400;6550.5;6551;6549.75;6550;71
20260327 040500;6550;6550.25;6549;6549.5;114
20260327 040600;6549.25;6549.5;6548.5;6549.25;155
20260327 040700;6549.5;6550;6549;6549;79
20260327 040800;6549;6549.5;6548.25;6548.25;93
20260327 040900;6548.5;6549.25;6548.25;6548.75;105
20260327 041000;6549;6549;6548;6548.25;136
20260327 041100;6548.75;6550;6548.75;6549.75;125
20260327 041200;6549.75;6550.5;6549.5;6550;97
20260327 041300;6550;6550.25;6549.25;6550.25;88
20260327 041400;6550.25;6550.5;6549.5;6549.75;60
20260327 041500;6549.5;6549.75;6549.25;6549.75;67
20260327 041600;6549.75;6550;6549.25;6549.75;42
20260327 041700;6549.75;6550.25;6549.75;6550.25;64
20260327 041800;6550;6550.5;6549.75;6550;62
20260327 041900;6550;6550.5;6550;6550.5;31
20260327 042000;6550.5;6551.25;6550.5;6551.25;168
20260327 042100;6551.25;6552.25;6551;6552.25;158
20260327 042200;6552;6552.75;6551.5;6552.5;176
20260327 042300;6552.25;6552.75;6552.25;6552.75;155
20260327 042400;6553;6553;6551.25;6551.5;161
20260327 042500;6551.5;6551.75;6550.5;6550.75;243
20260327 042600;6551;6551.25;6549.75;6551;301
20260327 042700;6551.25;6552;6551.25;6551.5;94
20260327 042800;6551.75;6552.25;6551.5;6551.75;92
20260327 042900;6551.5;6552.25;6551.5;6551.75;75
20260327 043000;6551.75;6551.75;6550.5;6551.5;122
20260327 043100;6551;6552.5;6551;6551.75;127
20260327 043200;6551.5;6551.5;6550.75;6551.5;99
20260327 043300;6551.25;6551.75;6550.75;6551.25;78
20260327 043400;6551;6553;6551;6552.75;178
20260327 043500;6552.75;6553.25;6552.5;6553.25;215
20260327 043600;6553.25;6553.25;6552;6552.25;151
20260327 043700;6552.25;6553;6551.75;6552.5;114
20260327 043800;6552.25;6553;6552.25;6552.75;67
20260327 043900;6553;6553.75;6552.75;6552.75;196
20260327 044000;6553;6554;6552.75;6553.75;222
20260327 044100;6553.75;6554;6553;6553.25;175
20260327 044200;6553.25;6553.75;6553;6553.75;60
20260327 044300;6553.5;6553.5;6552.5;6553;186
20260327 044400;6553;6553.75;6553;6553.5;32
20260327 044500;6553.25;6553.5;6552.75;6553;85
20260327 044600;6553;6554;6552.75;6553.5;81
20260327 044700;6554;6555;6553.25;6553.75;305
20260327 044800;6553.75;6554;6553;6553.5;79
20260327 044900;6553.25;6553.75;6553;6553.5;31
20260327 045000;6553.5;6554.5;6553;6554.25;123
20260327 045100;6554;6554;6553.25;6554;59
20260327 045200;6553.75;6554.5;6553.75;6554;36
20260327 045300;6554.25;6554.25;6553.5;6553.75;79
20260327 045400;6553.75;6553.75;6552.75;6553;65
20260327 045500;6553;6554;6552.75;6553.75;84
20260327 045600;6553.75;6555;6553.75;6555;81
20260327 045700;6555;6556.75;6555;6555.5;491
20260327 045800;6555.75;6556.25;6555.25;6556;107
20260327 045900;6556;6556;6555.25;6555.25;105
20260327 050000;6555.5;6556;6555.25;6555.5;100
20260327 050100;6555.75;6557;6555.5;6556.75;191
20260327 050200;6556.75;6557.5;6555.75;6557;251
20260327 050300;6556.75;6557;6556.25;6557;121
20260327 050400;6556.75;6557;6556;6556;109
20260327 050500;6555.75;6557;6555.75;6556.25;224
20260327 050600;6556.25;6557.5;6556.25;6557.5;180
20260327 050700;6557.25;6559.25;6557;6558.5;576
20260327 050800;6558.25;6559.75;6558.25;6559.5;477
20260327 050900;6559.5;6561.5;6559.25;6561.25;802
20260327 051000;6561.25;6561.5;6560.25;6561;466
20260327 051100;6561;6563;6560.5;6562.75;845
20260327 051200;6562.5;6562.75;6561.25;6562.25;396
20260327 051300;6562;6564.75;6561.5;6564.25;769
20260327 051400;6564.5;6565.5;6562.5;6565.5;635
20260327 051500;6565.25;6567.75;6565.25;6567;980
20260327 051600;6567;6568.5;6566.75;6567.5;812
20260327 051700;6567.25;6568.5;6566.5;6566.75;298
20260327 051800;6567;6567;6565;6565;363
20260327 051900;6565.25;6566.25;6564.5;6565;292
20260327 052000;6565;6566.25;6565;6565.25;176
20260327 052100;6565;6565;6562.75;6563.5;495
20260327 052200;6563.5;6564.25;6562.75;6564;168
20260327 052300;6564;6564;6562.75;6563.25;232
20260327 052400;6563.25;6563.5;6561.75;6562;288
20260327 052500;6562.25;6562.5;6560.5;6560.5;255
20260327 052600;6560.5;6561.25;6559.5;6559.5;269
20260327 052700;6559.75;6560;6558.75;6559.25;203
20260327 052800;6559.5;6562;6559.25;6561.5;248
20260327 052900;6561.25;6562.5;6561;6562;183
20260327 053000;6562;6562;6560.5;6562;164
20260327 053100;6561.75;6563;6561.75;6562.25;241
20260327 053200;6562.75;6563;6561.75;6561.75;147
20260327 053300;6561.5;6563.25;6561.5;6562.25;72
20260327 053400;6562.25;6562.25;6559.75;6560.5;290
20260327 053500;6560.25;6561;6560;6561;57
20260327 053600;6560.75;6561;6559.5;6560.25;100
20260327 053700;6560.75;6560.75;6559;6559.75;163
20260327 053800;6560;6562.5;6560;6562.5;144
20260327 053900;6562.5;6562.75;6561.5;6562;229
20260327 054000;6562;6562;6561.25;6562;160
20260327 054100;6562;6563.5;6561.75;6562;202
20260327 054200;6562.25;6562.5;6561.5;6562.25;72
20260327 054300;6562.5;6562.75;6561.25;6562;123
20260327 054400;6562;6562.75;6561;6561.5;99
20260327 054500;6561.25;6561.5;6560.75;6560.75;47
20260327 054600;6560.75;6562.5;6560.5;6562.25;114
20260327 054700;6561.75;6563;6561.25;6562.25;48
20260327 054800;6562.25;6563.5;6562.25;6563.5;148
20260327 054900;6563.5;6564;6562.5;6562.75;146
20260327 055000;6562.5;6562.75;6561.25;6562;129
20260327 055100;6562;6562.5;6561.25;6561.75;152
20260327 055200;6561.5;6563;6561.25;6562.25;88
20260327 055300;6562.5;6562.75;6562;6562.25;85
20260327 055400;6562.25;6562.75;6562.25;6562.5;143
20260327 055500;6562.5;6563;6561.75;6562;97
20260327 055600;6562.25;6563;6562.25;6562.5;82
20260327 055700;6562.25;6563;6562;6562.25;193
20260327 055800;6562.25;6562.25;6560.25;6560.75;306
20260327 055900;6560.5;6560.75;6559.5;6559.5;209
20260327 060000;6559.5;6560.5;6559.25;6559.5;119
20260327 060100;6559.5;6560.25;6557.5;6558.75;468
20260327 060200;6558.75;6558.75;6557.25;6558;346
20260327 060300;6557.5;6557.75;6556;6556.75;384
20260327 060400;6556.75;6557.75;6556.75;6557.5;103
20260327 060500;6557.5;6558.25;6557;6557;149
20260327 060600;6557;6558.25;6556.75;6558;200
20260327 060700;6558;6559.75;6557.5;6559;118
20260327 060800;6558.75;6560.5;6558.75;6559;200
20260327 060900;6558.75;6559.75;6558.5;6559.5;138
20260327 061000;6559.75;6560.75;6559.25;6560;159
20260327 061100;6559.75;6562;6559.5;6562;254
20260327 061200;6561.75;6561.75;6559.25;6559.75;265
20260327 061300;6559.75;6560.25;6557.75;6558.25;138
20260327 061400;6558.5;6559;6558;6558.25;138
20260327 061500;6559;6561;6558.5;6561;250
20260327 061600;6561;6562.5;6560.75;6561.75;228
20260327 061700;6562.25;6564;6562;6563;398
20260327 061800;6563;6564.75;6562.25;6563.5;200
20260327 061900;6563.25;6564.5;6563.25;6563.5;154
20260327 062000;6563.5;6564.5;6563.5;6564.25;90
20260327 062100;6563.75;6565;6563.5;6565;216
20260327 062200;6564.75;6565.5;6564.25;6565.5;176
20260327 062300;6565.25;6566;6564.25;6565;132
20260327 062400;6565;6565.5;6564;6565;106
20260327 062500;6565.25;6566.75;6565.25;6566.75;294
20260327 062600;6566.5;6566.75;6564.75;6565;143
20260327 062700;6565;6565.5;6563.75;6565.5;199
20260327 062800;6565.75;6566.25;6564.5;6564.5;214
20260327 062900;6565;6566.25;6564.75;6565.75;138
20260327 063000;6565.25;6565.5;6564.25;6564.25;130
20260327 063100;6564.25;6564.5;6562;6562.75;532
20260327 063200;6562.75;6564;6560.75;6560.75;263
20260327 063300;6560.5;6561.5;6559.25;6559.75;412
20260327 063400;6559.5;6560;6558;6558.75;323
20260327 063500;6558.75;6559.75;6558.25;6558.5;122
20260327 063600;6558.5;6559.25;6557.75;6558;159
20260327 063700;6558;6559;6557.75;6559;92
20260327 063800;6559;6559.75;6558.25;6558.5;193
20260327 063900;6558.5;6559;6556.75;6557.5;254
20260327 064000;6558;6559;6557.5;6557.5;63
20260327 064100;6558;6559.5;6557.75;6558.75;106
20260327 064200;6559;6559.25;6558.5;6558.5;117
20260327 064300;6558.5;6559.75;6558.5;6559.25;126
20260327 064400;6559;6560.25;6559;6559.5;132
20260327 064500;6559.25;6559.5;6558;6558;115
20260327 064600;6558;6558.25;6557;6558;139
20260327 064700;6557.5;6558.25;6557.25;6557.25;68
20260327 064800;6557.75;6558.5;6555;6555.25;483
20260327 064900;6555;6555.75;6553.5;6554.5;444
20260327 065000;6554.25;6555;6553.25;6554.5;268
20260327 065100;6554.5;6554.5;6552.5;6553;308
20260327 065200;6553.25;6554;6553;6553.5;138
20260327 065300;6553.75;6553.75;6551.75;6552;234
20260327 065400;6552;6553.25;6552;6553;108
20260327 065500;6553;6555.25;6552.75;6554.75;160
20260327 065600;6554.5;6555.25;6553.75;6554;169
20260327 065700;6554;6554.75;6554;6554.5;83
20260327 065800;6554.5;6554.5;6554;6554.25;120
20260327 065900;6554.25;6554.5;6553.75;6554.5;51
20260327 070000;6554.5;6554.5;6553.5;6554.25;41
20260327 070100;6554.5;6555;6552.25;6553.25;247
20260327 070200;6552.5;6554;6552.25;6552.75;166
20260327 070300;6552.5;6553.75;6551.75;6553;250
20260327 070400;6553;6553;6551.75;6552.25;105
20260327 070500;6552.5;6553.5;6552;6552.5;152
20260327 070600;6553;6553.5;6551.75;6552;105
20260327 070700;6551.75;6552;6549.25;6550;365
20260327 070800;6550.25;6550.75;6549.25;6549.5;180
20260327 070900;6549.25;6550.25;6547;6548.25;381
20260327 071000;6548.25;6550.25;6547.5;6549.75;179
20260327 071100;6549.5;6551.25;6548.75;6550.5;272
20260327 071200;6551.25;6552.5;6550.75;6552.25;174
20260327 071300;6552;6552.5;6551;6551.5;118
20260327 071400;6551.5;6551.75;6548.75;6549;213
20260327 071500;6549;6550;6548;6550;172
20260327 071600;6549.75;6549.75;6547.75;6548.25;158
20260327 071700;6548.25;6549.25;6548.25;6549;151
20260327 071800;6548.5;6549.25;6548;6548.25;107
20260327 071900;6548.25;6548.75;6548;6548.25;76
20260327 072000;6548;6548.5;6547.5;6548.5;128
20260327 072100;6548.25;6549.5;6548.25;6549.5;127
20260327 072200;6549.25;6549.25;6547.75;6547.75;76
20260327 072300;6547.75;6548;6547.25;6547.5;94
20260327 072400;6547.75;6547.75;6545.5;6546.75;315
20260327 072500;6546.5;6547.25;6545.75;6546.25;155
20260327 072600;6546.25;6547.75;6546.25;6546.5;89
20260327 072700;6546.5;6546.5;6544.5;6545.25;372
20260327 072800;6545;6545.5;6543.75;6544.75;291
20260327 072900;6545;6545;6542.75;6543.25;327
20260327 073000;6543.75;6544.5;6542.25;6543;207
20260327 073100;6543;6544.75;6542.5;6543;292
20260327 073200;6543;6543;6541.5;6542;213
20260327 073300;6542.25;6544.25;6542.25;6543.25;283
20260327 073400;6543.5;6545;6542.5;6545;258
20260327 073500;6544.75;6545;6544;6544;117
20260327 073600;6544;6545;6543;6544.75;259
20260327 073700;6545;6546.5;6545;6546;406
20260327 073800;6546;6547.5;6546;6546.5;229
20260327 073900;6546.75;6547.5;6545.5;6547.25;236
20260327 074000;6547.25;6547.5;6544.5;6545;259
20260327 074100;6544.75;6546;6542.75;6543.75;306
20260327 074200;6543.5;6544.5;6542.25;6542.75;330
20260327 074300;6542.5;6544;6542.5;6543;158
20260327 074400;6543.25;6546.5;6543;6546.5;179
20260327 074500;6546.5;6546.5;6545;6545.5;154
20260327 074600;6545;6546;6544.5;6545.5;197
20260327 074700;6545.75;6547.75;6545.5;6547.75;161
20260327 074800;6547.5;6549.75;6547.5;6549.5;469
20260327 074900;6549.75;6550.25;6547.5;6548.25;282
20260327 075000;6548.25;6550;6547.5;6549;274
20260327 075100;6549;6549.75;6546;6546.75;238
20260327 075200;6546.5;6547.25;6546;6546;231
20260327 075300;6546;6546.25;6543.75;6544.75;343
20260327 075400;6544.5;6546.5;6544.25;6545.25;146
20260327 075500;6545;6547;6545;6545.75;192
20260327 075600;6545.5;6546.5;6545.25;6545.5;80
20260327 075700;6545.25;6547.25;6545.25;6547.25;185
20260327 075800;6547.25;6547.5;6546.75;6547.25;78
20260327 075900;6547.25;6547.5;6545.75;6547.25;191
20260327 080000;6546.75;6547.75;6546;6546.5;147
20260327 080100;6547;6547;6543.75;6546.75;588
20260327 080200;6546.5;6551.75;6543;6544.25;1491
20260327 080300;6545;6546.25;6541.25;6542.25;977
20260327 080400;6542.5;6545;6538;6543.75;1482
20260327 080500;6544.25;6545.75;6542;6542.5;395
20260327 080600;6542.25;6542.75;6537;6538.5;714
20260327 080700;6538.75;6542.25;6538.75;6541.5;435
20260327 080800;6541.75;6541.75;6537.5;6537.75;395
20260327 080900;6537.5;6539.5;6535.75;6536.25;586
20260327 081000;6536.25;6537.5;6534.25;6536.75;755
20260327 081100;6537;6538.25;6535.25;6535.25;545
20260327 081200;6536;6539.25;6535.5;6538.75;437
20260327 081300;6538.25;6539;6535.25;6538.75;519
20260327 081400;6538.75;6541;6538.5;6539.25;441
20260327 081500;6539;6539.5;6537;6538.25;268
20260327 081600;6538.25;6540.75;6536.5;6540.75;390
20260327 081700;6540.25;6540.75;6536.5;6538;524
20260327 081800;6538.25;6539;6532.25;6532.5;798
20260327 081900;6532.5;6535.5;6531.5;6533;492
20260327 082000;6532.75;6534.5;6531.5;6532.5;552
20260327 082100;6532.25;6533;6530.25;6531.25;586
20260327 082200;6531.25;6537.25;6531;6536.25;731
20260327 082300;6536.25;6536.5;6532.5;6534.5;368
20260327 082400;6534.25;6534.5;6532.75;6533;203
20260327 082500;6533;6533;6531.5;6532.25;326
20260327 082600;6531.75;6533.5;6530;6531.25;564
20260327 082700;6531;6532.5;6530.25;6531.25;413
20260327 082800;6531;6531.25;6529;6529.75;514
20260327 082900;6529.75;6530;6526.75;6528.5;761
20260327 083000;6528.5;6529.75;6527.25;6529;422
20260327 083100;6528.75;6533;6528.5;6530.75;784
20260327 083200;6530.75;6532.25;6529.75;6530.5;288
20260327 083300;6530.75;6533.75;6530.5;6533.75;423
20260327 083400;6533.5;6535.25;6531.25;6532.5;517
20260327 083500;6532.25;6533.25;6531;6531.25;247
20260327 083600;6531.75;6533;6527.25;6527.75;690
20260327 083700;6527.75;6529.25;6524.5;6528.75;1262
20260327 083800;6528.5;6528.5;6526;6526;438
20260327 083900;6526.5;6528.75;6526;6527;422
20260327 084000;6526.5;6527.25;6524.25;6524.5;429
20260327 084100;6524.75;6525.25;6523;6524;777
20260327 084200;6524.5;6527.25;6524;6527.25;689
20260327 084300;6527.25;6528.5;6525.75;6527.25;545
20260327 084400;6527.25;6528.25;6526;6526.25;485
20260327 084500;6526.25;6528.25;6524.75;6527.75;421
20260327 084600;6527.75;6529.5;6526.75;6529;391
20260327 084700;6529.25;6529.25;6525.75;6525.75;299
20260327 084800;6526;6528;6525.5;6525.75;218
20260327 084900;6525.5;6527.25;6524.75;6527.25;340
20260327 085000;6527.25;6527.5;6525.75;6526.5;299
20260327 085100;6526.25;6530.25;6526.25;6529;302
20260327 085200;6529.25;6529.5;6525.75;6526;285
20260327 085300;6526;6527.25;6523.75;6524.25;496
20260327 085400;6524;6524;6522.5;6523.5;518
20260327 085500;6523.75;6525.25;6522.5;6525.25;319
20260327 085600;6525.25;6525.5;6522.25;6522.75;410
20260327 085700;6523;6524.25;6522.75;6522.75;286
20260327 085800;6523;6526;6522.5;6524.75;312
20260327 085900;6524.75;6525;6522.75;6524.25;252
20260327 090000;6524;6525.5;6523;6523.5;284
20260327 090100;6523.5;6525;6523;6523.75;368
20260327 090200;6523.75;6526.25;6520.5;6520.75;933
20260327 090300;6521;6524.75;6520.25;6523;765
20260327 090400;6523.25;6524.5;6522.25;6522.75;247
20260327 090500;6522.75;6522.75;6517.25;6518;1263
20260327 090600;6517.75;6519;6515;6516.75;1199
20260327 090700;6516.75;6517.25;6512;6514;1135
20260327 090800;6513.75;6515;6513.25;6514.25;374
20260327 090900;6514.25;6515.5;6511.75;6512.5;620
20260327 091000;6512.5;6513.75;6511;6512;668
20260327 091100;6511.75;6513;6509.75;6510;815
20260327 091200;6510.25;6512.5;6508.75;6512.25;659
20260327 091300;6512.25;6517.5;6512.25;6517.25;821
20260327 091400;6516.75;6519.75;6515.5;6518.25;868
20260327 091500;6518.25;6519.5;6515.5;6516.5;408
20260327 091600;6516.75;6520;6515.25;6519.25;482
20260327 091700;6519;6519;6517;6518.25;380
20260327 091800;6518.5;6519.5;6517;6518;337
20260327 091900;6517.75;6520;6516.25;6519.75;349
20260327 092000;6520;6524.5;6519.75;6522.5;947
20260327 092100;6522.5;6524;6521.25;6521.25;484
20260327 092200;6521.75;6524.5;6521.25;6522;586
20260327 092300;6521.75;6524;6520;6521.5;654
20260327 092400;6521.25;6522;6518;6518.5;668
20260327 092500;6518.75;6521.75;6518.75;6521.25;307
20260327 092600;6521;6525.75;6521;6525.5;455
20260327 092700;6525.25;6528.5;6523.75;6528;783
20260327 092800;6528;6529.25;6526.75;6527;648
20260327 092900;6527.25;6527.25;6524.75;6525.25;287
20260327 093000;6525.5;6527.75;6525.5;6526.5;285
20260327 093100;6526.75;6527;6524.25;6524.25;402
20260327 093200;6524.5;6526.75;6523.75;6526;254
20260327 093300;6526.25;6532;6526.25;6530.5;842
20260327 093400;6530.5;6530.75;6529;6530;344
20260327 093500;6530.25;6530.25;6528;6528.75;323
20260327 093600;6529;6529.5;6526;6526;290
20260327 093700;6526.25;6527.75;6525.5;6525.75;411
20260327 093800;6526;6526.5;6523.5;6524.75;404
20260327 093900;6525;6526.5;6524.75;6525.25;374
20260327 094000;6525;6526.25;6523.75;6525;198
20260327 094100;6525;6525.25;6522.5;6522.75;329
20260327 094200;6523.25;6524.5;6522.25;6524.5;263
20260327 094300;6524.25;6525.25;6523.5;6524.5;143
20260327 094400;6524.25;6525.75;6523;6525.25;277
20260327 094500;6525.25;6526.25;6524.5;6525.75;208
20260327 094600;6525.5;6525.75;6520.25;6521.25;715
20260327 094700;6521.5;6522.25;6519;6521;680
20260327 094800;6521.25;6521.75;6519.75;6520;283
20260327 094900;6520.25;6520.25;6517;6518;435
20260327 095000;6518.25;6519;6515.5;6517.25;646
20260327 095100;6517.5;6521;6517;6519.25;468
20260327 095200;6519.25;6519.25;6517.25;6518.25;212
20260327 095300;6518.25;6518.5;6517.25;6517.5;128
20260327 095400;6517.75;6518.5;6516.5;6517;196
20260327 095500;6517;6518.25;6517;6517.5;161
20260327 095600;6517.5;6518.5;6516;6516.5;366
20260327 095700;6516.25;6518.5;6516;6518.5;130
20260327 095800;6518.25;6519;6517.5;6517.75;240
20260327 095900;6517.5;6518.25;6516.75;6517;220
20260327 100000;6517.25;6517.25;6513.5;6515.25;645
20260327 100100;6515.5;6516;6511.75;6514;828
20260327 100200;6513.75;6514.75;6512.5;6514.25;317
20260327 100300;6514.25;6517.5;6512;6517.5;622
20260327 100400;6517.25;6517.75;6515;6516.75;441
20260327 100500;6516.5;6517;6514.5;6515;290
20260327 100600;6514.75;6517.5;6514.5;6517.25;242
20260327 100700;6517.25;6519.25;6516.25;6518.25;547
20260327 100800;6518.25;6521.25;6518.25;6520.75;511
20260327 100900;6520.5;6522.5;6519.75;6520.25;407
20260327 101000;6520.25;6520.75;6517.25;6519;455
20260327 101100;6518.75;6518.75;6516;6517;286
20260327 101200;6518;6518;6515;6516.25;469
20260327 101300;6516.5;6517.5;6515.25;6516.25;211
20260327 101400;6516;6517.25;6513.25;6513.75;474
20260327 101500;6513.75;6515.25;6513.75;6514.5;283
20260327 101600;6514.5;6515.25;6513.75;6514.75;220
20260327 101700;6514.5;6515.75;6514;6515.25;164
20260327 101800;6515.25;6518.75;6515.25;6517.5;380
20260327 101900;6517.5;6517.75;6515.75;6516.25;131
20260327 102000;6516.25;6517.5;6515.25;6515.75;276
20260327 102100;6515.75;6516.25;6513.75;6514.75;247
20260327 102200;6514.5;6515;6513.5;6514;138
20260327 102300;6514.25;6514.25;6512.5;6514;266
20260327 102400;6513.75;6515;6513.5;6514.25;252
20260327 102500;6514.25;6517.25;6514.25;6514.75;371
20260327 102600;6515.5;6516.5;6514.75;6514.75;140
20260327 102700;6515;6519;6513;6518.75;463
20260327 102800;6518.5;6518.75;6515.5;6516.25;275
20260327 102900;6516;6516.5;6513.75;6515;335
20260327 103000;6515;6515.5;6514;6514;199
20260327 103100;6514.5;6516.5;6513.5;6515.75;280
20260327 103200;6515.75;6516.75;6514.5;6515.25;228
20260327 103300;6515.25;6515.5;6511.5;6512.25;333
20260327 103400;6512.25;6513;6510.25;6511;631
20260327 103500;6510.75;6513.75;6510.75;6512.75;400
20260327 103600;6512.5;6512.75;6507.5;6509.75;1069
20260327 103700;6509.5;6511;6508.75;6509.75;415
20260327 103800;6509.5;6510;6506.25;6508.5;607
20260327 103900;6508.5;6508.5;6504.75;6506.5;726
20260327 104000;6506.5;6507.75;6504.5;6505;665
20260327 104100;6505.25;6506.25;6504;6504.75;579
20260327 104200;6504.5;6505.25;6503;6504;450
20260327 104300;6503.75;6508;6502;6507;1433
20260327 104400;6507.25;6507.25;6504.75;6506;408
20260327 104500;6506.25;6506.75;6505.25;6505.5;340
20260327 104600;6505.75;6505.75;6502.25;6503.25;946
20260327 104700;6503.25;6506;6502.5;6505.25;452
20260327 104800;6505;6506;6503.75;6504.25;334
20260327 104900;6504.5;6504.75;6501.25;6502.25;532
20260327 105000;6502.5;6503.5;6502;6502.5;301
20260327 105100;6502.25;6503.25;6501;6501.5;294
20260327 105200;6501.75;6502.75;6500;6502.25;1085
20260327 105300;6502.25;6503;6501.75;6502.25;459
20260327 105400;6502.25;6503.75;6501.5;6502.5;357
20260327 105500;6502.75;6503.5;6502.25;6502.75;281
20260327 105600;6502.5;6502.5;6497.5;6498.25;1262
20260327 105700;6498.25;6499;6497.25;6499;667
20260327 105800;6499;6499.5;6495.5;6496.75;1211
20260327 105900;6496.5;6496.5;6494.25;6496.25;639
20260327 110000;6496.5;6497.75;6496;6497.75;581
20260327 110100;6498;6499.75;6492.5;6494;1443
20260327 110200;6493.75;6494;6491;6491.75;1547
20260327 110300;6492;6495.5;6491.25;6494.5;1267
20260327 110400;6494.25;6496.5;6493.25;6494;734
20260327 110500;6494.25;6495;6492.5;6493.25;940
20260327 110600;6493.25;6495;6491.25;6491.5;676
20260327 110700;6491.5;6492.75;6490.5;6492.5;464
20260327 110800;6492;6492.5;6490.75;6490.75;472
20260327 110900;6490.75;6493;6489.5;6492.5;944
20260327 111000;6492.5;6494.75;6492.25;6493.75;673
20260327 111100;6493.75;6496.25;6493.25;6495.75;602
20260327 111200;6495.75;6496;6492.75;6493.5;562
20260327 111300;6493.5;6494.5;6491.75;6492.75;486
20260327 111400;6493;6496;6492.75;6493.75;628
20260327 111500;6494.25;6495;6492.25;6493.25;254
20260327 111600;6493;6496.5;6492.75;6495.75;622
20260327 111700;6495.5;6496.5;6495;6495.75;490
20260327 111800;6495.75;6496.75;6493.75;6494.25;477
20260327 111900;6494.25;6496;6492.25;6496;487
20260327 112000;6495.75;6496;6494.25;6495.5;352
20260327 112100;6495.25;6497.5;6494.75;6495.75;576
20260327 112200;6495.75;6497.5;6495;6496.25;557
20260327 112300;6496.25;6497.25;6494.25;6496.75;512
20260327 112400;6496.75;6496.75;6495.5;6496.25;207
20260327 112500;6496.25;6498;6495.5;6496.5;535
20260327 112600;6496.5;6497;6494.25;6496.5;491
20260327 112700;6496.25;6499;6495.75;6497.5;436
20260327 112800;6497.25;6499.75;6497.25;6498.5;415
20260327 112900;6498.5;6499;6497.25;6498.75;319
20260327 113000;6498.75;6500;6498.5;6499.5;495
20260327 113100;6499.5;6501;6499;6500.25;677
20260327 113200;6500.25;6500.5;6497.25;6497.25;414
20260327 113300;6497.5;6499.25;6497;6497.75;424
20260327 113400;6497.75;6499.25;6497.5;6498;246
20260327 113500;6497.75;6498.75;6496.5;6498.75;328
20260327 113600;6498.75;6499;6496;6496;314
20260327 113700;6496;6498.5;6495;6498.25;582
20260327 113800;6498.5;6499;6497.75;6498.5;269
20260327 113900;6498.25;6499.25;6497;6497.75;436
20260327 114000;6497.75;6500.25;6497;6497;441
20260327 114100;6497;6499.25;6496.5;6498.75;197
20260327 114200;6498.5;6499.75;6497.25;6499;208
20260327 114300;6498.75;6499.75;6497.75;6498.75;280
20260327 114400;6498.75;6501.25;6497.75;6500.5;642
20260327 114500;6500.5;6502;6499.5;6500.75;415
20260327 114600;6500.75;6502;6499.75;6500.75;357
20260327 114700;6500.75;6504.5;6500.75;6503;877
20260327 114800;6503.25;6504.5;6502.75;6504.25;406
20260327 114900;6504.25;6507;6504;6506.25;620
20260327 115000;6506.5;6507.5;6504.75;6506.25;642
20260327 115100;6506.25;6507.75;6505.25;6506;536
20260327 115200;6506;6506.75;6503.5;6504;674
20260327 115300;6503.75;6504.75;6503;6503.75;478
20260327 115400;6503.5;6503.75;6501.25;6503.25;551
20260327 115500;6503;6507.5;6502.5;6507;674
20260327 115600;6507;6509.25;6506.75;6508;918
20260327 115700;6507.75;6507.75;6504;6504;655
20260327 115800;6504.25;6506;6503.5;6503.75;460
20260327 115900;6503.5;6504.25;6501.25;6502;619
20260327 120000;6502;6502.25;6498.75;6501.75;1033
20260327 120100;6502;6503.5;6500.75;6501.25;681
20260327 120200;6501.25;6501.25;6499;6501;747
20260327 120300;6501;6502.25;6499;6499.75;781
20260327 120400;6499.75;6500.25;6496.75;6498.75;1035
20260327 120500;6498.75;6499;6495.75;6496.75;988
20260327 120600;6496.75;6497;6493;6494.25;1074
20260327 120700;6494.25;6494.75;6492;6493;821
20260327 120800;6493.25;6495.75;6492.5;6494.75;831
20260327 120900;6494.5;6494.5;6491.5;6492.25;653
20260327 121000;6492.25;6493.75;6491.5;6492.75;496
20260327 121100;6492.75;6493.25;6490.5;6491;502
20260327 121200;6491;6495.25;6491;6494.75;800
20260327 121300;6494.5;6496;6493.75;6496;519
20260327 121400;6495.5;6496.75;6494.5;6496;372
20260327 121500;6495.75;6496.25;6494;6495;361
20260327 121600;6495;6496.5;6494;6495.75;316
20260327 121700;6495.75;6498.25;6494.75;6497.75;772
20260327 121800;6497.5;6499.25;6495.75;6499;482
20260327 121900;6499.25;6501;6499.25;6499.5;622
20260327 122000;6499.75;6500.5;6497.75;6497.75;405
20260327 122100;6497.75;6498;6493.75;6494.75;771
20260327 122200;6494.5;6495.75;6494;6494.5;490
20260327 122300;6494.25;6496.5;6494.25;6495.75;314
20260327 122400;6495.5;6497.5;6495.5;6496.75;355
20260327 122500;6496.5;6498.25;6496;6498.25;303
20260327 122600;6498.5;6500.25;6497.5;6498.75;547
20260327 122700;6498.5;6498.5;6496.25;6496.5;318
20260327 122800;6496.5;6498.25;6496.5;6497.75;271
20260327 122900;6497.75;6498.25;6496.5;6497.5;213
20260327 123000;6497.75;6499;6496.75;6498.5;201
20260327 123100;6498.75;6500;6497.5;6498;467
20260327 123200;6498.25;6498.75;6495.75;6497.75;443
20260327 123300;6497.25;6498.5;6496.5;6497.5;293
20260327 123400;6497.5;6497.75;6496.25;6496.5;149
20260327 123500;6497;6497.75;6492.5;6494.5;967
20260327 123600;6494.5;6495.25;6491;6492.5;687
20260327 123700;6492.75;6494;6491.5;6492.75;477
20260327 123800;6492.5;6493.75;6491.75;6493;449
20260327 123900;6493.25;6493.5;6491.5;6492.75;381
20260327 124000;6492.75;6496.25;6492.5;6495.5;564
20260327 124100;6495.5;6496.5;6494.75;6495.75;453
20260327 124200;6495.75;6498;6494.75;6496.5;571
20260327 124300;6496.25;6497;6494.25;6495;571
20260327 124400;6494.75;6494.75;6493.25;6493.75;317
20260327 124500;6493.75;6495;6491.5;6495;803
20260327 124600;6495.25;6496.5;6493.5;6494.75;681
20260327 124700;6494.75;6496.25;6494;6494;478
20260327 124800;6494;6494.5;6491.25;6493;558
20260327 124900;6493.25;6493.75;6487;6489.75;1544
20260327 125000;6490;6490.75;6487;6489;1848
20260327 125100;6488.75;6489;6487;6488;548
20260327 125200;6488.25;6493;6488.25;6492.75;787
20260327 125300;6492.75;6493;6491;6492.25;462
20260327 125400;6492.25;6495.25;6492.25;6493;854
20260327 125500;6493;6494.25;6492;6493;470
20260327 125600;6493.5;6493.5;6492;6493;312
20260327 125700;6492.75;6493.25;6488.5;6488.75;1044
20260327 125800;6489;6489.75;6488.75;6489.25;374
20260327 125900;6489.75;6492.5;6489.25;6491.25;569
20260327 130000;6491.25;6492.25;6490.5;6490.5;390
20260327 130100;6490.75;6492;6487;6488;1438
20260327 130200;6487.5;6490;6487.5;6487.75;744
20260327 130300;6487.75;6489;6485.75;6486;1079
20260327 130400;6486;6486.75;6482.75;6485.75;2405
20260327 130500;6485.5;6488.5;6485;6487.5;1256
20260327 130600;6487.75;6488;6484.75;6485.5;704
20260327 130700;6485.5;6486.25;6483;6485.5;970
20260327 130800;6485.5;6487;6483.5;6485.25;802
20260327 130900;6485;6486.5;6484.75;6485.75;452
20260327 131000;6485.75;6486;6479.5;6483.5;2170
20260327 131100;6484;6484.75;6480;6481;1310
20260327 131200;6481.5;6483;6479.5;6482;979
20260327 131300;6482.25;6484.25;6480.25;6482;1035
20260327 131400;6482;6484.5;6480.75;6483.5;698
20260327 131500;6484;6484.25;6481.75;6483;473
20260327 131600;6482.75;6486;6482.25;6485.25;1015
20260327 131700;6485.25;6488;6485;6486;1180
20260327 131800;6485.5;6487.25;6484.25;6486;968
20260327 131900;6486;6487.25;6484.5;6487;621
20260327 132000;6487;6488.25;6485.5;6487;626
20260327 132100;6486.75;6491;6486.75;6490.75;1505
20260327 132200;6490.75;6492;6489.75;6490.5;1176
20260327 132300;6490.5;6491;6488.25;6489.25;740
20260327 132400;6489;6489.75;6487.25;6488.75;733
20260327 132500;6488.5;6493;6488.25;6492;968
20260327 132600;6491.75;6497;6491.25;6493.75;2116
20260327 132700;6493.5;6495;6492.75;6494.75;883
20260327 132800;6494.75;6494.75;6491.25;6493.75;977
20260327 132900;6494;6495.25;6492.75;6494.25;798
20260327 133000;6494.75;6496.25;6493.25;6494.75;857
20260327 133100;6494.5;6495.75;6487.75;6488;5765
20260327 133200;6488;6488.25;6479.75;6480;5658
20260327 133300;6480;6480.5;6474.25;6480.25;7273
20260327 133400;6480.25;6481.5;6476.75;6477;3344
20260327 133500;6477;6478;6472;6473.5;4671
20260327 133600;6473.5;6474.25;6467.5;6468.75;5913
20260327 133700;6468.75;6472.5;6466.25;6467;5347
20260327 133800;6466.75;6477;6466.5;6475.25;5573
20260327 133900;6475;6479;6473.75;6477.75;4021
20260327 134000;6477.5;6481.5;6476.5;6478.5;4151
20260327 134100;6478.25;6482.5;6475.75;6479.75;4660
20260327 134200;6479.75;6484;6474.75;6477.5;4599
20260327 134300;6477.5;6478;6474.5;6476.5;2418
20260327 134400;6476.75;6481.25;6474;6479.25;3469
20260327 134500;6479.25;6483.25;6478.75;6479.5;3202
20260327 134600;6479.25;6487.75;6479;6486.75;5774
20260327 134700;6486.75;6491;6485.75;6490;4708
20260327 134800;6490;6492;6488.5;6490;3537
20260327 134900;6489.75;6493.5;6488;6492;3494
20260327 135000;6492;6493.75;6486.25;6487.5;3880
20260327 135100;6487.5;6489.25;6477.5;6478.5;6391
20260327 135200;6478.5;6481.25;6474;6474.25;5288
20260327 135300;6474;6476.75;6471.25;6473;3923
20260327 135400;6472.75;6475;6468.5;6470.75;3796
20260327 135500;6470.75;6471.25;6467.75;6468.5;2658
20260327 135600;6468.75;6468.75;6462.5;6464.5;6634
20260327 135700;6464.75;6465;6456.75;6459.25;5993
20260327 135800;6459.25;6461.5;6457.5;6459;3590
20260327 135900;6458.75;6460.25;6454;6455.5;4034
20260327 140000;6455.25;6462.5;6455;6458.75;3861
20260327 140100;6458.25;6465.5;6454.5;6464;6295
20260327 140200;6464;6466;6456;6457.5;4953
20260327 140300;6457.5;6465;6456.75;6464.75;3849
20260327 140400;6465;6467;6459.5;6461;4254
20260327 140500;6461;6464.25;6460.75;6463.25;2164
20260327 140600;6463.5;6465.75;6460.25;6464.75;2968
20260327 140700;6464.75;6465.25;6460;6461.25;2165
20260327 140800;6461.25;6464.75;6458;6463;3181
20260327 140900;6463.25;6464.25;6456.25;6456.5;2951
20260327 141000;6456.75;6460;6455.25;6457;3188
20260327 141100;6457;6463.25;6456.5;6459.5;3487
20260327 141200;6459.75;6464.75;6459.5;6463.5;2248
20260327 141300;6463.5;6468.5;6463.5;6466.5;4784
20260327 141400;6466.5;6467.75;6460.25;6460.25;3424
20260327 141500;6460.25;6467.75;6460.25;6465.75;3316
20260327 141600;6465.75;6470.25;6464;6469.75;3991
20260327 141700;6469.25;6474.75;6468;6473.25;5017
20260327 141800;6473.25;6475.75;6471;6475.75;3428
20260327 141900;6475.75;6476.25;6469.75;6472.5;3186
20260327 142000;6472.75;6475.75;6472;6474;2129
20260327 142100;6474;6477;6474;6476.25;2765
20260327 142200;6476.25;6476.75;6470.25;6472.5;2901
20260327 142300;6472.75;6473.25;6463.25;6465;5599
20260327 142400;6465.25;6468.5;6463.5;6463.5;3162
20260327 142500;6463.75;6467.25;6462.5;6466.5;2786
20260327 142600;6466.5;6472.5;6466;6468;4198
20260327 142700;6468.25;6469;6461.75;6463.75;3540
20260327 142800;6464;6465.25;6461;6461.75;2408
20260327 142900;6462;6464;6460.25;6461;2083
20260327 143000;6461.25;6462.25;6459.25;6459.5;2272
20260327 143100;6459.5;6462.75;6458.75;6460.25;3316
20260327 143200;6460.25;6465.25;6459.75;6464.75;3314
20260327 143300;6464.5;6464.5;6459;6461.25;2235
20260327 143400;6461.5;6465;6460.5;6463;1750
20260327 143500;6463;6465.75;6461.75;6464.5;2011
20260327 143600;6464.75;6466;6460.25;6463;2124
20260327 143700;6463;6464.75;6460.75;6462.5;1475
20260327 143800;6462.75;6464.25;6461.5;6462.25;819
20260327 143900;6462.25;6462.75;6455.25;6458;4212
20260327 144000;6458.25;6460.25;6455.5;6457;2424
20260327 144100;6457;6461.5;6456;6459.5;2536
20260327 144200;6459.25;6459.75;6455.75;6457.75;1768
20260327 144300;6457.25;6460.5;6456.75;6459.25;1543
20260327 144400;6459.25;6459.5;6455.75;6456.75;1470
20260327 144500;6457;6459.5;6456.5;6459.5;1118
20260327 144600;6459.5;6462.75;6456;6456.75;2983
20260327 144700;6456.5;6457.75;6451;6456.5;6017
20260327 144800;6456.25;6464;6456;6463.5;4656
20260327 144900;6463.5;6466;6462;6465;3915
20260327 145000;6465.25;6471;6464;6470.75;4256
20260327 145100;6470.75;6474;6467.5;6473.25;4404
20260327 145200;6473.25;6474.25;6468.75;6468.75;2785
20260327 145300;6468.5;6473.5;6467.75;6472;2587
20260327 145400;6471.75;6472.5;6466.75;6467.5;2170
20260327 145500;6467.5;6469.25;6463;6463.75;3313
20260327 145600;6464.25;6468.25;6463.75;6467.75;2306
20260327 145700;6467.75;6470.5;6467;6469.25;2099
20260327 145800;6469.25;6470.25;6467;6470.25;1360
20260327 145900;6470.25;6472.5;6468.5;6469.75;2130
20260327 150000;6469.75;6472;6469.5;6470.75;1333
20260327 150100;6470.25;6475;6468;6470.5;4047
20260327 150200;6470.5;6471.5;6468.5;6469.75;1397
20260327 150300;6469.75;6473.75;6469.5;6472;1766
20260327 150400;6472.25;6476;6470.25;6475.5;2208
20260327 150500;6475.25;6477.75;6474.5;6475.75;2998
20260327 150600;6476;6477.5;6473.75;6476.75;2206
20260327 150700;6477;6481.25;6472.25;6472.5;5765
20260327 150800;6472.5;6474.5;6470.25;6470.25;3007
20260327 150900;6470.25;6473.75;6469.25;6473;2682
20260327 151000;6473.25;6473.25;6468.25;6470;2193
20260327 151100;6470.25;6471.75;6467.75;6469.25;2444
20260327 151200;6469.25;6471.75;6465.75;6466.75;2731
20260327 151300;6466.75;6467.25;6464.5;6466.5;2234
20260327 151400;6466.25;6467.25;6464.5;6466.75;1337
20260327 151500;6467;6471;6465.25;6466.25;2841
20260327 151600;6466;6467.5;6463;6465;2584
20260327 151700;6465;6466.5;6462.5;6464.75;2423
20260327 151800;6464.5;6466.5;6459;6459.5;4896
20260327 151900;6459.75;6463.25;6459.75;6462;2565
20260327 152000;6462;6462.75;6460.25;6461.25;1123
20260327 152100;6461.5;6462.5;6458;6459;2212
20260327 152200;6459;6461.5;6457.75;6461.5;1614
20260327 152300;6461.5;6465.5;6460.75;6463;2916
20260327 152400;6463;6483.75;6462.75;6481.25;13085
20260327 152500;6481;6481.5;6469.5;6471;7263
20260327 152600;6471;6473.25;6469;6471.25;2818
20260327 152700;6471.25;6475.5;6471;6474.75;3000
20260327 152800;6474.75;6477.75;6471.75;6477;2688
20260327 152900;6477.25;6479;6475;6477.5;2694
20260327 153000;6477.75;6478.25;6473.5;6478.25;2621
20260327 153100;6478.25;6482.75;6475.5;6481.75;3072
20260327 153200;6482;6487;6479.75;6484.5;5143
20260327 153300;6484.5;6488;6482.25;6486;3255
20260327 153400;6485.75;6488.75;6484.5;6487.25;3362
20260327 153500;6487.25;6488.5;6484.75;6486.5;2210
20260327 153600;6486.75;6487.75;6484.5;6486.25;2196
20260327 153700;6486.25;6487.25;6482.5;6486.75;2550
20260327 153800;6486.75;6490.25;6483.5;6485.5;4170
20260327 153900;6486;6486.25;6480.5;6482;2920
20260327 154000;6482;6482.75;6478.5;6480;2441
20260327 154100;6480;6480.25;6473.25;6475.25;4333
20260327 154200;6475.5;6476.5;6470.25;6472.25;3096
20260327 154300;6472.75;6475.5;6470.75;6474.25;2052
20260327 154400;6474.5;6477;6473.5;6475.75;1784
20260327 154500;6476;6477.75;6475.25;6475.25;1268
20260327 154600;6475.25;6479;6475;6477.25;1560
20260327 154700;6477.25;6477.75;6474.25;6477.75;1668
20260327 154800;6477.5;6480;6476;6477.25;2079
20260327 154900;6477.25;6479.75;6477;6479;1022
20260327 155000;6479;6480.5;6478.25;6479.5;1188
20260327 155100;6479.5;6482.75;6478.5;6481;2235
20260327 155200;6481.25;6483;6479.25;6480.75;1345
20260327 155300;6480.75;6481.75;6476.5;6476.75;2103
20260327 155400;6477;6478.25;6475.5;6476.5;1814
20260327 155500;6476.5;6478.25;6475.5;6477.25;1046
20260327 155600;6477;6478.5;6475.5;6476;1069
20260327 155700;6476.25;6477.5;6473;6473.75;1858
20260327 155800;6473.75;6474.5;6471.5;6473.5;1975
20260327 155900;6473.5;6475.25;6471.25;6472;1861
20260327 160000;6471.75;6472.25;6469.5;6471.5;2147
20260327 160100;6471.5;6473;6468;6468.75;2780
20260327 160200;6469;6469.25;6466.25;6467.75;2123
20260327 160300;6467.5;6471;6467;6470.5;2008
20260327 160400;6470.25;6472.5;6469;6469.5;1583
20260327 160500;6469.25;6470;6467.75;6468.5;1243
20260327 160600;6468.25;6469;6467.25;6467.25;942
20260327 160700;6467;6468;6465.5;6467.25;2037
20260327 160800;6467.25;6468;6463.25;6463.75;2191
20260327 160900;6463.75;6464;6460.5;6461.25;2712
20260327 161000;6461.5;6463.75;6460;6460;2188
20260327 161100;6460.25;6460.5;6458.75;6459.5;1942
20260327 161200;6459.5;6460;6456.75;6458.5;2678
20260327 161300;6458.75;6462.25;6458.5;6460.5;2229
20260327 161400;6460.5;6463.75;6460.25;6462;1952
20260327 161500;6462;6463.5;6461.25;6463.5;970
20260327 161600;6463.5;6464.25;6460;6461;1933
20260327 161700;6460.75;6462;6459;6459.75;1176
20260327 161800;6459.75;6460.75;6458.75;6460.75;981
20260327 161900;6460.75;6462;6459.5;6460.25;1074
20260327 162000;6460.5;6460.75;6459.75;6460.25;581
20260327 162100;6460.25;6463;6459.25;6462.75;1367
20260327 162200;6462.75;6464.25;6460.75;6461.25;1416
20260327 162300;6461.5;6462;6460;6460.75;827
20260327 162400;6460.5;6463.5;6460.5;6462.5;1200
20260327 162500;6462.5;6462.5;6458.5;6458.75;1447
20260327 162600;6459;6459.25;6455.5;6457.25;2740
20260327 162700;6457.5;6458.25;6453.75;6455.75;2537
20260327 162800;6456;6457.75;6455;6457.75;1397
20260327 162900;6457.75;6458.5;6455;6457;1715
20260327 163000;6456.75;6457.75;6455.25;6457.5;1219
20260327 163100;6457.25;6459.5;6457.25;6458.25;1892
20260327 163200;6458;6458.75;6456.25;6457.25;951
20260327 163300;6457.25;6457.75;6455.75;6456.25;951
20260327 163400;6456.25;6458.25;6455.75;6457.5;1097
20260327 163500;6457.5;6457.75;6455.75;6456.5;711
20260327 163600;6456.5;6457.25;6455.25;6456.5;1117
20260327 163700;6456.5;6457.5;6454.5;6455.5;1117
20260327 163800;6455.5;6455.5;6450;6452.25;4915
20260327 163900;6452;6454.5;6450.25;6450.75;2439
20260327 164000;6450.75;6452.75;6450.75;6451.5;955
20260327 164100;6451.5;6452;6448.5;6451;2815
20260327 164200;6451;6455.75;6450.75;6454.5;2746
20260327 164300;6454.5;6457;6453;6453.25;2598
20260327 164400;6453.25;6456.5;6452.25;6455;1794
20260327 164500;6454.75;6455.75;6453.25;6454.5;1103
20260327 164600;6454.5;6456.25;6452.75;6455.25;1342
20260327 164700;6455.5;6460.5;6455.5;6459.5;3915
20260327 164800;6459;6462;6458.5;6461.25;2440
20260327 164900;6461.25;6463.25;6459.5;6462.5;2158
20260327 165000;6462.5;6464.25;6462;6463.25;1605
20260327 165100;6463.25;6464.75;6459.75;6461.25;2361
20260327 165200;6461;6463.25;6458.75;6459.75;1806
20260327 165300;6460;6460;6456.75;6457.25;2001
20260327 165400;6457.25;6458.5;6456.5;6458.25;1108
20260327 165500;6458.25;6459.5;6456.75;6458;1102
20260327 165600;6457.75;6458.75;6456;6456.5;1542
20260327 165700;6456.75;6457.25;6455.5;6457.25;1001
20260327 165800;6457.25;6457.5;6455;6456;1028
20260327 165900;6456;6456.75;6454.5;6455.5;918
20260327 170000;6455.5;6456;6454.75;6455.5;765
20260327 170100;6455.5;6457;6451.75;6452.75;2996
20260327 170200;6452.75;6453.75;6449.5;6451.5;2788
20260327 170300;6451.5;6451.75;6450.25;6451;953
20260327 170400;6451;6453.25;6450.75;6451.75;1768
20260327 170500;6451.5;6454.25;6451.25;6453;1311
20260327 170600;6453;6454.75;6449.75;6450.75;1847
20260327 170700;6450.5;6464;6449.5;6464;5497
20260327 170800;6463.75;6468;6454.75;6457.75;9486
20260327 170900;6457.5;6459.5;6453.5;6454.75;2397
20260327 171000;6455;6458.75;6454.25;6456.5;1944
20260327 171100;6456.75;6457.75;6453.5;6454;1679
20260327 171200;6454;6455.5;6452;6453.25;1578
20260327 171300;6453;6454.25;6451.5;6452;1109
20260327 171400;6452;6453.25;6449.5;6450.75;1619
20260327 171500;6450.5;6453.25;6449.75;6452.25;1688
20260327 171600;6452.5;6453;6450.5;6451.5;876
20260327 171700;6451;6451.5;6449.25;6450.5;1306
20260327 171800;6450.75;6451;6446.25;6447.75;3349
20260327 171900;6447.75;6448.75;6446.75;6447;1682
20260327 172000;6447.25;6447.75;6445.75;6447.25;1940
20260327 172100;6447.25;6447.25;6442.25;6444.25;3733
20260327 172200;6444.25;6445.75;6442.25;6442.75;1658
20260327 172300;6442.5;6445.25;6442.25;6444.75;1570
20260327 172400;6445;6445;6443;6444.25;881
20260327 172500;6444;6445.75;6443.25;6444.25;1168
20260327 172600;6444;6444;6441.5;6441.75;1663
20260327 172700;6441.75;6442.25;6439;6439.25;2862
20260327 172800;6439.25;6439.5;6435.5;6436.75;3659
20260327 172900;6436.75;6438;6435;6436;2194
20260327 173000;6436.25;6436.25;6433.75;6434.25;1950
20260327 173100;6434.5;6437.5;6434.25;6435.25;3176
20260327 173200;6435;6437;6434.75;6435.5;1379
20260327 173300;6435.5;6437.5;6435;6437;1325
20260327 173400;6437;6438.75;6436.5;6437.75;2433
20260327 173500;6437.5;6440.25;6437.5;6439.5;2044
20260327 173600;6439;6440.75;6438;6440;1711
20260327 173700;6440;6440;6437.75;6438.5;1036
20260327 173800;6438.5;6440;6437;6439;1331
20260327 173900;6439.25;6439.5;6436.75;6438;799
20260327 174000;6438;6438.25;6437;6438;614
20260327 174100;6438;6438.25;6436;6436;1089
20260327 174200;6436.25;6436.5;6434.25;6435;1410
20260327 174300;6435;6435.25;6432.5;6434.25;2414
20260327 174400;6434;6435;6432.25;6433.25;1548
20260327 174500;6433;6433.5;6431.5;6432.75;1945
20260327 174600;6433;6436.75;6432;6433.5;2450
20260327 174700;6433.75;6434;6432;6433;1399
20260327 174800;6433;6435.25;6431.75;6434;1709
20260327 174900;6434;6434.75;6432.5;6433.5;736
20260327 175000;6433.75;6435.5;6432;6432;1767
20260327 175100;6432;6433.75;6431;6432;1582
20260327 175200;6432;6433.25;6431.75;6432.5;626
20260327 175300;6432.75;6434;6431.25;6432.5;1139
20260327 175400;6432.5;6433;6431;6431.25;963
20260327 175500;6431.25;6432.25;6430.25;6432;1466
20260327 175600;6432;6433.25;6431;6431.5;1147
20260327 175700;6431.25;6432.25;6428.5;6429.5;2171
20260327 175800;6429.5;6430.75;6427.25;6429.75;2515
20260327 175900;6430;6431;6428.75;6430.25;1112
20260327 180000;6430;6431.75;6429.5;6429.5;1296
20260327 180100;6429.5;6431;6428.5;6429.75;1379
20260327 180200;6429.75;6431.25;6429.5;6430.25;915
20260327 180300;6430;6430.5;6427.75;6428.25;1244
20260327 180400;6428.5;6429.5;6427.75;6427.75;944
20260327 180500;6428;6428.25;6426;6426.75;1822
20260327 180600;6427;6429.25;6425.75;6426;1580
20260327 180700;6426.25;6427;6425.25;6425.5;1400
20260327 180800;6425.75;6426.5;6423;6424.25;3017
20260327 180900;6424.25;6425.25;6422.5;6423;1858
20260327 181000;6423;6423.75;6421.75;6422.5;2080
20260327 181100;6422.25;6423;6419.25;6422.25;3373
20260327 181200;6422;6423.5;6421.75;6422.25;2439
20260327 181300;6422.25;6422.5;6419.75;6421;1661
20260327 181400;6421;6422.25;6420;6420;1262
20260327 181500;6420;6424.25;6419.5;6423;2437
20260327 181600;6423;6425.5;6422;6424.25;2772
20260327 181700;6424;6425.25;6421.25;6424.25;2103
20260327 181800;6424.25;6427.25;6423.5;6425.25;2276
20260327 181900;6425.5;6429.5;6425.5;6427;3393
20260327 182000;6427;6429.5;6426.75;6429;1799
20260327 182100;6428.75;6431.5;6428.25;6429.5;2377
20260327 182200;6429.25;6431.25;6428;6429.5;2093
20260327 182300;6429.25;6430.25;6426.75;6428.25;1702
20260327 182400;6428.5;6428.5;6427;6427.25;1283
20260327 182500;6427.25;6427.5;6423.75;6425;2407
20260327 182600;6425.25;6425.5;6423.25;6425.25;1544
20260327 182700;6425.25;6426;6423.5;6425;983
20260327 182800;6425;6428.5;6424;6425.75;1763
20260327 182900;6425.75;6426.75;6424.5;6426.25;901
20260327 183000;6426.25;6427.25;6425;6425.5;1036
20260327 183100;6425.5;6427.75;6424.75;6427.25;1119
20260327 183200;6427;6427.5;6426;6426.25;758
20260327 183300;6426.5;6427.25;6425;6426.5;899
20260327 183400;6426.25;6426.5;6424;6425.5;1389
20260327 183500;6425.5;6427.25;6424.75;6426.25;988
20260327 183600;6426.25;6426.5;6423;6424.75;1216
20260327 183700;6424.75;6425.75;6424;6425.5;724
20260327 183800;6425.5;6428.5;6425.25;6426.5;1368
20260327 183900;6426.5;6426.5;6424;6424.5;754
20260327 184000;6424.25;6425.75;6423.5;6425.75;1105
20260327 184100;6425.75;6426.25;6424;6425;831
20260327 184200;6425;6427.75;6424.75;6427;1075
20260327 184300;6427.25;6428.5;6422;6428.25;2816
20260327 184400;6428.5;6435.5;6427.5;6429;6406
20260327 184500;6429;6430;6426.75;6427.75;1735
20260327 184600;6428;6428.5;6426;6427.75;1134
20260327 184700;6428;6429.75;6424.75;6426.5;1859
20260327 184800;6426.5;6426.75;6424.25;6425.25;1062
20260327 184900;6425;6426.75;6424.5;6425.5;891
20260327 185000;6425.75;6427.25;6424.25;6424.5;896
20260327 185100;6424.5;6426.5;6424;6425.5;823
20260327 185200;6425.25;6426.5;6424.5;6425;399
20260327 185300;6425.25;6425.5;6423.75;6424.5;540
20260327 185400;6424.25;6424.5;6419.75;6421.75;2927
20260327 185500;6422;6423.25;6420.75;6421.5;1333
20260327 185600;6421.5;6422.25;6420;6421.5;1165
20260327 185700;6421.75;6423;6421.25;6421.75;1165
20260327 185800;6421.75;6423;6420.75;6422.25;783
20260327 185900;6422.25;6422.25;6420.25;6421.25;727
20260327 190000;6421.25;6422.5;6420.75;6421.75;575
20260327 190100;6421.5;6424.75;6420;6420.75;1753
20260327 190200;6420.5;6421.5;6417.5;6419;2921
20260327 190300;6419;6420;6417;6417.75;1491
20260327 190400;6418;6418.25;6415.75;6416.75;2099
20260327 190500;6417;6417;6414.5;6415.5;2049
20260327 190600;6415.5;6416.75;6414.25;6414.75;1854
20260327 190700;6414.75;6416.25;6413.5;6415;1835
20260327 190800;6415;6417;6413.25;6416;1771
20260327 190900;6416;6416.25;6414;6414.25;1189
20260327 191000;6414;6415;6412.5;6414.75;1675
20260327 191100;6414.75;6415;6412.5;6413.75;977
20260327 191200;6414;6415.5;6413.25;6414.5;1029
20260327 191300;6414.75;6418.75;6414.25;6417.75;2696
20260327 191400;6417.75;6419.25;6416;6417.5;2525
20260327 191500;6417.5;6419;6417.25;6418;1098
20260327 191600;6418;6419;6417;6418;1421
20260327 191700;6418;6419.5;6417.75;6419;1221
20260327 191800;6419;6421.5;6417.75;6420.75;2033
20260327 191900;6420.5;6423.75;6420;6420.75;2424
20260327 192000;6420.75;6422;6420;6421.75;1958
20260327 192100;6421.5;6421.5;6418;6420;2267
20260327 192200;6420.25;6420.5;6416.25;6417.25;1432
20260327 192300;6417.25;6420;6417.25;6418.75;1108
20260327 192400;6419;6420.75;6416.25;6417;1837
20260327 192500;6417;6420.5;6417;6419.25;1376
20260327 192600;6419;6419.25;6416;6417;1296
20260327 192700;6417;6417;6415;6416.25;1315
20260327 192800;6416.25;6416.75;6414.75;6415.75;1269
20260327 192900;6415.75;6417.25;6414;6417;1622
20260327 193000;6417;6417;6415.25;6415.75;960
20260327 193100;6416;6419;6416;6417;2080
20260327 193200;6417.25;6419;6415.5;6417.5;1082
20260327 193300;6418;6418.75;6414.75;6416;1750
20260327 193400;6415.75;6417.5;6414.75;6417.5;1117
20260327 193500;6417.5;6421;6417.5;6420.5;1844
20260327 193600;6420.5;6421;6417;6418.5;1628
20260327 193700;6418.5;6419;6415;6416.5;1999
20260327 193800;6416.75;6417.75;6415.75;6415.75;737
20260327 193900;6416;6417.25;6415.25;6417.25;764
20260327 194000;6417;6417.25;6415;6415.5;816
20260327 194100;6415.25;6415.5;6410.25;6410.75;3955
20260327 194200;6410.75;6411.5;6407.5;6409.5;3655
20260327 194300;6409.5;6410;6407.75;6409.25;2022
20260327 194400;6409.25;6411.25;6408.25;6408.75;2103
20260327 194500;6408.75;6409.25;6407.5;6409;1216
20260327 194600;6408.75;6409.5;6402;6402.25;4078
20260327 194700;6402.5;6404.25;6399.5;6400.5;4605
20260327 194800;6400.75;6407.25;6400.5;6404.25;3702
20260327 194900;6404.5;6406.5;6403.75;6405;1770
20260327 195000;6405.25;6407;6403.5;6405.5;1614
20260327 195100;6405.75;6405.75;6400;6401.25;3372
20260327 195200;6401.25;6403.25;6398.5;6400.25;2771
20260327 195300;6400.5;6401.5;6398.25;6400.25;2440
20260327 195400;6400.5;6410.25;6400;6409.75;5552
20260327 195500;6409.75;6409.75;6406;6408;3274
20260327 195600;6407.75;6417;6407.75;6413.75;5414
20260327 195700;6413.5;6413.5;6408.25;6411.5;2915
20260327 195800;6411.75;6413.5;6410.5;6412.25;1828
20260327 195900;6412.25;6415.5;6412;6414.5;2379
20260327 200000;6414.75;6419.25;6407;6407.5;11322
20260327 200100;6407.25;6410.25;6401;6401.75;5764
20260327 200200;6402;6412;6399.5;6404.75;5556
20260327 200300;6404.5;6406;6401.5;6402.5;1711
20260327 200400;6402.75;6404.5;6401.5;6404.25;1195
20260327 200500;6404.25;6404.75;6401.75;6402.75;1129
20260327 200600;6402.5;6404.75;6401.25;6403.75;1244
20260327 200700;6403.5;6405.5;6403.5;6403.75;814
20260327 200800;6403.75;6405.5;6403.25;6404;688
20260327 200900;6404.25;6404.25;6402;6402.25;760
20260327 201000;6402.25;6403.75;6401.25;6402.5;761
20260327 201100;6402.75;6404.5;6402.75;6403;496
20260327 201200;6402.75;6402.75;6400.25;6401.75;838
20260327 201300;6401.75;6402.25;6400.75;6401;334
20260327 201400;6401;6401.75;6400;6401.75;645
20260327 201500;6401.5;6403;6400;6402;1005
20260327 201600;6402.25;6403;6400.75;6401.5;491
20260327 201700;6401.25;6401.5;6400.25;6400.25;414
20260327 201800;6400;6400.25;6394.25;6396.5;2194
20260327 201900;6396.5;6398.25;6396;6397;947
20260327 202000;6397.25;6398.5;6397;6397;416
20260327 202100;6397.25;6398;6389;6393;2530
20260327 202200;6392.75;6393.5;6389.25;6392;1265
20260327 202300;6392;6392.75;6390.75;6392.25;792
20260327 202400;6392.25;6394.25;6392;6392.75;819
20260327 202500;6392.5;6396.5;6392.25;6395.5;792
20260327 202600;6395.75;6396.5;6394.75;6396.25;640
20260327 202700;6396;6397.5;6395;6395.75;550
20260327 202800;6396;6396.5;6395.25;6396.25;427
20260327 202900;6396;6396.5;6393.5;6396.25;605
20260327 203000;6396.25;6398;6395.5;6397;634
20260327 203100;6397.25;6399;6396.25;6397;500
20260327 203200;6397;6397.75;6396.75;6397.25;219
20260327 203300;6397.25;6397.25;6395.5;6395.75;379
20260327 203400;6396;6396;6393.25;6395.25;494
20260327 203500;6395;6395.75;6394.5;6394.5;325
20260327 203600;6394.75;6396;6394.5;6395;333
20260327 203700;6395;6396.5;6394.5;6396.25;305
20260327 203800;6396.25;6397;6396.25;6396.75;237
20260327 203900;6396.75;6398;6396.75;6398;441
20260327 204000;6398.25;6398.5;6396.25;6397;659
20260327 204100;6397;6400.25;6395.5;6398.5;1539
20260327 204200;6398.5;6399.75;6396.75;6397.75;573
20260327 204300;6397.75;6400.25;6395.5;6399.75;751
20260327 204400;6399.25;6401;6398;6398.5;780
20260327 204500;6399;6399.25;6396.5;6398.25;648
20260327 204600;6397.75;6398.25;6396;6397.75;612
20260327 204700;6397.75;6399.75;6397.5;6397.75;451
20260327 204800;6397.75;6399.25;6397.75;6398.75;383
20260327 204900;6398.75;6399.5;6398;6399;305
20260327 205000;6399;6399.75;6398.5;6399.5;354
20260327 205100;6399.25;6400;6398.75;6399.25;334
20260327 205200;6399.25;6400.75;6399.25;6399.75;273
20260327 205300;6399.75;6401.25;6398.75;6400.75;315
20260327 205400;6400.5;6400.75;6398.25;6398.5;285
20260327 205500;6398.25;6400.75;6398;6400.75;485
20260327 205600;6400.5;6401;6399;6399.5;355
20260327 205700;6399.75;6400.25;6399;6400;232
20260327 205800;6399.75;6399.75;6398;6398.5;358
20260327 205900;6398.5;6399.25;6397.5;6398;312
20260327 210000;6398.25;6398.75;6396.75;6398;671
