20260317 070100;24754;24754;24742;24747.25;460
20260317 070200;24747.5;24747.75;24737;24740.5;576
20260317 070300;24740.25;24760;24739.75;24759.5;696
20260317 070400;24759;24761.75;24752.75;24758.25;476
20260317 070500;24757.75;24761.25;24753.5;24761.25;306
20260317 070600;24761.25;24767.75;24759;24763.75;398
20260317 070700;24763.75;24772.5;24760.5;24764.75;697
20260317 070800;24764.5;24771;24762.5;24764.25;339
20260317 070900;24764.75;24764.75;24753.25;24758.25;482
20260317 071000;24756;24762.75;24755.5;24756.5;243
20260317 071100;24756.75;24762.75;24756;24760.25;166
20260317 071200;24760;24765.75;24754.25;24764.75;226
20260317 071300;24764.5;24766;24758;24758.75;239
20260317 071400;24759.75;24761.75;24757.5;24760.75;127
20260317 071500;24760.25;24765.5;24760;24762.5;147
20260317 071600;24761.5;24765.25;24759.75;24762;190
20260317 071700;24762.5;24764.75;24759;24760.75;170
20260317 071800;24760.5;24766.75;24760;24760.5;167
20260317 071900;24760.5;24768;24757.75;24766.25;335
20260317 072000;24766.75;24787.25;24766.5;24784;1077
20260317 072100;24784;24788.75;24778.25;24785;693
20260317 072200;24784.5;24789.25;24777.75;24788.25;503
20260317 072300;24789;24794.75;24785.25;24793.75;555
20260317 072400;24793.5;24800.25;24793.25;24798.75;632
20260317 072500;24799;24799.25;24791.25;24793.5;454
20260317 072600;24793.25;24794.75;24784;24784.25;424
20260317 072700;24783.75;24795.5;24782;24795.5;401
20260317 072800;24794.75;24796.75;24789;24790.75;389
20260317 072900;24790.75;24795.5;24789.75;24793;260
20260317 073000;24793.5;24796.5;24791.25;24794.25;281
20260317 073100;24794;24801;24792.75;24795.75;624
20260317 073200;24796.25;24798.75;24794;24798;364
20260317 073300;24797.75;24798;24792.25;24793.75;385
20260317 073400;24794;24801.5;24793.25;24801.25;310
20260317 073500;24801.25;24801.5;24795.5;24798.75;314
20260317 073600;24798.75;24800.75;24798;24799;249
20260317 073700;24798.75;24799.25;24791.75;24793.75;355
20260317 073800;24794;24794.75;24791.25;24794;217
20260317 073900;24793.75;24798.25;24790.5;24797.5;328
20260317 074000;24797.75;24807.75;24797;24805.75;570
20260317 074100;24805.75;24816.25;24805.75;24808.75;806
20260317 074200;24808.75;24809.5;24805;24805.5;404
20260317 074300;24806.25;24806.75;24791.5;24792.5;630
20260317 074400;24792.25;24792.75;24786.25;24788.25;477
20260317 074500;24788;24788.25;24785;24786.25;269
20260317 074600;24786.25;24786.25;24776.75;24779.25;559
20260317 074700;24778.5;24783.75;24777.75;24781;352
20260317 074800;24781;24785;24781;24783.75;211
20260317 074900;24783.5;24788.5;24781;24785.75;416
20260317 075000;24784.75;24787.75;24778.5;24781.75;425
20260317 075100;24781.25;24781.75;24771.5;24772;349
20260317 075200;24772.25;24776.75;24768.75;24770.5;480
20260317 075300;24773.25;24773.25;24764.75;24766.25;385
20260317 075400;24766.5;24768.75;24763.75;24766;272
20260317 075500;24766;24770.25;24764.5;24765.75;207
20260317 075600;24765.25;24770.75;24764.5;24769.75;213
20260317 075700;24769.75;24774;24767;24767.25;386
20260317 075800;24767.75;24771.5;24767.25;24768.5;220
20260317 075900;24769.5;24773.5;24767.5;24772.25;203
20260317 080000;24772;24774;24769.25;24772;220
20260317 080100;24771.25;24802.75;24771;24799;2201
20260317 080200;24799.75;24809.5;24795;24805.25;919
20260317 080300;24805.5;24807;24784;24790;829
20260317 080400;24790.5;24804.75;24790.5;24798.25;530
20260317 080500;24797.75;24798.75;24780.75;24791.75;722
20260317 080600;24791.75;24792.75;24783.25;24788;462
20260317 080700;24787.25;24790.75;24771.75;24773.25;696
20260317 080800;24773.25;24787.75;24773.25;24786.25;415
20260317 080900;24786.75;24793;24782;24789.75;598
20260317 081000;24787.75;24788;24768.25;24771.75;719
20260317 081100;24771.25;24777.25;24762.25;24763.5;580
20260317 081200;24763.75;24768.5;24757.75;24763.25;662
20260317 081300;24764;24769;24760.25;24767.75;421
20260317 081400;24768.5;24779.5;24768.25;24777.5;569
20260317 081500;24777.5;24777.5;24759.5;24766.75;514
20260317 081600;24766;24768;24757.5;24760.75;427
20260317 081700;24760.75;24771.75;24758.75;24771;443
20260317 081800;24771.5;24775.75;24766.75;24771.5;484
20260317 081900;24770.5;24772;24762.5;24769.5;433
20260317 082000;24770.5;24786;24768;24784.75;641
20260317 082100;24785.75;24791;24774.75;24777.75;619
20260317 082200;24777.5;24781.5;24774.25;24779;474
20260317 082300;24779.25;24786;24775.25;24784.75;314
20260317 082400;24783.5;24783.5;24772;24775;424
20260317 082500;24775.5;24783.5;24758.5;24765.5;641
20260317 082600;24766.25;24777;24764;24775.75;408
20260317 082700;24775.75;24779;24768.5;24771.75;463
20260317 082800;24771.75;24780.5;24770;24771.75;362
20260317 082900;24771.25;24771.25;24758.75;24763.5;417
20260317 083000;24764.25;24764.25;24754;24759;757
20260317 083100;24758.5;24767.5;24757.75;24761.5;486
20260317 083200;24762.5;24766.25;24756;24763;425
20260317 083300;24762.5;24770.5;24761.75;24768.75;344
20260317 083400;24768.25;24772.5;24765.5;24767.5;383
20260317 083500;24766.5;24771.25;24756.5;24757.75;330
20260317 083600;24757.75;24761.75;24744;24744.75;801
20260317 083700;24745.25;24750.5;24739.75;24745.25;811
20260317 083800;24744.75;24751;24743;24748.25;341
20260317 083900;24748.75;24760;24746.75;24757.75;433
20260317 084000;24758;24766;24757;24760.5;407
20260317 084100;24760.5;24788.5;24760.25;24788.5;837
20260317 084200;24788.5;24799;24787.75;24790.5;859
20260317 084300;24790;24791;24784.5;24786;432
20260317 084400;24785.5;24796.75;24782.75;24794;435
20260317 084500;24793.25;24799;24785.25;24789.5;444
20260317 084600;24789.25;24796;24785.25;24793.75;419
20260317 084700;24793.5;24795.5;24785;24788;289
20260317 084800;24787.75;24788.75;24781.75;24787.5;412
20260317 084900;24788;24789.25;24779.5;24782.5;356
20260317 085000;24782.25;24786.75;24778;24781.75;438
20260317 085100;24781;24783;24772;24779.25;673
20260317 085200;24778.5;24779;24768.5;24769.25;464
20260317 085300;24768;24773.25;24757;24759.5;519
20260317 085400;24759.5;24761.25;24748.5;24750.25;714
20260317 085500;24750.75;24763.75;24750.5;24758.25;472
20260317 085600;24758.25;24765.75;24758;24760.25;361
20260317 085700;24760.75;24765.5;24755.5;24757.25;258
20260317 085800;24756.75;24762.75;24753;24759;353
20260317 085900;24759.75;24764.25;24759;24760.75;267
20260317 090000;24761.5;24771;24761.5;24769.75;275
20260317 090100;24768.25;24784.25;24768;24781.5;621
20260317 090200;24781.25;24791.25;24775.5;24790.75;565
20260317 090300;24790;24793.75;24786.75;24790.5;582
20260317 090400;24790.25;24790.25;24782;24782;308
20260317 090500;24782.25;24782.25;24774;24777.5;282
20260317 090600;24778.25;24785.5;24774.25;24783.5;238
20260317 090700;24783.5;24785.5;24777;24782.75;259
20260317 090800;24781.75;24787.75;24774;24776.75;294
20260317 090900;24777.5;24788.75;24776.5;24786.75;281
20260317 091000;24786;24788.25;24781.25;24785.5;341
20260317 091100;24786;24793.75;24784.75;24790.25;422
20260317 091200;24791;24794.5;24783.5;24794.25;351
20260317 091300;24794.5;24794.75;24789;24789.5;172
20260317 091400;24789;24791.25;24785.75;24786;279
20260317 091500;24786.25;24795.75;24782;24788.5;700
20260317 091600;24789;24796.5;24787.25;24792;278
20260317 091700;24791;24792.5;24788.5;24790.75;145
20260317 091800;24791.25;24791.75;24783.5;24784.75;216
20260317 091900;24784.75;24785.5;24778.5;24781.25;343
20260317 092000;24782.25;24805.75;24781.75;24799.5;733
20260317 092100;24799.5;24800.25;24792.75;24796.25;328
20260317 092200;24795.25;24803.5;24792.5;24798.25;323
20260317 092300;24798;24804.5;24797.25;24802.75;386
20260317 092400;24802.5;24808.5;24796.25;24802.5;774
20260317 092500;24802.5;24807.25;24801.75;24805.75;300
20260317 092600;24805.75;24824.75;24805.5;24824.5;987
20260317 092700;24824;24841.75;24823.25;24838;1405
20260317 092800;24838;24838.25;24830;24836.25;693
20260317 092900;24836.75;24845;24835.5;24843.75;523
20260317 093000;24844.25;24844.5;24838.5;24841.5;379
20260317 093100;24840.25;24850;24835.75;24848.5;976
20260317 093200;24848.75;24850.5;24840.25;24841.25;370
20260317 093300;24840;24846.5;24837.25;24839.25;433
20260317 093400;24840;24842.5;24838;24842.25;271
20260317 093500;24842.75;24843.75;24835.25;24839.75;268
20260317 093600;24838.25;24841;24833.5;24838.5;423
20260317 093700;24837.75;24838.5;24832;24832.5;255
20260317 093800;24832;24834.25;24828.75;24831;455
20260317 093900;24831;24836.25;24824.25;24827.25;360
20260317 094000;24828;24835;24825.5;24828.5;323
20260317 094100;24827.75;24830;24824;24825.5;354
20260317 094200;24826;24830.75;24821.75;24826;384
20260317 094300;24825.75;24835.5;24823.75;24831.75;522
20260317 094400;24830.75;24834;24829.75;24831.25;223
20260317 094500;24831;24846;24831;24842.25;466
20260317 094600;24842.5;24842.5;24830.25;24833.5;379
20260317 094700;24834;24839.25;24834;24837.75;236
20260317 094800;24838;24847.5;24837;24841.75;403
20260317 094900;24842;24847.75;24839;24841.25;292
20260317 095000;24840.75;24841.5;24834;24838.5;292
20260317 095100;24838.25;24841;24829.5;24829.5;218
20260317 095200;24830;24835.5;24827.75;24833.75;388
20260317 095300;24833.5;24836;24828.75;24831;112
20260317 095400;24832;24834.5;24829.25;24832;231
20260317 095500;24832.5;24835.25;24830;24834;240
20260317 095600;24832.5;24836.25;24830.25;24836.25;254
20260317 095700;24835.75;24841.5;24832;24837.5;318
20260317 095800;24837.75;24842;24836.75;24838.5;267
20260317 095900;24839.75;24845.75;24838.75;24845.25;301
20260317 100000;24845.25;24845.25;24842.25;24844;240
20260317 100100;24843.25;24844.25;24832.5;24834;408
20260317 100200;24834.75;24839;24828.75;24838;528
20260317 100300;24838.25;24842.75;24833.5;24834.75;411
20260317 100400;24835;24839;24832.25;24837.25;272
20260317 100500;24837.25;24837.75;24832.25;24832.75;252
20260317 100600;24833;24835;24826.5;24831.75;362
20260317 100700;24831.75;24833.25;24821.25;24827.75;476
20260317 100800;24827.25;24831.75;24821;24822.5;477
20260317 100900;24822.25;24824.75;24817.75;24818;504
20260317 101000;24818.25;24821;24817;24820.5;251
20260317 101100;24820.75;24827.25;24817.5;24824.25;351
20260317 101200;24824.5;24827.5;24819;24823;280
20260317 101300;24822.75;24824.5;24816;24818.25;374
20260317 101400;24817.75;24823.25;24817.75;24823;191
20260317 101500;24822.25;24824;24818.5;24823;117
20260317 101600;24822.75;24823.5;24813;24815.5;361
20260317 101700;24814.75;24819.5;24809.75;24810.75;367
20260317 101800;24810.75;24810.75;24802.5;24804.25;615
20260317 101900;24803.75;24805.25;24794;24794.5;507
20260317 102000;24794;24802.5;24793.5;24800;367
20260317 102100;24799.5;24805.75;24793.5;24801.75;441
20260317 102200;24801.75;24803;24797.25;24800;279
20260317 102300;24800;24802;24798.5;24799.75;190
20260317 102400;24799.25;24808.5;24797.75;24806.25;417
20260317 102500;24806;24807;24799.75;24800.75;151
20260317 102600;24800.75;24802.75;24799;24799.5;211
20260317 102700;24800.25;24804.5;24799.75;24801;262
20260317 102800;24800.25;24803;24797.75;24802.75;151
20260317 102900;24802.5;24810.75;24802.5;24808.5;267
20260317 103000;24808.25;24809.75;24806.5;24808.25;195
20260317 103100;24807.75;24813.5;24806.5;24808.75;280
20260317 103200;24809;24811.25;24801.5;24804.5;421
20260317 103300;24805;24811.25;24804.25;24809.75;197
20260317 103400;24810;24815.75;24810;24814.25;305
20260317 103500;24814.5;24828.25;24814.5;24822.25;770
20260317 103600;24822.5;24825;24820;24823.5;246
20260317 103700;24824.25;24830;24824.25;24828.25;313
20260317 103800;24827.75;24832.5;24825.5;24829.75;328
20260317 103900;24830;24830;24817;24819.75;392
20260317 104000;24819.5;24821.5;24817;24817.75;271
20260317 104100;24817.25;24819.25;24809.25;24817.25;398
20260317 104200;24816.25;24819.5;24813;24814.25;268
20260317 104300;24813.5;24818.25;24811.75;24813.25;175
20260317 104400;24814;24821;24812.25;24819;177
20260317 104500;24819.75;24826;24817.5;24819.75;300
20260317 104600;24820.5;24825.75;24820.25;24824.75;191
20260317 104700;24825.25;24826.25;24822.5;24825.25;232
20260317 104800;24826;24828.75;24823.75;24827.75;253
20260317 104900;24826.75;24827.75;24822.75;24825.75;253
20260317 105000;24825.75;24826.5;24823.75;24825.25;141
20260317 105100;24825.75;24826;24812.75;24813.5;411
20260317 105200;24814.25;24818;24813;24816.75;294
20260317 105300;24816.25;24816.25;24812;24814.5;181
20260317 105400;24814.5;24822.25;24813;24821.75;272
20260317 105500;24821.75;24824.5;24819.25;24820;229
20260317 105600;24819.5;24821;24815.25;24818.25;197
20260317 105700;24818.75;24831.25;24818.75;24827.5;323
20260317 105800;24827.75;24833.25;24827.75;24831.75;243
20260317 105900;24831.75;24833.75;24829.25;24831;190
20260317 110000;24832;24835.5;24828.5;24833.5;237
20260317 110100;24833.25;24836.25;24829.75;24835.5;409
20260317 110200;24835.25;24844;24834.5;24837;644
20260317 110300;24837;24841.5;24835.75;24841;169
20260317 110400;24840.5;24845.25;24838;24843;376
20260317 110500;24842.75;24843;24834.25;24841.75;420
20260317 110600;24842;24849.5;24842;24844.75;477
20260317 110700;24845.75;24846;24834.5;24838.5;881
20260317 110800;24838.75;24845;24837;24843.75;207
20260317 110900;24844.25;24845.25;24841.5;24844.5;223
20260317 111000;24844;24846;24840;24844.25;367
20260317 111100;24843.5;24845.5;24841.5;24843.75;214
20260317 111200;24843.25;24847;24840.5;24842;371
20260317 111300;24841.5;24841.5;24835;24837;368
20260317 111400;24837.25;24838.5;24819;24819.5;1025
20260317 111500;24819.5;24824.75;24818.5;24822.75;449
20260317 111600;24823.25;24826.25;24820.25;24824.25;410
20260317 111700;24824.5;24827.5;24822.75;24824;292
20260317 111800;24823.75;24828.25;24820.5;24825;296
20260317 111900;24825.75;24829.75;24824.75;24826.25;225
20260317 112000;24827.25;24829.75;24820;24825;350
20260317 112100;24824.75;24834.25;24824;24833.5;423
20260317 112200;24834.25;24838;24830.5;24838;251
20260317 112300;24838;24840.75;24836.5;24839.5;404
20260317 112400;24840;24852.75;24836.75;24851.5;898
20260317 112500;24852;24852;24847.75;24851;333
20260317 112600;24850.75;24860.5;24850.75;24856.5;883
20260317 112700;24856;24857;24851.25;24854.75;391
20260317 112800;24854.25;24854.75;24851;24852.75;389
20260317 112900;24852.25;24853.25;24848;24850.5;406
20260317 113000;24850.5;24850.5;24844.75;24846.75;402
20260317 113100;24846.5;24846.5;24831;24833.25;877
20260317 113200;24832.75;24839.75;24832.25;24835.75;532
20260317 113300;24835.75;24842;24834;24839.25;408
20260317 113400;24839.25;24843;24838;24840;193
20260317 113500;24840.25;24841.25;24833.75;24834.5;317
20260317 113600;24834.25;24849.5;24831.5;24848.5;523
20260317 113700;24849.25;24854.25;24842.75;24848.5;612
20260317 113800;24847.75;24853;24846.25;24847;433
20260317 113900;24846.5;24855.75;24845.25;24855;763
20260317 114000;24855;24855.25;24845;24848.75;459
20260317 114100;24848.5;24858.25;24847.25;24856.75;465
20260317 114200;24857.5;24857.5;24842.5;24844.5;914
20260317 114300;24845.25;24855.75;24845;24850;282
20260317 114400;24850.25;24851.75;24846.5;24849;197
20260317 114500;24850;24850.25;24843.5;24844.5;187
20260317 114600;24844;24851.5;24844;24849;301
20260317 114700;24849.25;24849.75;24842;24847.25;342
20260317 114800;24846.5;24848.75;24842.5;24848.5;184
20260317 114900;24849;24851;24845.75;24846.25;318
20260317 115000;24847;24847.5;24836.5;24838.25;719
20260317 115100;24837.75;24842.5;24836.5;24837.5;275
20260317 115200;24838;24841.5;24835.25;24837.5;329
20260317 115300;24838;24838.25;24829.5;24832.5;502
20260317 115400;24832;24832.75;24818.75;24819.25;648
20260317 115500;24819.5;24822.75;24813.75;24815.5;757
20260317 115600;24815.25;24821.75;24815;24819.25;538
20260317 115700;24819.25;24824.25;24815.5;24815.5;471
20260317 115800;24815.75;24820.25;24815.25;24817.75;295
20260317 115900;24817.75;24818.25;24815.5;24816;204
20260317 120000;24816;24819;24812.5;24814.5;423
20260317 120100;24815;24821;24813;24819;684
20260317 120200;24818.5;24822.5;24812.75;24816.25;466
20260317 120300;24816.5;24826.5;24814.75;24825.25;596
20260317 120400;24823.25;24831.5;24822.5;24831.5;682
20260317 120500;24831.5;24851.25;24829.5;24846.25;1129
20260317 120600;24846.25;24856.75;24845.5;24851.25;959
20260317 120700;24851.75;24858.25;24849.25;24857.25;540
20260317 120800;24857.5;24862.25;24853.75;24856;858
20260317 120900;24856.25;24870.75;24855.75;24865.75;1051
20260317 121000;24866.25;24880;24866;24877.75;1309
20260317 121100;24877;24882.5;24869;24881.25;1336
20260317 121200;24881.5;24883.75;24876.75;24882.25;788
20260317 121300;24882;24884.25;24876.75;24882.5;625
20260317 121400;24882.25;24896.25;24881.75;24894.25;1141
20260317 121500;24894.75;24895.25;24885;24888.5;658
20260317 121600;24888.75;24891;24885;24889.75;520
20260317 121700;24889.5;24895;24887.75;24888.5;604
20260317 121800;24889.75;24890.75;24886.5;24889;437
20260317 121900;24887.75;24888.25;24881.5;24883.25;843
20260317 122000;24882.75;24894.5;24882;24894.25;805
20260317 122100;24893.25;24912.5;24890.75;24907.5;1557
20260317 122200;24907.5;24908;24901.75;24902.5;800
20260317 122300;24902.75;24911;24902.75;24910.25;460
20260317 122400;24909.5;24913.25;24907.5;24908.75;566
20260317 122500;24908.25;24909.75;24900.25;24903.5;736
20260317 122600;24903.5;24907.5;24903;24904;419
20260317 122700;24903.75;24907.25;24899;24905.25;527
20260317 122800;24904.75;24915.25;24904.25;24912.75;726
20260317 122900;24912.5;24914.5;24908;24911.5;675
20260317 123000;24911.75;24912.25;24906.5;24909.5;347
20260317 123100;24909;24914.75;24908;24910.75;691
20260317 123200;24910.5;24918.5;24910.5;24914.5;754
20260317 123300;24914.25;24940;24914;24931.25;2513
20260317 123400;24931.5;24939.25;24927;24932.5;1316
20260317 123500;24933.25;24938.25;24932;24932.25;675
20260317 123600;24932.25;24932.25;24922;24923.75;1283
20260317 123700;24924.25;24930.5;24918.25;24920.75;1392
20260317 123800;24921.25;24922;24916.75;24917.5;674
20260317 123900;24918;24935;24916.25;24933.5;886
20260317 124000;24934;24935;24927;24928.25;633
20260317 124100;24928.25;24939;24925;24931;1360
20260317 124200;24931.75;24938.5;24924.5;24925.25;826
20260317 124300;24925.25;24928.75;24920;24928;815
20260317 124400;24928.25;24934.5;24926.25;24927.25;874
20260317 124500;24926.75;24929.25;24924.25;24926.25;579
20260317 124600;24925.75;24926;24918.25;24920;681
20260317 124700;24920.25;24925.5;24915.25;24920;1315
20260317 124800;24920;24926.25;24916;24925.25;625
20260317 124900;24925.75;24929;24922;24927;639
20260317 125000;24927;24929.75;24920.25;24922.5;564
20260317 125100;24922;24923.5;24919;24919.75;463
20260317 125200;24919.25;24921.25;24914.75;24918.5;625
20260317 125300;24917.75;24924.5;24917;24922.5;428
20260317 125400;24922.5;24930.25;24921.75;24925.25;656
20260317 125500;24925.75;24926.25;24921.25;24924.25;413
20260317 125600;24924.5;24925.5;24921.25;24922.25;532
20260317 125700;24922.5;24925.75;24920;24924.5;404
20260317 125800;24924.5;24924.75;24917.25;24919.75;537
20260317 125900;24919.5;24923.25;24917.75;24923;394
20260317 130000;24923.25;24935;24922.5;24932.5;1074
20260317 130100;24932.25;24946.25;24929.25;24940.5;2591
20260317 130200;24940.25;24941.75;24932.75;24940;1020
20260317 130300;24939.75;24947.25;24937.75;24946.75;1097
20260317 130400;24946.75;24949.5;24941.75;24943.5;1183
20260317 130500;24943.5;24947;24941;24942.5;621
20260317 130600;24942.5;24946;24936.25;24944.25;943
20260317 130700;24944;24958.5;24943;24956.5;1679
20260317 130800;24956.25;24961.25;24954.25;24957.75;1201
20260317 130900;24958.25;24964.75;24957;24960.5;1308
20260317 131000;24960.25;24966.25;24958.25;24966.25;775
20260317 131100;24965;24967.5;24962.5;24967;930
20260317 131200;24967.25;24971.5;24965.25;24970.75;942
20260317 131300;24970.25;24971;24966.25;24967.25;710
20260317 131400;24967.25;24969.75;24962;24963.75;1052
20260317 131500;24963.5;24975.5;24963.25;24974.5;1169
20260317 131600;24974.25;24975.5;24970;24973.5;917
20260317 131700;24973.5;24977;24966.5;24975;1089
20260317 131800;24975;24985.75;24974.5;24979.75;1807
20260317 131900;24979.75;24989.5;24976.75;24988.75;1455
20260317 132000;24989;25001;24987;24997.75;2222
20260317 132100;24997.25;25009;24997.25;25005.75;2208
20260317 132200;25005.75;25006.25;24997;24999.5;1458
20260317 132300;24999.25;25000;24995.25;24996.5;993
20260317 132400;24997;25003.5;24993.25;25003;1102
20260317 132500;25003.25;25023.5;25003.25;25016.5;2493
20260317 132600;25015.75;25026;25011.5;25022.75;1953
20260317 132700;25023.25;25024;25010.75;25013.25;1088
20260317 132800;25013.25;25014.75;25002;25003.75;1948
20260317 132900;25003.5;25006.75;24998.5;25006.5;1862
20260317 133000;25006.5;25014.5;24998;25000.5;2267
20260317 133100;25000.75;25010;24964.25;25001.5;9833
20260317 133200;25001.25;25018.75;24982;25017.75;6722
20260317 133300;25017.75;25059.25;25010.75;25058.75;11001
20260317 133400;25058.25;25068.25;25045;25066.75;6336
20260317 133500;25067.5;25073;25050.25;25056.75;5597
20260317 133600;25057;25071.75;25052.75;25061.25;5250
20260317 133700;25061.5;25062.25;25044.5;25050.75;4840
20260317 133800;25051;25063;25045.25;25056.75;4241
20260317 133900;25057.25;25076;25054;25073.25;5634
20260317 134000;25073.5;25073.75;25057;25072;3393
20260317 134100;25071.75;25072.75;25046.5;25049;4678
20260317 134200;25049.5;25071.25;25047.5;25069.25;3570
20260317 134300;25069.25;25069.25;25058.5;25061.75;2283
20260317 134400;25061.5;25075;25057;25072;3124
20260317 134500;25072.25;25072.5;25054;25061;3553
20260317 134600;25061.5;25086;25056;25085.5;7037
20260317 134700;25085.5;25112.75;25084.25;25111.75;9422
20260317 134800;25111.75;25114.5;25095;25099.5;4530
20260317 134900;25099.25;25111;25097.5;25110.75;3050
20260317 135000;25111;25114.5;25103;25114;3012
20260317 135100;25113.75;25114.25;25094.75;25098.25;3785
20260317 135200;25098;25107.25;25094;25097.25;3496
20260317 135300;25097.25;25098.5;25080;25089.75;5483
20260317 135400;25089.75;25096.75;25084.75;25088.5;2750
20260317 135500;25088.5;25107.5;25083.75;25104.5;4015
20260317 135600;25104.25;25105.25;25096.25;25102.25;2603
20260317 135700;25102.5;25104.5;25091.75;25097.5;2477
20260317 135800;25097.75;25098;25077;25080.25;3216
20260317 135900;25079.75;25088;25075;25077.5;3942
20260317 140000;25077.25;25096.25;25077.25;25093;2962
20260317 140100;25092.75;25098;25079.75;25085.25;4196
20260317 140200;25086.75;25095.25;25081;25086;2981
20260317 140300;25086;25093.5;25061.75;25062.75;5607
20260317 140400;25063;25069.25;25054.5;25060.25;5218
20260317 140500;25060.5;25074;25059;25066.75;4604
20260317 140600;25067;25082.25;25064.5;25077.75;3970
20260317 140700;25077;25078.25;25067.25;25077;3016
20260317 140800;25077;25078.75;25065.25;25065.25;2129
20260317 140900;25065.75;25081.5;25061.75;25069.5;3667
20260317 141000;25069.5;25074;25064;25064;2014
20260317 141100;25064.25;25068;25051;25053;4596
20260317 141200;25053.5;25058;25036.5;25040.75;5934
20260317 141300;25040.75;25047;25033.75;25034.25;3603
20260317 141400;25034.5;25048.75;25034.25;25035.75;3837
20260317 141500;25035.75;25045;25024.75;25025.5;4296
20260317 141600;25025.25;25031;25010.75;25019.5;8321
20260317 141700;25020;25029.5;25016.5;25028.25;3156
20260317 141800;25027.75;25030.75;24996;24999.5;7270
20260317 141900;24999.5;25036.5;24999;25034.25;6664
20260317 142000;25035.25;25055.25;25033.75;25055;7101
20260317 142100;25055.25;25066.75;25042;25061.75;7102
20260317 142200;25061.5;25064.5;25047.25;25063;3880
20260317 142300;25062.75;25064.75;25050.75;25058.75;2629
20260317 142400;25058;25070.5;25052.75;25067.25;3546
20260317 142500;25066.5;25071.25;25059;25062;2630
20260317 142600;25061.5;25066.75;25043;25050.5;5166
20260317 142700;25050.25;25069;25048.75;25059;3289
20260317 142800;25059.5;25065.5;25058;25060.5;1699
20260317 142900;25060;25079.25;25055.75;25071;4776
20260317 143000;25071.25;25071.5;25052.5;25062.5;3649
20260317 143100;25062.75;25071.75;25056;25056.75;2634
20260317 143200;25056.5;25058.75;25038;25054;6048
20260317 143300;25054;25069.5;25048.5;25069.25;3155
20260317 143400;25069;25079;25056.75;25077.5;3395
20260317 143500;25077.5;25078;25067;25072;3051
20260317 143600;25072;25087;25068.75;25084.75;3979
20260317 143700;25084.5;25084.75;25069.75;25072;3644
20260317 143800;25072;25078.75;25062.75;25070;3975
20260317 143900;25069.75;25070.5;25045.25;25049.5;5090
20260317 144000;25049.75;25059.75;25045.5;25049.25;2788
20260317 144100;25048.75;25054.25;25040;25045.25;3489
20260317 144200;25045;25055;25034;25052.25;3564
20260317 144300;25052;25068.5;25045.75;25066.5;3653
20260317 144400;25066.75;25085.75;25062.5;25084.5;4018
20260317 144500;25083.5;25092;25082;25086;4128
20260317 144600;25085.75;25090.25;25081;25086;3113
20260317 144700;25086.5;25087.5;25075.5;25082.75;3093
20260317 144800;25083.25;25087.25;25075.25;25083.25;2128
20260317 144900;25083.5;25089;25079.25;25088.75;1892
20260317 145000;25088.5;25090.75;25083;25085;1917
20260317 145100;25085.75;25087;25066;25067.75;3672
20260317 145200;25067.5;25085.75;25066.5;25078;2745
20260317 145300;25078;25078.25;25067;25073.5;1865
20260317 145400;25073.5;25085;25072.5;25082.75;1602
20260317 145500;25082.25;25088;25075.75;25078.5;2197
20260317 145600;25079;25086.75;25076.75;25086;1371
20260317 145700;25086.5;25090.25;25082.25;25088.25;1775
20260317 145800;25088.25;25088.25;25079.25;25079.25;1604
20260317 145900;25079.25;25083.5;25072.25;25076;2116
20260317 150000;25076;25079.25;25070.75;25076.5;1571
20260317 150100;25076.25;25087.25;25073.5;25081;2542
20260317 150200;25080;25089.25;25074.5;25077;1720
20260317 150300;25077;25080.25;25071;25075;2109
20260317 150400;25075;25076.5;25059.5;25063.5;3265
20260317 150500;25064.25;25071.25;25053.75;25057.5;3187
20260317 150600;25057.25;25060.5;25051;25053.75;2449
20260317 150700;25053.75;25062.25;25048.75;25051.5;2643
20260317 150800;25051;25058;25037;25037.5;3021
20260317 150900;25037.5;25041;25023.5;25028.75;5098
20260317 151000;25028.25;25030.5;25019.75;25020.5;3642
20260317 151100;25020.5;25033.75;25011.75;25031.75;5705
20260317 151200;25032.5;25038.5;25017;25022.25;4751
20260317 151300;25021.75;25034;25020.75;25033;2192
20260317 151400;25032.25;25032.75;25018.25;25023.25;2210
20260317 151500;25023.5;25033.5;25022.75;25025.25;1839
20260317 151600;25025.25;25045.75;25024;25038.75;3699
20260317 151700;25039.5;25052.75;25036.5;25052.25;3103
20260317 151800;25052;25055;25042.5;25050.25;2437
20260317 151900;25050.25;25056;25021.25;25033.75;6146
20260317 152000;25033.5;25046.5;25031.75;25045;2227
20260317 152100;25045;25055.25;25034.5;25036.25;3128
20260317 152200;25036;25042.25;25010.75;25011.75;4499
20260317 152300;25011.75;25033.75;25011.5;25032;3893
20260317 152400;25032.25;25039;25027.5;25029.75;2887
20260317 152500;25029.75;25030.5;25019;25026.75;2713
20260317 152600;25027;25045;25025.25;25037.25;2955
20260317 152700;25037.5;25044;25030;25042.5;1878
20260317 152800;25042.75;25043.75;25021.25;25022;2319
20260317 152900;25022;25028.25;25016.5;25017.75;2590
20260317 153000;25017.75;25021.25;25008.75;25009.75;3230
20260317 153100;25009.5;25023.75;25008.75;25023.25;3313
20260317 153200;25023;25032.25;25017.5;25018.5;2820
20260317 153300;25018.75;25020.25;25005.75;25006.5;2452
20260317 153400;25006.75;25012.75;24998.25;25001.75;4344
20260317 153500;25000.75;25010.75;24990.75;24996;4102
20260317 153600;24996;25007.25;24979;24980;4844
20260317 153700;24980.25;24985.25;24952.5;24954.75;7914
20260317 153800;24955.5;24968.5;24951.5;24961.75;6041
20260317 153900;24961.5;24972;24956.75;24958.75;3976
20260317 154000;24958.5;24982.5;24958;24975;4250
20260317 154100;24975;24985.25;24967.25;24981.25;3387
20260317 154200;24981.5;24985.5;24966.75;24973;2809
20260317 154300;24974;24977.5;24968;24970.25;2013
20260317 154400;24970.5;24984;24967.75;24983.5;2564
20260317 154500;24982.75;24998;24982.75;24994.5;3906
20260317 154600;24994.25;25002.75;24990.5;25002.25;2768
20260317 154700;25002;25013;24996.5;25005.25;3253
20260317 154800;25005.5;25009;25000.75;25006.75;1748
20260317 154900;25007.25;25007.75;24990.25;24998;3251
20260317 155000;24998;24999.75;24984.5;24985.5;2406
20260317 155100;24985.75;25006;24985.75;25001.25;3221
20260317 155200;25001.5;25014.75;24998.5;25008.75;2484
20260317 155300;25008.75;25012.5;24994.75;24999.25;2320
20260317 155400;24999.25;25011.5;24992.75;25010.75;2180
20260317 155500;25010.5;25011;24998.75;25004.5;1520
20260317 155600;25004.5;25011.25;24988.75;25006.25;3193
20260317 155700;25006.25;25011.25;24995;24997.25;1721
20260317 155800;24997.5;25003.5;24992.75;24994.75;1161
20260317 155900;24994.5;24997.25;24987.25;24990.75;2026
20260317 160000;24991;24998.75;24990.5;24990.75;1192
20260317 160100;24991.25;24993.25;24980.5;24985;2539
20260317 160200;24985.25;24989;24976.5;24983.75;2143
20260317 160300;24984;24989.75;24970.5;24974;2585
20260317 160400;24974;24976.25;24960.25;24966.25;3631
20260317 160500;24966;24981.25;24965.75;24970.5;2683
20260317 160600;24971.25;24988.5;24969.5;24973.25;3765
20260317 160700;24974;24982.5;24966.75;24967.75;1823
20260317 160800;24968;24970.5;24946;24959.75;5157
20260317 160900;24959.25;24979.75;24959;24969.25;5395
20260317 161000;24969;24977.25;24961.25;24975.25;2162
20260317 161100;24975.75;24987.25;24972;24983.25;3278
20260317 161200;24983.25;25001;24978.25;24997;3748
20260317 161300;24996.75;24997;24983.5;24988.25;2640
20260317 161400;24988.25;24994.75;24982.5;24983.75;2100
20260317 161500;24984.25;24984.75;24973.5;24977;2060
20260317 161600;24977.25;24985;24971.75;24977;1857
20260317 161700;24976.75;24987;24976;24981;1693
20260317 161800;24980;24997.75;24980;24995;2071
20260317 161900;24993.5;25012.75;24991.5;25011.75;3510
20260317 162000;25012;25019.25;24999.5;25018.25;2968
20260317 162100;25018;25018;25005.25;25012;2663
20260317 162200;25012.25;25015.5;24998.75;25004.5;2271
20260317 162300;25004.75;25011.75;25002.25;25011.5;1599
20260317 162400;25010.25;25019;25008;25011.75;2149
20260317 162500;25011.75;25026.25;25008.5;25021;2799
20260317 162600;25021.25;25021.75;25010.5;25016.75;1994
20260317 162700;25016;25022;25010.25;25020.75;1377
20260317 162800;25020.25;25021;25006.5;25009;1993
20260317 162900;25008.75;25015;25004;25008.75;1741
20260317 163000;25009.25;25016.25;25008.25;25012;1383
20260317 163100;25012;25024.25;25010.25;25016.5;2589
20260317 163200;25017.25;25019.25;25007.5;25016.75;2061
20260317 163300;25016.75;25021.25;25010.75;25014;1309
20260317 163400;25014.75;25022;25001.5;25006.75;2054
20260317 163500;25007;25011.25;24996.25;25010;2669
20260317 163600;25010;25021.75;25005;25011.5;2951
20260317 163700;25011;25015;24998.75;25000;1641
20260317 163800;24999.75;25004.25;24988.5;24992.75;2708
20260317 163900;24993;25004.25;24989.75;25001.75;1769
20260317 164000;25001.5;25001.5;24991.5;24996;1080
20260317 164100;24995.5;25009.75;24995;24996;2270
20260317 164200;24996.25;25004.75;24992.5;25003.5;1450
20260317 164300;25003;25004.75;24993;25004.75;1039
20260317 164400;25005;25019.75;25004.5;25010.5;2312
20260317 164500;25010.75;25025;25010.5;25025;1843
20260317 164600;25024.75;25027;25018.5;25026;1861
20260317 164700;25025.75;25026.75;25020;25026;1349
20260317 164800;25025.5;25025.5;25009.75;25012;1953
20260317 164900;25012.25;25015.25;25008.25;25009;1256
20260317 165000;25009;25020;25005.5;25011.25;1848
20260317 165100;25011;25016.25;25008;25015.5;953
20260317 165200;25015.5;25019.75;25013;25013.25;1039
20260317 165300;25013;25017.75;25002;25004.25;1588
20260317 165400;25004.75;25011;25003;25009.25;1075
20260317 165500;25009;25011.25;25005.75;25010;701
20260317 165600;25009;25016.75;25006.75;25015.25;1354
20260317 165700;25015.5;25017;25012;25012.75;1038
20260317 165800;25012.5;25015;25001.25;25004;1393
20260317 165900;25004.25;25009;24995.5;24998.75;1805
20260317 170000;24998.75;25000;24995;24995.75;1047
20260317 170100;24995.5;25007.25;24994.25;25005.75;2073
20260317 170200;25006;25013.25;25005;25007.5;1448
20260317 170300;25007.5;25029.75;25006;25029;2634
20260317 170400;25029;25037.25;25025.25;25037;2494
20260317 170500;25037;25037.25;25028.5;25031.75;1903
20260317 170600;25032;25033.25;25024;25029.25;2084
20260317 170700;25029.25;25032.25;25024.75;25030;1164
20260317 170800;25029.25;25031.5;25019.25;25027;1994
20260317 170900;25027.25;25033;25023.75;25030.75;1234
20260317 171000;25030.75;25033.25;25028;25029.5;1149
20260317 171100;25029.25;25030.5;25002.25;25003.25;2911
20260317 171200;25003.75;25021.25;25003.25;25018.75;2168
20260317 171300;25019.75;25021;25007.5;25011;1384
20260317 171400;25011.25;25017;25009.5;25011.5;1158
20260317 171500;25012.5;25016;25009;25015.25;808
20260317 171600;25014.75;25015;25003;25004;1520
20260317 171700;25004.25;25013;25004;25011.75;1081
20260317 171800;25011.25;25011.75;25007.75;25009.25;699
20260317 171900;25009.75;25016.25;25008;25013.75;859
20260317 172000;25013.25;25015.25;25005.75;25011;990
20260317 172100;25011.25;25014.75;25001.75;25004;1479
20260317 172200;25004;25011.75;25004;25010;1000
20260317 172300;25010.25;25019;25008.5;25017.25;1415
20260317 172400;25017.25;25021.5;25011.75;25017.25;1168
20260317 172500;25017;25019.5;25010.5;25014;989
20260317 172600;25014;25017;25006.25;25006.75;1035
20260317 172700;25006.75;25016;25006.25;25015.5;888
20260317 172800;25015.5;25023;25014.5;25017.25;1692
20260317 172900;25017.75;25019;25013.5;25016.75;769
20260317 173000;25017.25;25017.75;25013.25;25016.5;583
20260317 173100;25016.5;25020.5;25009.25;25019;1277
20260317 173200;25019;25027.25;25018;25025;1621
20260317 173300;25025.25;25027;25021.75;25022;1026
20260317 173400;25022;25023;25013;25014.25;1248
20260317 173500;25014.25;25017.75;25012.5;25013.5;690
20260317 173600;25013.75;25023.25;25012.5;25021;1165
20260317 173700;25020.75;25027.25;25018;25025.5;1458
20260317 173800;25026;25034.5;25024.25;25033.75;1692
20260317 173900;25034;25034.5;25030.25;25034;1202
20260317 174000;25033.75;25035.5;25031;25032.75;931
20260317 174100;25032.75;25034.75;25025.5;25026;1369
20260317 174200;25026.25;25032;25024.5;25027.5;836
20260317 174300;25027.5;25034.5;25024.75;25030;1322
20260317 174400;25029.75;25030.25;25009.5;25009.75;2839
20260317 174500;25010.5;25017.5;25006.25;25012;1841
20260317 174600;25012;25018.75;25003;25003;1881
20260317 174700;25003.5;25011;25002;25003.25;1499
20260317 174800;25003.25;25006.5;24994.25;24995;2078
20260317 174900;24995.25;25007.5;24995.25;25005;1490
20260317 175000;25005;25008.75;25004;25007.25;851
20260317 175100;25007;25011.5;25001.25;25002.25;1657
20260317 175200;25002.5;25014.5;25001.75;25013.25;1440
20260317 175300;25013;25034.25;25013;25033.5;3739
20260317 175400;25033.5;25041.25;25029.5;25037.75;2534
20260317 175500;25038.25;25039;25032.75;25039;1154
20260317 175600;25038.75;25039;25028.75;25031.75;1517
20260317 175700;25031;25041.25;25030.75;25037.25;1551
20260317 175800;25037.5;25043.5;25035.25;25040.5;1335
20260317 175900;25041;25041.25;25033.25;25035;1088
20260317 180000;25034.25;25035.5;25031.25;25034.25;876
20260317 180100;25034.25;25039.25;25028.25;25029.5;1514
20260317 180200;25029.75;25029.75;25022.5;25024;1649
20260317 180300;25023.75;25039.75;25023;25037.25;2065
20260317 180400;25037.75;25048;25036.75;25041;2452
20260317 180500;25041.5;25043;25038.25;25041;1177
20260317 180600;25041.5;25045.75;25031.5;25034;1769
20260317 180700;25034.25;25049;25033.5;25047.5;1791
20260317 180800;25047.5;25054.75;25044.75;25053.5;2314
20260317 180900;25053.75;25054.25;25046.25;25050.5;1278
20260317 181000;25050;25055.25;25048.5;25054.5;911
20260317 181100;25055;25058.25;25050.5;25052.75;1467
20260317 181200;25052.75;25053.25;25048;25049.5;1007
20260317 181300;25050;25051.75;25041;25043.25;1529
20260317 181400;25044.25;25044.75;25039.25;25041;1003
20260317 181500;25041;25042.75;25035.5;25035.5;1122
20260317 181600;25036;25038.5;25033.25;25035.75;1425
20260317 181700;25036;25042;25035.75;25039.25;1166
20260317 181800;25038.75;25041.25;25034;25035.25;780
20260317 181900;25034.75;25039.25;25033;25036.5;1101
20260317 182000;25036.75;25039.25;25033.25;25036.75;1019
20260317 182100;25036.25;25039.25;25033.25;25035.75;806
20260317 182200;25035.5;25035.5;25026;25028;2113
20260317 182300;25029;25032;25027.25;25030.5;846
20260317 182400;25030.5;25030.5;25018;25019.5;2110
20260317 182500;25019.25;25021.75;25003.5;25004.5;3018
20260317 182600;25003.5;25016.75;25002.25;25003.5;2505
20260317 182700;25003.75;25012.25;25001.5;25006.5;2065
20260317 182800;25006.75;25012.5;25003.5;25004;1329
20260317 182900;25003.75;25011.5;25003;25008.75;1423
20260317 183000;25008.75;25011.75;25000.25;25001.25;1520
20260317 183100;25001.25;25007.5;24997;25004.75;2004
20260317 183200;25004.75;25005.75;24998.25;24998.75;1080
20260317 183300;24998.75;25009.25;24992.25;25008.25;2817
20260317 183400;25008.25;25008.75;24999;25000.5;1190
20260317 183500;25000.75;25006;24999;25003;962
20260317 183600;25003.5;25005.5;24997.25;25004;1107
20260317 183700;25003.75;25008.75;25000.25;25001.25;1535
20260317 183800;25000.75;25002.75;24993.75;24997;1614
20260317 183900;24997.25;25002.5;24995.5;24998.5;657
20260317 184000;24998.5;25006.5;24996;24998.75;1560
20260317 184100;24998.75;25008.25;24996.25;25000.75;1469
20260317 184200;25001.75;25001.75;24992.75;24994;1513
20260317 184300;24993.75;24998.5;24993.75;24996;832
20260317 184400;24995.25;25002.5;24994.5;24999;898
20260317 184500;24999;25000;24989.75;24992.5;1366
20260317 184600;24992.75;24997;24991.75;24993.25;1021
20260317 184700;24993.75;25004.75;24993;25002.5;1112
20260317 184800;25002.75;25006.5;24999;25001.25;1343
20260317 184900;25001.5;25007;24999.25;25006.75;790
20260317 185000;25006.25;25007.5;25003.5;25004.75;865
20260317 185100;25004.75;25005;24995.5;25001.5;1069
20260317 185200;25001.5;25012.25;25001.25;25012;1306
20260317 185300;25012;25013.75;25009.75;25012.5;1128
20260317 185400;25012.75;25017.75;25009.5;25013.25;1577
20260317 185500;25013.25;25017.25;25013.25;25014.75;642
20260317 185600;25015.25;25015.25;24998.25;25000.5;2101
20260317 185700;25000;25001;24990.75;24995.5;1904
20260317 185800;24995.5;25003.5;24994.75;25001.5;1280
20260317 185900;25001.5;25004;25000;25002.25;524
20260317 190000;25001.75;25003.75;25000;25003.25;618
20260317 190100;25003.5;25011;25000.5;25003;1659
20260317 190200;25003;25011;25003;25010.5;1112
20260317 190300;25010.5;25019.25;25007.5;25011.5;2388
20260317 190400;25011.5;25011.5;25000.25;25003.5;1716
20260317 190500;25003.5;25006;25001.5;25002.75;611
20260317 190600;25002.75;25003.75;24995;24995.75;1344
20260317 190700;24996;24998;24981.5;24984.5;2607
20260317 190800;24984.5;24990;24983.5;24988;1563
20260317 190900;24988;25000.75;24987.25;24998.25;2190
20260317 191000;24998.5;25001.75;24995.25;24999;1087
20260317 191100;24999.25;25008.75;24998;25005.25;1954
20260317 191200;25005;25005.75;24998;25002.5;1122
20260317 191300;25003;25003.25;24997.25;24998.75;632
20260317 191400;24998.5;25005.25;24997.5;25003.75;633
20260317 191500;25003.25;25005.5;25001.75;25004.75;585
20260317 191600;25004.75;25025.75;25002.5;25024.25;3710
20260317 191700;25023.5;25023.5;25015.75;25018;1767
20260317 191800;25017.75;25018;25012.5;25014;1103
20260317 191900;25014;25021.5;25012.25;25020.5;1286
20260317 192000;25021;25021.75;25013;25013.5;901
20260317 192100;25013.5;25015;25007.25;25009.75;1309
20260317 192200;25009.5;25011.75;25000.75;25002;1447
20260317 192300;25002;25006.75;24998.75;25001.5;1188
20260317 192400;25001.25;25005.5;25000.75;25003.5;651
20260317 192500;25003.5;25006.75;25002.75;25004.5;672
20260317 192600;25005;25007.25;25000.75;25001.75;917
20260317 192700;25002.5;25010.5;25002;25003.75;1344
20260317 192800;25004.25;25007.25;25002.5;25004.75;611
20260317 192900;25004.75;25010.25;25004.5;25009.5;836
20260317 193000;25008.5;25009;25003.5;25006.75;584
20260317 193100;25006.5;25015.25;25004.5;25014;1656
20260317 193200;25014;25014.5;25007.5;25013;835
20260317 193300;25013.25;25015.5;25007;25008;910
20260317 193400;25008;25010;25004.25;25005.5;702
20260317 193500;25005;25005.75;25000;25002.75;1056
20260317 193600;25002.5;25007.75;25001.5;25002.75;883
20260317 193700;25002.75;25004.25;24999.25;25001;740
20260317 193800;25001;25005;25000.75;25004;518
20260317 193900;25004.25;25004.25;24997.75;24999.75;633
20260317 194000;24999.5;25003;24997.75;25000.75;642
20260317 194100;25001.25;25008.5;25001.25;25005.75;1111
20260317 194200;25005.25;25009.5;25005;25005.5;864
20260317 194300;25005.75;25005.75;24997.75;24999.5;1059
20260317 194400;25000;25002.5;24994.5;25002;1252
20260317 194500;25001.75;25003;24997.75;24999;757
20260317 194600;24999.25;25011;24999;25009.25;1556
20260317 194700;25008.75;25013.5;25006.5;25008.75;1307
20260317 194800;25008.25;25011;25005.25;25007;581
20260317 194900;25006.75;25014;25006;25013.75;721
20260317 195000;25013.75;25016.75;25012;25015.75;1165
20260317 195100;25015.75;25019.5;24996.25;24997.75;3523
20260317 195200;24997.5;25010.5;24997.25;25006;1943
20260317 195300;25006.25;25009;25001.25;25005.75;1194
20260317 195400;25006;25006.75;24998.75;25005.5;1350
20260317 195500;25006;25029;24998.25;25027.75;3753
20260317 195600;25028;25028;25004.5;25007.25;3544
20260317 195700;25006.5;25009.75;25004;25009;967
20260317 195800;25008.75;25010.5;25003.5;25005.75;1189
20260317 195900;25005.75;25007.5;25002;25005.25;1425
20260317 200000;25005;25022.25;25003.75;25011.25;5962
20260317 200100;25011.25;25022.25;25004;25021.25;3521
20260317 200200;25021.25;25023.75;25011.25;25013.5;1251
20260317 200300;25013.25;25019.25;25012;25018.5;1415
20260317 200400;25018.75;25025.75;25017.25;25024.75;882
20260317 200500;25025;25026.25;25022.5;25024.75;691
20260317 200600;25024.5;25028.25;25024;25026.25;635
20260317 200700;25026.25;25026.5;25022;25023;724
20260317 200800;25023;25023;25018;25019.25;574
20260317 200900;25019;25020;25015.25;25020;753
20260317 201000;25019.5;25021;25016.75;25017;420
20260317 201100;25017;25024;25014.75;25022;882
20260317 201200;25022.25;25025.75;25020.75;25025;369
20260317 201300;25025.25;25026.75;25024;25024.75;330
20260317 201400;25024.75;25027;25023;25023.75;472
20260317 201500;25024.25;25029.5;25024.25;25027.75;565
20260317 201600;25027.75;25029.25;25024.75;25025.5;407
20260317 201700;25025.25;25025.75;25021.5;25023.25;463
20260317 201800;25022.75;25029.5;25022.75;25028.75;352
20260317 201900;25028.25;25030.5;25027.75;25028.75;469
20260317 202000;25028.5;25029.25;25025.25;25026;249
20260317 202100;25025.75;25025.75;25022.75;25023.75;262
20260317 202200;25023.75;25026;25022;25025.75;333
20260317 202300;25026.25;25027.75;25025;25025;135
20260317 202400;25025;25026.75;25022.25;25026.25;252
20260317 202500;25026.25;25028;25025.75;25026.25;126
20260317 202600;25026.25;25026.75;25024.25;25025;133
20260317 202700;25025.75;25027.25;25024;25024;123
20260317 202800;25024.5;25025.75;25024;25024.25;67
20260317 202900;25024.25;25024.75;25021.25;25022.5;262
20260317 203000;25023;25023.5;25021.75;25022.25;138
20260317 203100;25022.5;25024.5;25022;25024;164
20260317 203200;25023.5;25027;25023;25025;277
20260317 203300;25025;25026.25;25024.25;25025;105
20260317 203400;25025.5;25025.5;25023.25;25024;136
20260317 203500;25024.25;25026.5;25024;25025.25;138
20260317 203600;25024.75;25025.25;25023;25023.5;179
20260317 203700;25023.25;25023.5;25022;25023;132
20260317 203800;25022.5;25024;25022.5;25024;107
20260317 203900;25024;25026;25022.75;25025.25;148
20260317 204000;25025.25;25027;25024.75;25024.75;207
20260317 204100;25024.75;25026.25;25024;25025.5;311
20260317 204200;25024.75;25027;25024;25024.5;170
20260317 204300;25024.75;25025.5;25024.25;25024.75;63
20260317 204400;25024.5;25026.25;25023;25025.5;145
20260317 204500;25025.25;25025.75;25024.25;25024.25;197
20260317 204600;25024.5;25027.5;25024.25;25025.75;328
20260317 204700;25025.75;25026.25;25023.5;25024;138
20260317 204800;25024.25;25027.75;25022;25027.75;315
20260317 204900;25027.5;25028.5;25025.5;25025.75;205
20260317 205000;25025.5;25025.75;25023.25;25025;176
20260317 205100;25024.5;25027.25;25024.25;25026.5;102
20260317 205200;25026.25;25026.25;25023.25;25024;156
20260317 205300;25024.5;25024.75;25020.25;25022;345
20260317 205400;25022;25023.25;25021;25021;188
20260317 205500;25021;25023.75;25019.75;25023.5;213
20260317 205600;25023.5;25024.75;25022;25024;277
20260317 205700;25024.5;25027;25023.5;25023.5;139
20260317 205800;25023.75;25026;25020.75;25024.75;224
20260317 205900;25024.75;25026.25;25022.5;25026.25;175
20260317 210000;25026.25;25027.5;25024.5;25027;293
20260317 220100;25026;25027;25013;25014;528
20260317 220200;25013.75;25016.5;25008.5;25011.75;904
20260317 220300;25012.75;25016;25009;25011.75;334
20260317 220400;25011.25;25014.75;25008.75;25009.25;197
20260317 220500;25009;25013.25;25008.5;25009.25;211
20260317 220600;25010.25;25012.75;25007.5;25010.75;266
20260317 220700;25011.25;25011.75;25007.25;25008.5;250
20260317 220800;25009;25009;25005.25;25006.5;313
20260317 220900;25007.25;25012.75;25006.25;25010.5;283
20260317 221000;25009.75;25015.5;25009.5;25013.5;308
20260317 221100;25013.75;25016;25008.25;25010;283
20260317 221200;25010.75;25014;25008.5;25013;180
20260317 221300;25012.75;25014.5;25010.25;25014.25;122
20260317 221400;25014.25;25017.25;25013.25;25015.25;249
20260317 221500;25015.25;25017.5;25015.25;25016.75;116
20260317 221600;25016.75;25017;25012.75;25012.75;161
20260317 221700;25013.75;25013.75;25001.75;25003;697
20260317 221800;25002.75;25009.25;25002.75;25008.5;293
20260317 221900;25008.5;25011.25;25006.5;25008.75;235
20260317 222000;25009;25010.25;25002.25;25003.25;235
20260317 222100;25004.25;25007.25;25003;25005;200
20260317 222200;25005.25;25006.25;25002;25003.75;174
20260317 222300;25003.75;25006.75;25003.5;25006.5;110
20260317 222400;25005.75;25010.25;25005.25;25005.25;236
20260317 222500;25005.5;25010.25;25004.5;25007;289
20260317 222600;25008;25009.5;25005.75;25008.75;148
20260317 222700;25009;25013.5;25009;25010.25;311
20260317 222800;25010.25;25010.25;25005;25005.5;179
20260317 222900;25005.25;25010;25005;25007;163
20260317 223000;25006.75;25008.75;25006.25;25006.5;100
20260317 223100;25006.75;25011.5;25006.25;25008.75;204
20260317 223200;25009.5;25009.75;25006.5;25008.5;88
20260317 223300;25008.5;25008.5;25005.75;25007.25;89
20260317 223400;25007.25;25009;25006;25006;101
20260317 223500;25006;25007;25003.75;25005.25;250
20260317 223600;25005.25;25007.75;25002.25;25002.5;279
20260317 223700;25002.75;25006;25000.75;25002.75;291
20260317 223800;25002.75;25004;24998.5;25000;388
20260317 223900;24999;25002.5;24997.5;25000;509
20260317 224000;24999.5;25000.25;24991.75;24997.25;859
20260317 224100;24997;24998;24993.5;24995.25;243
20260317 224200;24995.25;24998.25;24991.75;24992;363
20260317 224300;24992;24994.5;24991.25;24994.5;246
20260317 224400;24994;24998;24993;24996.25;280
20260317 224500;24996.25;24997.75;24992.75;24994;261
20260317 224600;24994.75;24997;24993.25;24995.75;205
20260317 224700;24996;25000;24995.25;24999;462
20260317 224800;24998.75;24998.75;24993;24995;239
20260317 224900;24995.25;24995.25;24990;24992;395
20260317 225000;24992.25;24995.75;24991.75;24994;231
20260317 225100;24993.25;24997.75;24993;24996.75;237
20260317 225200;24996.75;24998.5;24995.5;24998;202
20260317 225300;24997.25;25001.25;24997;24998.75;344
20260317 225400;24998.75;25002;24998.75;25002;205
20260317 225500;25002;25003.25;24998.25;24998.75;279
20260317 225600;24999.5;25003.25;24999.5;25001.75;145
20260317 225700;25001.75;25003.75;25001.25;25003;88
20260317 225800;25003;25008;25003;25005;383
20260317 225900;25004.75;25011;25004.5;25010.5;316
20260317 230000;25010;25010.5;25005.25;25006.75;309
20260317 230100;25007;25010.5;25003;25005.75;524
20260317 230200;25005.25;25009.5;25003;25006.5;432
20260317 230300;25006.5;25007.25;25001;25001.25;292
20260317 230400;25000.75;25001;24995.25;24997;507
20260317 230500;24998;25001.25;24997.5;25001.25;291
20260317 230600;25001.5;25004.5;24998.75;25002.25;250
20260317 230700;25002.75;25004;25000.5;25001.75;129
20260317 230800;25002.75;25005;25000.5;25004.25;137
20260317 230900;25005;25006.25;25002.75;25003.75;144
20260317 231000;25004.75;25004.75;25000.25;25001.5;106
20260317 231100;25000.5;25002;24998.25;24999.5;226
20260317 231200;24999.25;25003;24997;25001.75;195
20260317 231300;25001.75;25005.5;25001.25;25003.5;173
20260317 231400;25003.25;25005;25003;25003.75;64
20260317 231500;25003.75;25007.75;25003.25;25007.25;310
20260317 231600;25007;25007.25;25004;25007.25;172
20260317 231700;25007;25007.75;25005.75;25005.75;129
20260317 231800;25006.25;25006.25;25005;25006;57
20260317 231900;25006.25;25014;25005.75;25013.25;476
20260317 232000;25013;25020.5;25011.25;25019.75;756
20260317 232100;25019.25;25024;25016.75;25023;696
20260317 232200;25022;25024;25017;25019.25;482
20260317 232300;25019.25;25019.25;25010.75;25013;415
20260317 232400;25014;25016.25;25009.5;25011.5;411
20260317 232500;25011.5;25014;25011.5;25012;210
20260317 232600;25011.75;25014.5;25010.25;25010.5;159
20260317 232700;25011.25;25012.25;25009.25;25009.25;136
20260317 232800;25009.25;25011.25;25008.75;25009.25;113
20260317 232900;25009.25;25012.5;25008.75;25010.5;171
20260317 233000;25010.75;25011.5;25007;25007;288
20260317 233100;25006.5;25006.75;25002.5;25003;516
20260317 233200;25003.25;25004.75;25002.75;25004;148
20260317 233300;25004;25008.5;25002.75;25007.5;225
20260317 233400;25007.75;25012.25;25006.25;25010.25;396
20260317 233500;25010;25010.75;25008.5;25010.75;98
20260317 233600;25011;25016.25;25010.25;25013.25;376
20260317 233700;25013.25;25013.25;25010.5;25011.75;135
20260317 233800;25011.25;25012;25007;25007;161
20260317 233900;25007;25007.75;25002.5;25004.25;373
20260317 234000;25004.25;25004.75;25000;25000.75;282
20260317 234100;25000.25;25002.25;24998.5;25000;352
20260317 234200;24999.5;25005.25;24998.5;25001.75;267
20260317 234300;25001.75;25003.25;25001.25;25001.5;135
20260317 234400;25001.5;25002.25;24997.5;25001.5;273
20260317 234500;25001.5;25005;25001;25004.25;180
20260317 234600;25004;25009.25;25003.25;25006.5;257
20260317 234700;25006.5;25010.75;25006.25;25009.5;159
20260317 234800;25009.5;25009.5;25005.75;25007.5;170
20260317 234900;25006.5;25006.5;25003;25003.75;142
20260317 235000;25004;25009.25;25004;25007.5;142
20260317 235100;25007.75;25010.75;25007;25008.75;135
20260317 235200;25009.25;25010.25;25005.25;25005.75;175
20260317 235300;25006.5;25008.5;25004.75;25007.75;78
20260317 235400;25007.5;25008.25;25004.25;25005.25;138
20260317 235500;25005.5;25007.5;25005.25;25005.75;132
20260317 235600;25005.25;25007.25;25002.75;25003.75;155
20260317 235700;25003.75;25006.75;25001.5;25004;232
20260317 235800;25003.5;25004.25;25002.25;25003.75;79
20260317 235900;25003.75;25004;25001.25;25002;121
20260318 000000;25002;25005.75;25001.25;25004.75;195
20260318 000100;25004.25;25004.25;24998;25001;445
20260318 000200;25001.25;25020;24998.5;25017.75;1131
20260318 000300;25017.5;25018.75;25012.25;25014.5;475
20260318 000400;25013;25015.75;25011.25;25013.75;235
20260318 000500;25013.75;25019.75;25013.75;25019;399
20260318 000600;25019.25;25025.25;25018;25024;776
20260318 000700;25024.25;25031.75;25024;25030.25;954
20260318 000800;25030.25;25031;25026.75;25028.5;466
20260318 000900;25028.25;25030.75;25023.75;25028.75;382
20260318 001000;25029.25;25032.25;25027.25;25031.25;435
20260318 001100;25031.5;25047;25029.5;25045.75;1328
20260318 001200;25045.5;25046.5;25038;25039.75;600
20260318 001300;25039.75;25048.5;25038.25;25047;451
20260318 001400;25046.75;25047.75;25043.5;25047.5;442
20260318 001500;25046.75;25052.75;25046.5;25051;682
20260318 001600;25051.75;25055.25;25043.25;25048;1072
20260318 001700;25047.25;25052;25045.75;25048;409
20260318 001800;25048;25049.75;25042.5;25045.5;469
20260318 001900;25045;25045;25040;25043;472
20260318 002000;25043.25;25043.25;25038;25038.25;404
20260318 002100;25039.25;25041.75;25036.25;25037.75;423
20260318 002200;25037.5;25048.5;25035.75;25047.5;806
20260318 002300;25047;25047.75;25042.75;25047.5;348
20260318 002400;25047;25049.5;25046;25046.5;298
20260318 002500;25047;25052;25046.25;25048.75;370
20260318 002600;25048.75;25049.75;25044;25048.75;267
20260318 002700;25048.75;25050.25;25045.75;25048.5;265
20260318 002800;25047;25048.75;25045;25047.25;336
20260318 002900;25047.25;25049;25045.75;25046.5;111
20260318 003000;25046.75;25047.75;25045.25;25045.5;195
20260318 003100;25045.75;25046.5;25043;25045;255
20260318 003200;25044.25;25048.25;25043.75;25045.25;253
20260318 003300;25043.75;25045;25038.75;25040.75;287
20260318 003400;25040.25;25044.75;25040.25;25043.75;196
20260318 003500;25043.75;25046;25042.75;25044;161
20260318 003600;25043.75;25043.75;25041.75;25042.25;82
20260318 003700;25042.25;25043.75;25041.25;25042;131
20260318 003800;25042.25;25044.25;25042;25043;115
20260318 003900;25043.25;25048.75;25042.5;25046;327
20260318 004000;25046.5;25049.25;25046.5;25047.75;120
20260318 004100;25048.25;25048.25;25043.25;25045.75;239
20260318 004200;25045.75;25046.5;25043;25044.25;237
20260318 004300;25043.75;25046.5;25043;25045.75;150
20260318 004400;25046.25;25047.75;25045.5;25047.25;132
20260318 004500;25047.75;25055.25;25044;25054.25;724
20260318 004600;25053.5;25076;25052.75;25072.75;2348
20260318 004700;25072;25072.75;25065.5;25068.75;650
20260318 004800;25068;25071.5;25066.5;25071;495
20260318 004900;25071.25;25073;25070.25;25071.25;280
20260318 005000;25070.75;25073.75;25069.25;25071.25;298
20260318 005100;25071;25071.75;25068.5;25071;313
20260318 005200;25070.5;25072.25;25064;25072.25;544
20260318 005300;25071.5;25078;25071;25076.75;611
20260318 005400;25076.5;25080.5;25073.75;25078.75;567
20260318 005500;25078.5;25078.5;25073.5;25074.5;249
20260318 005600;25074.25;25076.75;25071.75;25074.5;295
20260318 005700;25074.75;25078.5;25073.25;25077;241
20260318 005800;25076.5;25080.25;25075.25;25079.75;284
20260318 005900;25080.25;25081.75;25076;25081.25;394
20260318 010000;25082;25082.5;25077.75;25078.5;276
20260318 010100;25079;25086;25079;25083.5;920
20260318 010200;25083.25;25095.75;25082.25;25094;1196
20260318 010300;25093.75;25096.25;25091.25;25092.5;813
20260318 010400;25092.5;25096.5;25090.75;25094.5;385
20260318 010500;25094.5;25095.5;25089.5;25091.75;431
20260318 010600;25091.75;25097.5;25091.25;25094.5;402
20260318 010700;25094.25;25095.5;25092.75;25094;302
20260318 010800;25093.5;25093.5;25087.25;25091.25;611
20260318 010900;25090;25094;25089.25;25092.5;259
20260318 011000;25092;25094.5;25091;25093.25;260
20260318 011100;25094.25;25099;25091.25;25091.75;714
20260318 011200;25091.75;25092.25;25087.5;25089.75;482
20260318 011300;25089.75;25091.75;25085.5;25089.5;481
20260318 011400;25089.25;25092.5;25089;25090.25;233
20260318 011500;25089.75;25091.25;25087.75;25089.75;183
20260318 011600;25091;25094.5;25089.5;25094;287
20260318 011700;25093.5;25095;25091.75;25094;271
20260318 011800;25094;25094.5;25089;25089.75;297
20260318 011900;25089.25;25092.25;25087;25090.75;268
20260318 012000;25091;25094.5;25088.25;25088.75;324
20260318 012100;25089;25096;25087.25;25094.25;305
20260318 012200;25095;25097.5;25094.25;25096;370
20260318 012300;25095.5;25098;25094;25096.25;354
20260318 012400;25096.25;25098.5;25094.5;25094.75;292
20260318 012500;25095.5;25097;25093;25094.5;249
20260318 012600;25094;25095.5;25092.5;25093;318
20260318 012700;25092.5;25095;25090;25094.75;307
20260318 012800;25094.75;25095.5;25093;25095;209
20260318 012900;25095;25095.5;25093;25093;100
20260318 013000;25093.5;25093.5;25089.25;25090.5;250
20260318 013100;25090;25091.25;25087.5;25089.5;341
20260318 013200;25090;25093;25089.25;25090.25;385
20260318 013300;25090.5;25092.75;25089.5;25091;162
20260318 013400;25090.5;25091.5;25088.75;25090.5;210
20260318 013500;25090;25091.5;25088.75;25090.5;138
20260318 013600;25092;25092.75;25090.25;25091;219
20260318 013700;25090.25;25090.75;25084.5;25088;560
20260318 013800;25088;25092;25087.25;25090.75;265
20260318 013900;25090.5;25092.25;25089;25090.5;189
20260318 014000;25090.25;25095;25089.75;25092.75;308
20260318 014100;25093;25096.75;25092.5;25095.25;263
20260318 014200;25095.25;25095.75;25092.75;25093;181
20260318 014300;25092.75;25093.5;25089.75;25091.75;198
20260318 014400;25091.75;25095.25;25091.5;25095.25;136
20260318 014500;25095.5;25096;25093;25093.5;111
20260318 014600;25093.75;25095;25090.25;25091.75;299
20260318 014700;25091.25;25092.75;25090.5;25091.5;111
20260318 014800;25092;25092.75;25090;25090;173
20260318 014900;25090.25;25092;25088.5;25088.5;242
20260318 015000;25088.5;25091.5;25085.5;25090;628
20260318 015100;25090.25;25091;25086.5;25087;200
20260318 015200;25087;25087.25;25081.25;25082;642
20260318 015300;25082;25085.5;25081.75;25083.75;411
20260318 015400;25083.5;25083.5;25081.5;25082;160
20260318 015500;25082.25;25084.5;25080.5;25082.5;257
20260318 015600;25083;25087;25082.25;25085.75;281
20260318 015700;25085.5;25091.75;25084.75;25091.25;490
20260318 015800;25091;25095.5;25091;25094.75;439
20260318 015900;25095;25096.75;25093;25096;261
20260318 020000;25095.75;25097;25093.75;25096.5;337
20260318 020100;25096.25;25107.75;25094.25;25106.5;1240
20260318 020200;25107;25110;25103.5;25105.5;916
20260318 020300;25105.75;25106.25;25100.25;25102.5;414
20260318 020400;25102.5;25105;25100.25;25104.25;295
20260318 020500;25103.75;25104;25099.5;25100.25;251
20260318 020600;25100.25;25102.75;25099;25100.75;225
20260318 020700;25101;25103.5;25099.5;25101;135
20260318 020800;25101.5;25105.25;25098;25099.25;247
20260318 020900;25099.5;25105.75;25099.25;25105;245
20260318 021000;25105.25;25110;25104.25;25110;321
20260318 021100;25110;25111.25;25101.25;25103.25;435
20260318 021200;25103;25103.75;25099;25100.75;268
20260318 021300;25100.5;25106.5;25100.5;25104;238
20260318 021400;25103.75;25105.5;25101.75;25105.25;137
20260318 021500;25105;25109.5;25104;25107;507
20260318 021600;25106.75;25107;25101.5;25104;424
20260318 021700;25104;25108.75;25103.75;25108.75;222
20260318 021800;25107.5;25118.75;25107.25;25116.75;1701
20260318 021900;25117.25;25120;25115.25;25115.25;734
20260318 022000;25115.75;25119.5;25115.25;25117.25;338
20260318 022100;25118;25118.25;25116.25;25117.5;261
20260318 022200;25117.5;25119.75;25117;25118.25;218
20260318 022300;25118;25118.75;25113;25114;346
20260318 022400;25114.75;25118;25114.25;25117.5;247
20260318 022500;25118;25118.5;25115.25;25116.5;95
20260318 022600;25116.5;25116.75;25114.75;25115.75;117
20260318 022700;25115.25;25118.25;25114.25;25117;238
20260318 022800;25116.5;25123.25;25116.5;25120.75;533
20260318 022900;25120.25;25123;25119.5;25121.25;387
20260318 023000;25120.75;25128.75;25120.25;25123.5;801
20260318 023100;25123.5;25131.25;25123.5;25125.25;896
20260318 023200;25125;25125.5;25121;25124.25;448
20260318 023300;25124;25129.5;25123.75;25127.25;450
20260318 023400;25127.25;25127.25;25120.5;25124.5;502
20260318 023500;25125;25128.75;25123;25126.25;346
20260318 023600;25125.75;25128.25;25124.75;25127.25;142
20260318 023700;25127;25127.25;25119.5;25119.75;403
20260318 023800;25119.5;25124.5;25118.25;25123.5;487
20260318 023900;25123.75;25127.25;25123.75;25126.75;149
20260318 024000;25126.25;25128.75;25125.75;25128;277
20260318 024100;25127.5;25129;25126.25;25126.25;191
20260318 024200;25126.25;25127.25;25125.25;25127;186
20260318 024300;25126.25;25126.5;25123.75;25124.5;143
20260318 024400;25123.75;25124.5;25119.5;25121.25;301
20260318 024500;25121.5;25123;25120;25120.75;130
20260318 024600;25121;25126.75;25120;25125.25;370
20260318 024700;25125.75;25128.25;25124;25125.25;385
20260318 024800;25125.75;25126.75;25124.5;25125.5;202
20260318 024900;25126.25;25127.75;25122;25123;198
20260318 025000;25123.75;25123.75;25119.25;25119.5;243
20260318 025100;25119.5;25121;25119.25;25120.25;173
20260318 025200;25119.5;25120.75;25116.5;25120.25;428
20260318 025300;25120;25124.25;25119.5;25122.25;349
20260318 025400;25122.25;25122.75;25119.5;25120;268
20260318 025500;25121;25121.25;25117;25117.75;189
20260318 025600;25118.25;25120;25118;25119;99
20260318 025700;25118.75;25119.5;25117;25117.75;186
20260318 025800;25118;25118.25;25114.25;25116;412
20260318 025900;25115.25;25117.5;25113;25117.5;316
20260318 030000;25117.5;25119.75;25116.25;25118;227
20260318 030100;25118;25120;25117.25;25118;194
20260318 030200;25118.25;25118.5;25111.5;25113;481
20260318 030300;25113;25113.5;25111;25113;238
20260318 030400;25113;25116.5;25112.25;25114.75;199
20260318 030500;25114.5;25114.5;25112;25112.5;71
20260318 030600;25112.75;25112.75;25110;25112;249
20260318 030700;25111.5;25112.25;25108.75;25109.25;230
20260318 030800;25109.5;25112.75;25107.5;25110.75;354
20260318 030900;25110.25;25114.25;25109.5;25113.25;223
20260318 031000;25113;25114.25;25111;25111.25;158
20260318 031100;25112;25112.75;25111.25;25111.5;69
20260318 031200;25111.5;25113.75;25111.5;25113;90
20260318 031300;25112.5;25117.5;25112.25;25114.75;323
20260318 031400;25115.5;25119;25114.5;25117.75;314
20260318 031500;25118.25;25123.5;25117.5;25122.25;443
20260318 031600;25122.75;25125.5;25120.5;25121.25;301
20260318 031700;25121;25121.25;25119.75;25120.25;118
20260318 031800;25120.25;25120.5;25118.75;25119.5;111
20260318 031900;25119.5;25122;25118.5;25120.25;75
20260318 032000;25120.5;25121.75;25118.75;25121.5;163
20260318 032100;25121.5;25123.25;25121;25122.75;153
20260318 032200;25122.75;25125;25122.75;25124;186
20260318 032300;25124;25126.25;25123.25;25126;183
20260318 032400;25125.75;25127.5;25124.25;25124.75;244
20260318 032500;25125;25126;25123;25123.5;164
20260318 032600;25123.75;25126.75;25123.5;25125.25;123
20260318 032700;25126;25127.75;25125.25;25126.25;101
20260318 032800;25126;25127;25122.5;25122.5;261
20260318 032900;25122.75;25122.75;25117.5;25118;352
20260318 033000;25118;25122.25;25118;25120.75;355
20260318 033100;25120.75;25123.25;25120.25;25120.75;262
20260318 033200;25121;25121.75;25119.5;25121.75;106
20260318 033300;25122;25124.25;25119.5;25121.75;201
20260318 033400;25121.5;25125.25;25120;25123.75;143
20260318 033500;25123.25;25124.25;25121.5;25121.75;134
20260318 033600;25121.75;25122.75;25121.25;25122.5;75
20260318 033700;25122.5;25123.25;25121.5;25122.5;73
20260318 033800;25123;25123;25119.25;25121;124
20260318 033900;25120;25120;25116.5;25117.75;278
20260318 034000;25118;25118.75;25116.75;25118;162
20260318 034100;25117;25121.5;25116.75;25119.5;165
20260318 034200;25120;25122.25;25119;25119;117
20260318 034300;25118.75;25119.25;25117;25119.25;95
20260318 034400;25119.25;25120;25119;25119.75;54
20260318 034500;25120.25;25124.5;25119.75;25122;307
20260318 034600;25121.75;25126;25121.75;25124.5;423
20260318 034700;25124.75;25135.5;25124.75;25132.5;1045
20260318 034800;25132.5;25133;25130.25;25131;223
20260318 034900;25130.75;25131.25;25127;25128.5;345
20260318 035000;25128.25;25130.75;25127.75;25129;125
20260318 035100;25129.5;25130;25126.75;25129.25;124
20260318 035200;25130;25132.25;25128.5;25128.75;183
20260318 035300;25128.75;25131;25128.75;25130.5;64
20260318 035400;25130.5;25133.25;25129;25132.25;161
20260318 035500;25132.25;25134.75;25131.75;25131.75;298
20260318 035600;25131.75;25139;25130.75;25137.75;675
20260318 035700;25137.75;25140.5;25136.25;25138;454
20260318 035800;25138.25;25142.25;25136.75;25141.5;437
20260318 035900;25141.5;25144.5;25135.75;25136.75;434
20260318 040000;25136.75;25137.75;25133;25136.5;380
20260318 040100;25137;25142;25135.75;25137.5;373
20260318 040200;25137.25;25139;25136.75;25137.75;145
20260318 040300;25137.75;25143;25136.75;25142.75;334
20260318 040400;25142.5;25142.75;25140.25;25140.75;278
20260318 040500;25141.25;25142.5;25138.75;25141.25;271
20260318 040600;25141.5;25141.75;25135.75;25138.5;216
20260318 040700;25138.75;25140;25137.5;25137.5;85
20260318 040800;25137.5;25140.5;25137;25138.75;162
20260318 040900;25139.25;25141;25137.75;25140.75;101
20260318 041000;25140.75;25141.25;25139.25;25141.25;80
20260318 041100;25141.5;25142.5;25140.25;25141.25;144
20260318 041200;25141.5;25148;25140.5;25143.5;547
20260318 041300;25143.5;25146.25;25142.25;25144.75;293
20260318 041400;25144.25;25144.75;25141;25142.5;382
20260318 041500;25142.75;25144.25;25141.25;25143.5;104
20260318 041600;25143.75;25146.25;25143;25144.75;207
20260318 041700;25145;25145.75;25143.5;25144;90
20260318 041800;25143.25;25144.75;25142.5;25143.75;189
20260318 041900;25143.25;25143.75;25138.25;25140.5;377
20260318 042000;25140.25;25142;25138.75;25141;183
20260318 042100;25140.75;25142;25139.5;25141.75;172
20260318 042200;25141.75;25142.25;25140;25141.5;144
20260318 042300;25141;25143.5;25139.5;25142.25;183
20260318 042400;25142;25142.5;25140;25142.5;95
20260318 042500;25141.5;25142;25140.5;25140.5;62
20260318 042600;25140.75;25140.75;25137.75;25139.5;194
20260318 042700;25139.75;25140.25;25137.75;25137.75;141
20260318 042800;25138.5;25138.75;25135.75;25136.5;454
20260318 042900;25137;25140;25136.75;25139.75;190
20260318 043000;25139.75;25141.25;25138.5;25139.5;159
20260318 043100;25139.5;25140;25137.5;25139;124
20260318 043200;25138.5;25140;25138;25140;168
20260318 043300;25140;25141;25137.5;25138.25;114
20260318 043400;25138.25;25138.25;25134;25135.5;216
20260318 043500;25135.75;25136.25;25133.25;25135.25;217
20260318 043600;25134.75;25135.25;25130.5;25134;433
20260318 043700;25133.75;25137.5;25132;25137;334
20260318 043800;25136.75;25138.75;25136.25;25138;159
20260318 043900;25138;25138;25135.75;25135.75;93
20260318 044000;25135.75;25137.75;25135.5;25136;157
20260318 044100;25136;25136;25131.25;25131.25;206
20260318 044200;25131.75;25132.75;25130.75;25132;126
20260318 044300;25132.25;25133.75;25131.25;25132;189
20260318 044400;25132;25133.5;25131.25;25133;88
20260318 044500;25132.25;25135.5;25132.25;25134;157
20260318 044600;25134.25;25137;25132.25;25135.25;255
20260318 044700;25135.75;25136.5;25135;25135.5;94
20260318 044800;25135.25;25137.5;25135.25;25136;214
20260318 044900;25135;25139.5;25134;25139;188
20260318 045000;25139.5;25140.5;25138;25139.25;211
20260318 045100;25139.5;25143.25;25139;25143;337
20260318 045200;25142.25;25147.5;25142.25;25147;396
20260318 045300;25147.5;25150;25143.75;25145.75;618
20260318 045400;25146;25147.25;25144.25;25146;149
20260318 045500;25146;25146.75;25143.75;25145;144
20260318 045600;25144.25;25145.75;25142.75;25143.5;272
20260318 045700;25143.25;25143.25;25140;25140.25;158
20260318 045800;25140.75;25141.75;25136.25;25137.75;285
20260318 045900;25137.75;25140;25136.75;25139.25;226
20260318 050000;25139.25;25140.5;25138.75;25139.75;131
20260318 050100;25139.75;25140.75;25135;25136.5;317
20260318 050200;25136.25;25141.25;25136.25;25140;209
20260318 050300;25139.75;25145;25138.75;25144.75;232
20260318 050400;25145;25146.5;25143.75;25145.5;171
20260318 050500;25145.75;25147.5;25143.75;25144;172
20260318 050600;25144.75;25146;25142.5;25144.75;165
20260318 050700;25144.75;25145.75;25141.25;25143.75;149
20260318 050800;25143.75;25145.5;25141.75;25143;117
20260318 050900;25143.25;25145;25143;25144.25;93
20260318 051000;25144.25;25145.25;25143;25144.5;79
20260318 051100;25143.5;25149.5;25143.5;25148.5;298
20260318 051200;25149.25;25152.75;25147;25151.25;586
20260318 051300;25152;25152.5;25148;25150;268
20260318 051400;25149.5;25152.25;25148.75;25152;148
20260318 051500;25152;25153.5;25150.75;25151;192
20260318 051600;25150.5;25152;25149.25;25150.25;120
20260318 051700;25150;25151.25;25148.5;25149.75;151
20260318 051800;25149.5;25153;25149;25153;90
20260318 051900;25153.5;25156.25;25152.5;25155;368
20260318 052000;25155;25157;25154.5;25157;293
20260318 052100;25155.75;25156.25;25148.75;25150.75;313
20260318 052200;25151.25;25151.5;25149.5;25151.25;113
20260318 052300;25152;25154;25151.75;25153.25;91
20260318 052400;25153.25;25154.25;25152;25153;118
20260318 052500;25153.5;25156.25;25153.5;25155;106
20260318 052600;25155.25;25158.25;25155;25156;272
20260318 052700;25156;25159;25154.25;25157.75;321
20260318 052800;25157.5;25163;25156.25;25157.75;711
20260318 052900;25157.25;25159.75;25155.5;25158;263
20260318 053000;25158;25161.75;25157.25;25160.25;156
20260318 053100;25159.75;25167.5;25159.5;25166.5;643
20260318 053200;25167;25167.5;25163;25165.75;463
20260318 053300;25166.25;25166.5;25163.75;25165.75;134
20260318 053400;25165.75;25166.5;25163.25;25164.75;156
20260318 053500;25164.75;25165;25159.75;25160.25;271
20260318 053600;25160;25163;25158.25;25162;320
20260318 053700;25162.75;25163.75;25160.75;25163.5;150
20260318 053800;25163.25;25164.25;25161.5;25163.25;146
20260318 053900;25163.25;25164.25;25160.75;25163.25;123
20260318 054000;25163.25;25164.5;25162.25;25162.25;112
20260318 054100;25163;25164;25160.25;25160.25;190
20260318 054200;25160.25;25163.75;25160;25163.5;123
20260318 054300;25164;25167.25;25163.25;25165.75;329
20260318 054400;25166.5;25166.5;25162;25162.25;173
20260318 054500;25162.25;25164;25162.25;25163.5;85
20260318 054600;25163.75;25164;25159.25;25160.75;129
20260318 054700;25161.25;25162.25;25160.5;25161.25;78
20260318 054800;25161;25165;25160.75;25162.75;148
20260318 054900;25163.75;25166.75;25163.25;25166;78
20260318 055000;25166.25;25169;25165.5;25167.75;312
20260318 055100;25168;25168.5;25164.25;25167.5;220
20260318 055200;25166.75;25166.75;25163.5;25164.75;90
20260318 055300;25165;25166;25164.5;25165.5;104
20260318 055400;25165.75;25169.5;25165.25;25169.5;142
20260318 055500;25169;25171.5;25168.25;25170;244
20260318 055600;25169.5;25169.75;25166.75;25167.5;112
20260318 055700;25167.75;25169.25;25165;25165.25;167
20260318 055800;25166;25168.75;25165.25;25168;104
20260318 055900;25167.75;25170.25;25167.75;25169.25;193
20260318 060000;25169.25;25170;25168.25;25168.25;77
20260318 060100;25168.75;25174.5;25167;25173.25;499
20260318 060200;25173.25;25174.75;25171.25;25173.5;258
20260318 060300;25173;25173;25168.5;25168.5;217
20260318 060400;25169.75;25171.75;25168.75;25171;113
20260318 060500;25171.75;25171.75;25165.75;25168;306
20260318 060600;25166.75;25173;25166.5;25171.5;141
20260318 060700;25171;25173.75;25171;25173.75;125
20260318 060800;25173.5;25178;25171.75;25176;475
20260318 060900;25176;25179.75;25175;25177.25;450
20260318 061000;25177.75;25180.75;25176.5;25180.75;445
20260318 061100;25181;25181.5;25178.25;25180;288
20260318 061200;25180.25;25185.5;25180;25181.5;453
20260318 061300;25181.25;25182.25;25177.25;25181.75;295
20260318 061400;25181.75;25182.25;25176.75;25177.25;300
20260318 061500;25177.25;25177.25;25174.75;25176.25;306
20260318 061600;25175.75;25177;25172;25174.75;370
20260318 061700;25174.75;25174.75;25171.25;25173.75;227
20260318 061800;25174;25181.25;25173.75;25179.5;262
20260318 061900;25178.75;25185;25178.75;25184.5;281
20260318 062000;25185;25185;25181.75;25183;239
20260318 062100;25183.75;25195;25183.75;25193.25;960
20260318 062200;25193.75;25195;25189.75;25193;474
20260318 062300;25193.5;25194;25185.75;25191.25;834
20260318 062400;25191.25;25194.75;25190.5;25193.25;384
20260318 062500;25192.5;25201.75;25192.5;25200;1012
20260318 062600;25200;25208.75;25199.5;25208.25;1105
20260318 062700;25208.75;25209.5;25202.75;25208.5;542
20260318 062800;25208.5;25210.75;25204.75;25206.75;509
20260318 062900;25207.25;25210;25204.75;25207.75;384
20260318 063000;25208;25208.25;25201.75;25204.25;407
20260318 063100;25204;25207;25201.25;25201.25;348
20260318 063200;25202.25;25203;25196;25198.75;519
20260318 063300;25199;25205;25196;25203.25;608
20260318 063400;25203.25;25203.25;25195.5;25197.25;377
20260318 063500;25197.5;25197.75;25193.25;25193.75;343
20260318 063600;25194;25199.75;25192.5;25193;415
20260318 063700;25193.75;25195;25190.75;25194.25;401
20260318 063800;25194.5;25194.75;25190;25190.25;236
20260318 063900;25189.75;25193.75;25188.5;25191.25;405
20260318 064000;25191.25;25191.25;25187.75;25188.5;250
20260318 064100;25188.75;25189.75;25186.25;25188;217
20260318 064200;25188;25191.75;25185.75;25187.5;410
20260318 064300;25188;25190.5;25187.5;25187.5;226
20260318 064400;25187.5;25191;25186.5;25191;148
20260318 064500;25191;25191.75;25187.25;25187.5;182
20260318 064600;25187.5;25189.25;25185.25;25189.25;230
20260318 064700;25188.5;25190;25182.5;25182.5;250
20260318 064800;25183.25;25187.25;25182.25;25182.25;198
20260318 064900;25183.25;25185;25182.5;25183;186
20260318 065000;25183.25;25185.75;25182.75;25183.25;192
20260318 065100;25183.5;25183.75;25178.5;25180;377
20260318 065200;25180;25181.25;25178;25180;166
20260318 065300;25180;25183.75;25179;25180.75;335
20260318 065400;25180.75;25185.25;25180.75;25182;308
20260318 065500;25181.5;25187;25181;25186.25;374
20260318 065600;25186.5;25186.5;25180.75;25181.5;355
20260318 065700;25181;25184;25181;25182.75;79
20260318 065800;25182.5;25184.25;25182;25183.75;107
20260318 065900;25183.75;25184;25180.75;25181;83
20260318 070000;25181.5;25182.5;25180.25;25182.5;115
20260318 070100;25182;25188.5;25182;25182.5;574
20260318 070200;25183.25;25184.5;25179.5;25183.25;442
20260318 070300;25182.5;25184.25;25181;25182.25;255
20260318 070400;25183;25183.25;25176;25180;315
20260318 070500;25181;25183.5;25180;25183;240
20260318 070600;25183.75;25185;25177.25;25177.5;356
20260318 070700;25178;25178;25173.25;25173.75;409
20260318 070800;25173.75;25179.5;25173.25;25178.5;457
20260318 070900;25178.5;25183.75;25177.5;25178.75;519
20260318 071000;25179;25180.25;25175.5;25175.5;290
20260318 071100;25176.25;25179.75;25174.25;25178;360
20260318 071200;25177.75;25181;25177.25;25179.75;278
20260318 071300;25179.25;25181.25;25178;25181;184
20260318 071400;25180.75;25180.75;25177.25;25179;254
20260318 071500;25178.25;25181;25177.5;25179.75;165
20260318 071600;25179.75;25187.75;25176.75;25176.75;921
20260318 071700;25176.25;25181.75;25175.75;25176.25;299
20260318 071800;25176;25181.5;25176;25180.75;207
20260318 071900;25180;25183;25179;25181.75;127
20260318 072000;25182.25;25183;25180;25182.25;133
20260318 072100;25181.5;25185.5;25181.5;25183;205
20260318 072200;25183;25183.5;25180.25;25182.25;111
20260318 072300;25181.75;25185;25181.25;25181.5;122
20260318 072400;25181.25;25181.75;25179;25180.25;115
20260318 072500;25179.75;25180.75;25173;25174.5;314
20260318 072600;25174.25;25174.75;25166.75;25169;700
20260318 072700;25170.25;25174.25;25169.75;25174.25;339
20260318 072800;25174.5;25175.5;25171.75;25174.75;208
20260318 072900;25174.75;25176.5;25172.75;25175;217
20260318 073000;25175.5;25178.25;25174.25;25174.25;141
20260318 073100;25174;25175.75;25172;25175.5;173
20260318 073200;25176;25178;25174.5;25174.75;195
20260318 073300;25175.25;25175.75;25172;25174.25;145
20260318 073400;25174;25180;25174;25179.5;263
20260318 073500;25179;25181.75;25177;25177.5;260
20260318 073600;25177.25;25177.25;25169.25;25170;323
20260318 073700;25170;25171.5;25168.75;25170;257
20260318 073800;25169.25;25175.25;25169;25172.5;396
20260318 073900;25171.5;25175;25171;25174.5;212
20260318 074000;25173.75;25174.25;25169.75;25169.75;274
20260318 074100;25170.5;25176;25169.5;25175.75;246
20260318 074200;25175;25176.75;25173.5;25174.25;218
20260318 074300;25174;25176.75;25173;25176.25;157
20260318 074400;25177;25179.75;25176;25179.5;291
20260318 074500;25179.5;25181.5;25178;25178.5;310
20260318 074600;25179;25180;25171;25172.25;411
20260318 074700;25172.25;25173.25;25169.75;25171;299
20260318 074800;25171;25173.25;25170;25171.5;200
20260318 074900;25171;25174.5;25168.75;25173.5;211
20260318 075000;25173;25173.25;25165.25;25167;425
20260318 075100;25167;25168.75;25162.5;25164.5;423
20260318 075200;25163.75;25170;25162.75;25167;293
20260318 075300;25167.25;25168;25166.5;25167.25;84
20260318 075400;25167.5;25168.75;25165;25166.75;150
20260318 075500;25168.75;25169;25164;25165.25;192
20260318 075600;25164.75;25166.25;25164;25165.5;218
20260318 075700;25165;25165;25158.75;25162.25;626
20260318 075800;25162;25164.5;25160.25;25162.75;230
20260318 075900;25162.5;25162.5;25158.25;25160;270
20260318 080000;25160;25162;25158.25;25161.75;238
20260318 080100;25161;25164.25;25157.5;25160.5;778
20260318 080200;25160.5;25167.5;25160.5;25167.25;509
20260318 080300;25167;25170.75;25163;25168;348
20260318 080400;25168;25178.5;25168;25174;746
20260318 080500;25174.75;25176.25;25168.25;25172;373
20260318 080600;25172.75;25176.75;25171.75;25174.25;255
20260318 080700;25174.75;25183.25;25173.5;25181.25;534
20260318 080800;25180.75;25181.5;25176;25177.5;343
20260318 080900;25177.75;25178.25;25170.25;25170.25;244
20260318 081000;25171;25178.5;25170.25;25175;278
20260318 081100;25175;25177.5;25173;25174;211
20260318 081200;25174.5;25186;25173.75;25183.75;615
20260318 081300;25184.25;25184.75;25178.25;25181.75;412
20260318 081400;25182.5;25183;25178.25;25180.25;200
20260318 081500;25180.75;25181.75;25178.75;25179.25;147
20260318 081600;25178.75;25183.75;25178;25182.75;250
20260318 081700;25183;25184.5;25167;25174.25;664
20260318 081800;25174;25175.5;25171.5;25173.5;245
20260318 081900;25174;25179.5;25171.25;25171.25;262
20260318 082000;25171;25175.75;25170.75;25173;194
20260318 082100;25173.5;25175.5;25169.75;25174.75;380
20260318 082200;25175;25176.75;25168;25174;292
20260318 082300;25173.75;25176;25168;25173;162
20260318 082400;25174;25177.5;25172.5;25175;195
20260318 082500;25175.75;25178;25169.75;25177.25;290
20260318 082600;25177.25;25180;25167.75;25168.5;303
20260318 082700;25167.5;25174.25;25167;25170.75;368
20260318 082800;25170;25172.5;25165.25;25170.25;529
20260318 082900;25170.75;25171.75;25166;25166.75;178
20260318 083000;25167.25;25169.5;25160.75;25162.25;394
20260318 083100;25161.75;25167.5;25156.75;25167.25;720
20260318 083200;25167.75;25172.5;25165.25;25172.25;292
20260318 083300;25171.5;25172;25168;25169.75;193
20260318 083400;25170.25;25173.25;25164;25164.5;265
20260318 083500;25164.25;25166.75;25156;25166.25;644
20260318 083600;25166.25;25168.5;25162.25;25163.75;425
20260318 083700;25164.25;25170.25;25163.25;25164.75;328
20260318 083800;25165;25169;25159;25159.75;236
20260318 083900;25160;25160.5;25153.5;25160;473
20260318 084000;25161;25163.25;25159.25;25161.25;199
20260318 084100;25161.75;25165;25158;25165;254
20260318 084200;25165;25165.25;25161.75;25162.75;157
20260318 084300;25163.5;25163.75;25157.5;25162.5;172
20260318 084400;25163.25;25165;25158.25;25159.25;112
20260318 084500;25158.25;25164.5;25158;25163.75;193
20260318 084600;25163.25;25166;25160.25;25163.25;167
20260318 084700;25164.25;25170.25;25160;25169.75;202
20260318 084800;25170;25173;25166;25173;218
20260318 084900;25172.25;25178.5;25169.75;25170.25;634
20260318 085000;25170;25171.75;25166;25169.75;182
20260318 085100;25170.75;25179;25170.75;25176.25;360
20260318 085200;25175.5;25179.75;25173.75;25176.25;347
20260318 085300;25177;25180.25;25175.75;25180;200
20260318 085400;25180;25183.5;25173;25175.25;412
20260318 085500;25175.25;25179.5;25174.75;25176;190
20260318 085600;25174.5;25178;25172.75;25177.5;170
20260318 085700;25177.75;25180.25;25174.25;25175.5;160
20260318 085800;25175.5;25177.25;25173.25;25174.25;224
20260318 085900;25174.5;25174.75;25169.5;25171.25;160
20260318 090000;25171;25173;25168.75;25171.5;127
20260318 090100;25171.5;25176.25;25170.25;25175.75;237
20260318 090200;25176;25180.25;25165.75;25168;467
20260318 090300;25169.5;25170.25;25165.75;25166.25;208
20260318 090400;25167;25172.5;25167;25168;220
20260318 090500;25168.5;25174;25168.5;25172;133
20260318 090600;25171.75;25172.5;25165.5;25168.75;210
20260318 090700;25169.5;25174.5;25167.5;25174;167
20260318 090800;25174.25;25182.5;25173.5;25180.5;320
20260318 090900;25180.5;25184;25176.5;25176.5;360
20260318 091000;25176;25178.25;25173.75;25175.5;166
20260318 091100;25176;25176.25;25169.5;25175.5;295
20260318 091200;25174.5;25174.75;25168.25;25168.75;234
20260318 091300;25169.5;25175.75;25163.5;25165.75;527
20260318 091400;25166.5;25167.75;25162.75;25164.25;214
20260318 091500;25163.5;25163.5;25158.5;25159;360
20260318 091600;25159.5;25163.75;25158;25163.25;352
20260318 091700;25163;25176;25161.5;25175.5;547
20260318 091800;25176;25176.5;25168.5;25170.5;406
20260318 091900;25170.5;25178;25170.5;25174;248
20260318 092000;25173.25;25181.75;25173;25179.75;330
20260318 092100;25179;25185.75;25178.75;25185;586
20260318 092200;25185;25189.5;25184.75;25188.75;548
20260318 092300;25188.75;25190.5;25184.75;25185;377
20260318 092400;25185;25185.5;25179.25;25182;303
20260318 092500;25182.25;25184;25174.25;25177.25;343
20260318 092600;25177.25;25184.5;25174.25;25183.25;289
20260318 092700;25182.5;25185;25178.75;25184.25;225
20260318 092800;25183.75;25184.75;25181;25182;183
20260318 092900;25181.25;25183.75;25179.25;25182.5;151
20260318 093000;25183.25;25186.25;25181.75;25184.25;231
20260318 093100;25185.5;25187.75;25183.25;25184.5;199
20260318 093200;25185;25186.5;25180;25186;183
20260318 093300;25185.25;25185.25;25181.75;25184;102
20260318 093400;25183;25185.25;25180.75;25182;280
20260318 093500;25182.5;25186.75;25182.5;25184.5;215
20260318 093600;25184.25;25184.5;25182.5;25182.5;92
20260318 093700;25182.5;25184.25;25181;25184.25;96
20260318 093800;25184.25;25188;25182.25;25187;191
20260318 093900;25187.5;25190.5;25187.5;25188.75;389
20260318 094000;25188.25;25188.5;25182.5;25184.25;276
20260318 094100;25184.5;25184.75;25179;25179.25;239
20260318 094200;25180.25;25186.25;25178.5;25185.75;299
20260318 094300;25185.75;25191.25;25185;25187.75;294
20260318 094400;25188.5;25189.5;25186.25;25189.25;162
20260318 094500;25189;25190;25186;25187;161
20260318 094600;25187;25189.25;25186.25;25186.75;130
20260318 094700;25186.25;25187.25;25178.25;25181;403
20260318 094800;25181;25182;25178.75;25181;185
20260318 094900;25180;25182;25176.25;25182;304
20260318 095000;25182;25186;25182;25184.5;281
20260318 095100;25184;25186.75;25182.25;25184.25;129
20260318 095200;25184.75;25184.75;25179;25179.25;170
20260318 095300;25179.25;25179.25;25172;25174;357
20260318 095400;25174.25;25175.5;25170;25173;373
20260318 095500;25172;25173.25;25169.75;25173;190
20260318 095600;25174;25176.75;25172.5;25172.75;335
20260318 095700;25172.75;25173.25;25168.25;25168.25;294
20260318 095800;25168.75;25173.25;25167.5;25168.5;381
20260318 095900;25168.5;25171.75;25167.75;25170.5;232
20260318 100000;25170;25171.75;25168.25;25169.25;178
20260318 100100;25169.25;25173.25;25168.25;25170.75;455
20260318 100200;25170;25174.5;25166.75;25168.75;369
20260318 100300;25168.75;25171;25167;25169;288
20260318 100400;25169.5;25172.75;25168.5;25170.5;247
20260318 100500;25170.5;25170.5;25164.75;25165.25;377
20260318 100600;25165.25;25171.25;25164.5;25169.5;323
20260318 100700;25169.5;25174.75;25169.5;25173;308
20260318 100800;25173.75;25178;25173.5;25177;427
20260318 100900;25177;25178.25;25175.25;25176.25;190
20260318 101000;25176.75;25180.25;25176.75;25178.75;267
20260318 101100;25179;25181.25;25177.75;25181.25;245
20260318 101200;25180.5;25180.75;25177;25178.5;176
20260318 101300;25178;25181.75;25178;25179.5;187
20260318 101400;25180;25181.5;25177.5;25179.25;140
20260318 101500;25179.25;25185.5;25179.25;25183.5;494
20260318 101600;25183.25;25185.75;25178.5;25183.5;350
20260318 101700;25183;25188;25183;25186.75;439
20260318 101800;25186.25;25189.75;25186;25188.5;396
20260318 101900;25188.5;25191;25184.75;25190.25;311
20260318 102000;25190;25195.25;25189.75;25192.5;767
20260318 102100;25192.25;25197.75;25191.5;25196.25;607
20260318 102200;25196.5;25197.75;25192.5;25194.25;341
20260318 102300;25194;25196.25;25192.75;25193.75;191
20260318 102400;25194;25195.25;25190;25190.5;437
20260318 102500;25190.75;25192.75;25190.25;25191.5;172
20260318 102600;25191.75;25197.5;25190.5;25196.5;382
20260318 102700;25196.25;25197.25;25191.5;25191.5;168
20260318 102800;25191.25;25194.25;25189.25;25194;148
20260318 102900;25194;25196;25192.5;25192.75;127
20260318 103000;25192.5;25193.5;25187.75;25188.25;172
20260318 103100;25188.25;25196.25;25187.25;25194.75;346
20260318 103200;25194.5;25194.75;25190;25190;148
20260318 103300;25190;25191.25;25186.25;25188.75;192
20260318 103400;25188.5;25192.25;25187.75;25190.5;148
20260318 103500;25190.75;25192.5;25189;25189;114
20260318 103600;25189.5;25191.75;25188.75;25191.25;211
20260318 103700;25191;25191.5;25187.5;25188.75;156
20260318 103800;25188.5;25191.25;25187.25;25187.75;137
20260318 103900;25187.75;25188;25183.25;25183.75;289
20260318 104000;25184;25188.25;25182.25;25184.25;258
20260318 104100;25184.25;25184.75;25175.5;25177.25;504
20260318 104200;25177.5;25181.25;25176.75;25178.25;247
20260318 104300;25179.5;25183;25178.5;25182.75;249
20260318 104400;25182.25;25185;25181.25;25183;202
20260318 104500;25182.75;25184.75;25179;25181;221
20260318 104600;25180.75;25184;25179;25180.5;265
20260318 104700;25181.5;25183;25180.25;25180.25;141
20260318 104800;25180.5;25180.75;25174;25175;240
20260318 104900;25174.75;25176.75;25173.5;25175.75;263
20260318 105000;25176;25181.25;25175.25;25180.25;220
20260318 105100;25180.5;25181;25176;25177.75;226
20260318 105200;25177;25178.75;25176.25;25176.5;75
20260318 105300;25176;25177;25172.25;25173;309
20260318 105400;25172.5;25172.5;25166.5;25169;682
20260318 105500;25168.5;25170.25;25165.75;25166.25;309
20260318 105600;25166.25;25166.75;25162;25162;442
20260318 105700;25162;25168;25162;25164.5;273
20260318 105800;25165;25166.5;25159;25160.75;493
20260318 105900;25161;25166.25;25160.5;25165.25;384
20260318 110000;25165.5;25166;25160.5;25161.5;241
20260318 110100;25161;25162.75;25150.25;25151.5;1034
20260318 110200;25151.75;25156;25146.75;25153.5;967
20260318 110300;25153.75;25159.75;25152.5;25155.5;423
20260318 110400;25154.75;25159.75;25153.25;25153.75;324
20260318 110500;25153.5;25156;25148;25154.75;405
20260318 110600;25155.25;25157.75;25152.75;25156.75;242
20260318 110700;25156;25156.75;25151.75;25152.5;282
20260318 110800;25152.5;25153;25148.5;25150.5;289
20260318 110900;25151;25155.75;25150;25155.25;236
20260318 111000;25154.5;25158.75;25151.25;25158.5;265
20260318 111100;25158.75;25163;25157.25;25162.25;450
20260318 111200;25163;25163.5;25159;25160;335
20260318 111300;25160;25167;25159.75;25164.75;368
20260318 111400;25164.75;25172.25;25164.25;25170.75;580
20260318 111500;25170.5;25173;25164.75;25166.5;731
20260318 111600;25165.5;25169.5;25164.75;25167.25;248
20260318 111700;25167.25;25170.25;25167;25170.25;242
20260318 111800;25171.5;25175.75;25170;25174.75;404
20260318 111900;25174.75;25176;25172.25;25173.25;265
20260318 112000;25174;25176.5;25173;25175.75;288
20260318 112100;25175.5;25176.25;25172;25174.25;234
20260318 112200;25174.75;25176.25;25172.25;25175.5;266
20260318 112300;25175.75;25177.25;25170;25171;320
20260318 112400;25171.25;25171.75;25163.75;25171.75;780
20260318 112500;25172;25174;25161;25164.75;804
20260318 112600;25165.5;25166;25152.25;25152.75;1315
20260318 112700;25153.25;25157.25;25122.25;25123;2462
20260318 112800;25123;25131.25;25112;25120.75;3235
20260318 112900;25120;25131.5;25119;25119.75;1515
20260318 113000;25120;25124.5;25104;25106.75;1871
20260318 113100;25106.75;25114;25097.5;25100.25;2772
20260318 113200;25100.5;25119.5;25100.25;25118.25;1242
20260318 113300;25118.5;25129.5;25118.5;25125.25;1053
20260318 113400;25125.5;25127.5;25119.75;25126;633
20260318 113500;25126.5;25129;25117.5;25119.5;771
20260318 113600;25120;25126.75;25116.5;25116.5;661
20260318 113700;25117.25;25123.25;25110.75;25112.5;662
20260318 113800;25113.5;25118;25108.5;25111.5;626
20260318 113900;25112;25124.25;25107.25;25122;779
20260318 114000;25122;25126;25118.25;25122.5;681
20260318 114100;25121.5;25136;25119.25;25133.75;942
20260318 114200;25133.25;25143.25;25131.75;25142.75;849
20260318 114300;25143;25143.75;25138.5;25140.75;662
20260318 114400;25141;25149.75;25139;25149.5;777
20260318 114500;25149.5;25149.75;25138.5;25143.75;1035
20260318 114600;25143.25;25146.5;25140.25;25145.25;414
20260318 114700;25144.25;25145.25;25131;25132.75;871
20260318 114800;25133.25;25141.5;25129.25;25138.25;713
20260318 114900;25138.25;25143.25;25133;25136;514
20260318 115000;25136.25;25138.75;25132.25;25138.5;487
20260318 115100;25138;25138.75;25128.25;25129.5;656
20260318 115200;25128.75;25139.75;25128;25131.75;492
20260318 115300;25132;25135.25;25125.75;25127;516
20260318 115400;25127;25128;25122;25126.25;667
20260318 115500;25126.25;25127.25;25118;25120.75;661
20260318 115600;25120.75;25134;25115.75;25126;1656
20260318 115700;25125.75;25129.5;25118.5;25126.5;1133
20260318 115800;25126.25;25128.25;25118;25124.25;617
20260318 115900;25123.75;25124.5;25112.25;25113.5;767
20260318 120000;25113;25118;25111;25112.75;733
20260318 120100;25112.5;25118.5;25109.25;25113;883
20260318 120200;25112.75;25113;25098.5;25099.5;1342
20260318 120300;25099.5;25103.75;25094.5;25099.75;1391
20260318 120400;25099.75;25101;25080;25081.5;2054
20260318 120500;25081.75;25085.25;25072.5;25076.25;1870
20260318 120600;25076.5;25079.5;25069.25;25072.75;1617
20260318 120700;25072.5;25078.25;25063.5;25064.25;2043
20260318 120800;25064.5;25068.25;25057.75;25064.5;1286
20260318 120900;25064.25;25067.25;25058.5;25062.75;929
20260318 121000;25063.25;25069.25;25055.25;25058.75;1263
20260318 121100;25059.25;25060.25;25049.75;25052.75;1407
20260318 121200;25053.25;25064.25;25053;25062;1484
20260318 121300;25060.5;25063.75;25036;25043.5;2099
20260318 121400;25043.75;25045;25035;25035;1004
20260318 121500;25035.75;25048.75;25030;25047.75;1746
20260318 121600;25048;25050.75;25038;25046.75;1296
20260318 121700;25047;25048;25019.5;25021;3610
20260318 121800;25020.75;25029.25;25017.5;25029.25;1740
20260318 121900;25028.5;25031.5;25018;25018;1117
20260318 122000;25018.5;25019;25001.25;25002.5;2563
20260318 122100;25003.5;25013.5;24999.25;25007.25;2515
20260318 122200;25007;25018.75;25006.25;25014.25;1474
20260318 122300;25013.25;25021;25004.5;25008.25;1674
20260318 122400;25008;25024;25007.5;25018;1287
20260318 122500;25017.25;25023;25012;25016.25;1136
20260318 122600;25016.25;25022;25004.75;25005.5;1047
20260318 122700;25005.25;25016.25;25002.25;25013.75;1118
20260318 122800;25015;25020;25012.5;25015.25;640
20260318 122900;25014.25;25025.5;25012.5;25024.75;890
20260318 123000;25023.75;25032.5;25005.5;25025.5;1599
20260318 123100;25024.5;25028.75;24976.25;24981.5;4300
20260318 123200;24981.5;24991;24967.25;24968.75;2634
20260318 123300;24969;24973;24955;24957.5;2527
20260318 123400;24957.25;24960.25;24944.5;24953.25;2683
20260318 123500;24952.5;24967.5;24951;24965.25;2654
20260318 123600;24965.25;24979.25;24964.5;24965.5;2192
20260318 123700;24965;24971;24956;24968;1779
20260318 123800;24967.5;24972.25;24962;24964.75;938
20260318 123900;24965;24980.25;24964.5;24976.25;1365
20260318 124000;24976.25;24988.25;24975.5;24984.75;1610
20260318 124100;24985;24996;24983.75;24987;1957
20260318 124200;24987.75;24996;24987.5;24992.5;975
20260318 124300;24992.5;24995.5;24930.5;24936;6064
20260318 124400;24935.75;24954.5;24919.5;24926;4708
20260318 124500;24925.75;24932.75;24905;24923.5;4699
20260318 124600;24923;24934.75;24914;24919.5;2521
20260318 124700;24919;24922.75;24903.75;24911.5;2576
20260318 124800;24912.5;24923;24905.5;24920;2387
20260318 124900;24919.25;24929.25;24890;24893;5317
20260318 125000;24893.5;24905;24887;24896;2899
20260318 125100;24895.5;24914;24882;24897.5;3637
20260318 125200;24897.25;24914.5;24895.25;24908.25;2914
20260318 125300;24908;24919.25;24905.25;24910.25;2385
20260318 125400;24910.25;24916.25;24894.75;24898.25;2853
20260318 125500;24898;24901.5;24883;24887.75;2473
20260318 125600;24888.25;24912;24887.75;24902.5;2950
20260318 125700;24902.25;24910.75;24900;24900.25;1738
20260318 125800;24900.75;24908.25;24876;24878.25;3868
20260318 125900;24878.75;24889.25;24869.25;24879;2817
20260318 130000;24878.75;24884.25;24873.5;24881.25;1835
20260318 130100;24881;24894.5;24876.25;24883.5;4000
20260318 130200;24884;24885.25;24863;24866;3021
20260318 130300;24866.25;24892.5;24863.75;24886.5;3295
20260318 130400;24886;24903.5;24885.75;24895.25;2889
20260318 130500;24895;24905;24887;24889.75;2852
20260318 130600;24890;24902.25;24886.75;24888.25;2205
20260318 130700;24888;24893;24882;24890.25;1933
20260318 130800;24890.5;24910.5;24889.75;24905.25;2230
20260318 130900;24905.25;24905.5;24894.75;24898.75;1867
20260318 131000;24898.75;24902.5;24888.25;24897.75;2028
20260318 131100;24897.75;24901;24889.5;24898;1498
20260318 131200;24898;24909.25;24896;24906.75;1617
20260318 131300;24907.25;24912.25;24896.25;24897.5;2220
20260318 131400;24897.75;24907.5;24897;24899.75;1380
20260318 131500;24899.75;24912;24898;24899.25;1308
20260318 131600;24899.25;24902.5;24891.25;24895.5;1577
20260318 131700;24895.5;24897.75;24877.25;24885;2237
20260318 131800;24884.5;24906;24882.5;24906;1903
20260318 131900;24905.75;24906;24894.25;24899;1389
20260318 132000;24899.25;24909.25;24898;24900.5;1614
20260318 132100;24900;24913.75;24899.25;24910.25;1467
20260318 132200;24910.25;24922.25;24909.5;24917.75;1952
20260318 132300;24917;24922.25;24910.75;24919;1555
20260318 132400;24919.25;24924.5;24915.75;24915.75;1601
20260318 132500;24915.5;24916.25;24903;24911.75;1988
20260318 132600;24912;24928.25;24911.75;24924;2692
20260318 132700;24924;24933;24924;24931;2443
20260318 132800;24930.75;24936.25;24930.75;24935.25;2120
20260318 132900;24936;24936;24926.25;24932;2075
20260318 133000;24931.75;24933.75;24926;24929;2028
20260318 133100;24929;24961;24919.75;24923.25;12272
20260318 133200;24924;24930;24903.75;24928.25;8842
20260318 133300;24927.5;24952.25;24915;24940.25;7430
20260318 133400;24940.5;24950;24925;24940.5;6497
20260318 133500;24940.25;24946.25;24931;24944.25;4177
20260318 133600;24944;24959.25;24935.5;24957;6976
20260318 133700;24957.25;24964.25;24948.5;24959.75;5000
20260318 133800;24959.5;24977.5;24955.25;24967.5;6685
20260318 133900;24967.25;24974.25;24953.75;24972.5;5051
20260318 134000;24972.5;24973;24957;24962.25;3598
20260318 134100;24962.75;24984.5;24959.25;24983.5;5011
20260318 134200;24983.75;24989.25;24970;24973.75;5506
20260318 134300;24974.25;24990.5;24971;24980;4148
20260318 134400;24979.5;24981.5;24935.5;24944.75;7343
20260318 134500;24944.75;24954.5;24926;24953;6514
20260318 134600;24953.25;24965;24949.25;24957.25;6002
20260318 134700;24957.75;24999;24947.25;24996.75;9641
20260318 134800;24996.75;24996.75;24977.5;24988.25;5315
20260318 134900;24988;24991.75;24961.75;24965;4970
20260318 135000;24965;24984.25;24963.25;24966.75;4801
20260318 135100;24966.5;24970.5;24950.75;24954.5;5848
20260318 135200;24954.75;24962.75;24936.75;24939.25;5820
20260318 135300;24939.25;24963.75;24938;24962.75;5468
20260318 135400;24962.25;24962.75;24940.75;24944;3777
20260318 135500;24944.5;24954.5;24933.75;24939;4160
20260318 135600;24939.5;24959;24938.75;24944;4188
20260318 135700;24944.75;24948.25;24930.75;24943;4384
20260318 135800;24942.75;24947;24930.5;24937.5;2845
20260318 135900;24937.25;24963.25;24937;24963.25;3502
20260318 140000;24962.5;24980;24957.75;24970.5;3417
20260318 140100;24969.25;24975.25;24940.75;24941;4171
20260318 140200;24941;24962.25;24941;24957.5;3083
20260318 140300;24956.75;24960.5;24923.75;24926;4798
20260318 140400;24926;24944.75;24914.25;24941.75;6965
20260318 140500;24941.25;24958.5;24939.75;24940.75;4708
20260318 140600;24941;24951.25;24930.5;24934.5;4294
20260318 140700;24934.5;24961.5;24927.75;24956;4411
20260318 140800;24955.25;24975;24939.75;24973.75;4886
20260318 140900;24974;24985;24966.5;24983.5;4786
20260318 141000;24983;24983.5;24961.75;24967.75;3455
20260318 141100;24967.5;24970;24940.25;24942.25;4912
20260318 141200;24942.5;24947;24927;24931.5;4770
20260318 141300;24931.5;24939.75;24926.75;24931;3083
20260318 141400;24930.5;24939.75;24897.25;24900.5;7497
20260318 141500;24900.25;24910;24893.25;24893.75;5373
20260318 141600;24894.25;24915.75;24891;24905;5972
20260318 141700;24905.5;24926;24901.5;24912.5;4864
20260318 141800;24913;24913.25;24899;24906.25;3370
20260318 141900;24906.5;24916.25;24903.25;24906.5;2829
20260318 142000;24906;24914.75;24901;24902.25;2180
20260318 142100;24902.75;24910.25;24893;24893.75;3529
20260318 142200;24894;24904.25;24891.25;24900.25;2704
20260318 142300;24899.75;24909.5;24889.75;24891.5;3275
20260318 142400;24891.5;24901;24887.5;24895.5;3135
20260318 142500;24895;24903;24888;24892.25;2369
20260318 142600;24892.25;24895;24861;24863.25;7009
20260318 142700;24863;24866;24819.25;24822.75;10312
20260318 142800;24822.75;24835;24820.5;24820.75;5960
20260318 142900;24820.75;24826.5;24811.25;24818.5;5666
20260318 143000;24819;24833;24818;24821.75;5421
20260318 143100;24822;24838.25;24817.25;24836.25;5840
20260318 143200;24836.25;24844;24831.75;24832;6014
20260318 143300;24831.5;24852.75;24830.75;24851.5;4284
20260318 143400;24851.25;24871.25;24844.75;24862.5;5810
20260318 143500;24862.25;24863.25;24835;24837.25;4112
20260318 143600;24837.5;24849.25;24833.25;24838.5;3531
20260318 143700;24838.75;24847.25;24834.5;24840.25;2485
20260318 143800;24840.25;24840.5;24830;24836;2095
20260318 143900;24836;24858.25;24836;24853.75;3837
20260318 144000;24854.25;24857.25;24836.25;24837;2767
20260318 144100;24836.75;24843;24829.25;24841.5;2867
20260318 144200;24841.25;24845.25;24837;24838.75;1810
20260318 144300;24838.75;24851;24836.5;24839;3013
20260318 144400;24839.25;24840.75;24824;24829;3787
20260318 144500;24828.75;24842.5;24826.5;24831.5;2636
20260318 144600;24831.25;24854.5;24831;24846;3804
20260318 144700;24846;24851.25;24838.75;24839.75;2284
20260318 144800;24839.5;24849;24835;24847.25;2079
20260318 144900;24847;24850.75;24824.5;24826;2789
20260318 145000;24826;24830.5;24819.25;24829.75;3236
20260318 145100;24829.5;24843.75;24828.5;24843;2679
20260318 145200;24843;24852;24840.5;24843.75;3086
20260318 145300;24843;24843.75;24828.5;24832.75;2833
20260318 145400;24832.5;24846;24831;24845;1858
20260318 145500;24844.75;24852.75;24842.75;24844;2192
20260318 145600;24843.5;24852.5;24841.25;24850;1901
20260318 145700;24850;24856.5;24846;24854.5;2496
20260318 145800;24853.75;24864.25;24851;24859.25;3738
20260318 145900;24859;24875.75;24854.75;24873.75;3612
20260318 150000;24873.75;24883.5;24867.25;24882.5;4332
20260318 150100;24882.75;24909.5;24880.25;24906.25;8680
20260318 150200;24906.25;24909.5;24884.25;24886.25;5169
20260318 150300;24886.25;24889;24863.5;24875.75;5454
20260318 150400;24875.75;24887.5;24868.5;24886;3009
20260318 150500;24885.75;24891;24880.5;24890.75;2191
20260318 150600;24890.25;24905.75;24887.25;24903.5;4288
20260318 150700;24903;24924.25;24894.75;24924;4752
20260318 150800;24924.25;24931;24915.75;24928;5562
20260318 150900;24928.25;24931.75;24918.75;24922;3446
20260318 151000;24922;24931.75;24913.75;24930;3048
20260318 151100;24930;24931.25;24910;24915.5;3973
20260318 151200;24915.75;24925;24912.5;24922.5;3083
20260318 151300;24922;24926;24915;24925.75;2457
20260318 151400;24925.5;24927.5;24915;24917.25;2783
20260318 151500;24917.75;24920.5;24897.25;24904.5;3937
20260318 151600;24904.75;24914;24901.75;24905.25;2743
20260318 151700;24905.5;24910.75;24900.5;24902.75;1773
20260318 151800;24902.75;24908.25;24898.75;24903;1553
20260318 151900;24903;24910;24884.5;24885.5;3366
20260318 152000;24885;24887.25;24875;24878;3072
20260318 152100;24878.5;24887.5;24869.25;24870;3567
20260318 152200;24870.5;24874;24860.25;24863.25;3310
20260318 152300;24863.25;24879.25;24861;24875.75;3278
20260318 152400;24876;24892.25;24875.25;24887.25;3761
20260318 152500;24887.5;24894;24882.75;24892.75;2313
20260318 152600;24892.5;24899.5;24888.75;24891.75;2592
20260318 152700;24891.75;24897.75;24891.5;24892.75;1195
20260318 152800;24893;24901;24889;24899;1812
20260318 152900;24899.75;24902.75;24891.75;24894.5;1795
20260318 153000;24894.5;24896.5;24886;24887.75;1926
20260318 153100;24886.75;24898.75;24883.75;24892.5;2675
20260318 153200;24892.75;24895.5;24881.25;24885.75;2228
20260318 153300;24885.5;24907;24884.5;24906.25;2753
20260318 153400;24905.75;24916.75;24900.5;24915.75;3128
20260318 153500;24916;24916.25;24902.75;24903.75;2317
20260318 153600;24903.25;24906;24891;24902.25;2744
20260318 153700;24902.25;24906;24898;24901.25;1869
20260318 153800;24901;24912;24900.5;24905.25;1690
20260318 153900;24905.5;24914.5;24903.25;24911;1706
20260318 154000;24911;24913.5;24904;24905.75;1413
20260318 154100;24905.75;24907.75;24895.5;24895.75;1758
20260318 154200;24895.5;24908;24883;24885.5;3223
20260318 154300;24885.5;24890.25;24880.75;24884.25;2232
20260318 154400;24883.75;24895.25;24883.75;24894.25;1721
20260318 154500;24894.5;24896.5;24887.25;24894.5;1158
20260318 154600;24894.25;24903.5;24891.25;24898;1995
20260318 154700;24897.5;24903.5;24875.5;24877.5;2486
20260318 154800;24877.5;24903;24877.25;24903;2454
20260318 154900;24903;24906;24892;24894.5;2210
20260318 155000;24894.5;24894.5;24878.75;24882.5;2159
20260318 155100;24882.5;24896.25;24880.25;24882.25;1985
20260318 155200;24882.5;24893.75;24880.25;24882.25;1460
20260318 155300;24882;24903.5;24880.25;24903;2653
20260318 155400;24903;24904;24889.75;24893.5;1498
20260318 155500;24893.25;24912.75;24892.75;24912.25;2159
20260318 155600;24911.75;24914.5;24904.75;24913;2493
20260318 155700;24913;24916.25;24899.75;24908.25;2375
20260318 155800;24908.5;24909.75;24895;24895.75;1628
20260318 155900;24895.5;24915.25;24894.5;24915.25;2015
20260318 160000;24915.25;24917;24897.5;24899.25;1850
20260318 160100;24899;24900;24877.75;24879;3193
20260318 160200;24879.5;24886;24876.75;24881.5;2261
20260318 160300;24881.25;24887.5;24879.25;24883.25;1786
20260318 160400;24883.25;24892.25;24881.5;24887.5;1900
20260318 160500;24887.75;24892.75;24886.25;24891.75;1306
20260318 160600;24892;24892;24876;24879.5;2081
20260318 160700;24879.25;24889.5;24877.75;24888;1747
20260318 160800;24888.75;24891.75;24880.75;24884.25;1244
20260318 160900;24883.75;24891.25;24877;24885.75;1929
20260318 161000;24885.25;24885.5;24874.25;24875;1660
20260318 161100;24875.5;24879;24865.5;24876;2655
20260318 161200;24876;24884.75;24874.75;24879.5;1892
20260318 161300;24879;24891.75;24878.5;24890.25;1889
20260318 161400;24890.25;24908.25;24886;24906;2719
20260318 161500;24906.25;24909;24900.75;24903;2128
20260318 161600;24903.25;24903.25;24885.75;24886;2656
20260318 161700;24886;24895.5;24877.5;24893.25;2699
20260318 161800;24893.25;24901;24892.5;24898.5;1788
20260318 161900;24898.5;24902.5;24892.25;24899.75;1237
20260318 162000;24899.75;24903.5;24891.75;24903.25;1329
20260318 162100;24903.25;24912;24896.75;24903.5;2206
20260318 162200;24903.75;24906;24899.75;24899.75;1137
20260318 162300;24900.25;24904.75;24894.75;24902.75;1434
20260318 162400;24902.5;24907.25;24896.5;24902;1058
20260318 162500;24903.25;24903.25;24896.75;24901;853
20260318 162600;24900.75;24902.5;24885.5;24889.25;2052
20260318 162700;24888.75;24897;24888;24892.75;1219
20260318 162800;24893.5;24900.75;24893;24894;1023
20260318 162900;24894;24896.75;24888;24890.25;1212
20260318 163000;24891.5;24897;24887.25;24887.25;1174
20260318 163100;24887.25;24888.75;24880;24881.5;1894
20260318 163200;24881.75;24895;24880;24888.5;1791
20260318 163300;24889;24891;24880.25;24889.5;1415
20260318 163400;24890;24891;24859.75;24870.25;3698
20260318 163500;24870.5;24876;24852.5;24853.75;3478
20260318 163600;24853;24855;24830.75;24832.25;4404
20260318 163700;24832;24849.75;24831.75;24848.5;3247
20260318 163800;24848.5;24858;24846.75;24852;2234
20260318 163900;24852.5;24856;24845;24853;1903
20260318 164000;24853.25;24864.5;24850.75;24858.25;2847
20260318 164100;24858.5;24859;24847.25;24847.5;1689
20260318 164200;24848;24857.25;24845.25;24857.25;1269
20260318 164300;24857.25;24864;24852.75;24856;2122
20260318 164400;24856;24857.5;24848.75;24853.75;1294
20260318 164500;24854;24854.5;24848.25;24851.5;976
20260318 164600;24852;24852;24841.25;24845.25;1873
20260318 164700;24845.25;24854;24842;24852;1347
20260318 164800;24852;24852;24845.5;24846;801
20260318 164900;24846;24858;24845.75;24849.75;1419
20260318 165000;24849.5;24855.5;24848.25;24854;622
20260318 165100;24853.5;24853.5;24845.25;24852;913
20260318 165200;24852;24855.25;24849.75;24854.25;834
20260318 165300;24855;24863;24848.5;24862.25;1618
20260318 165400;24861.75;24875;24861.25;24874;2660
20260318 165500;24874;24874.5;24866.25;24869.5;1378
20260318 165600;24870;24874.5;24866;24874;1062
20260318 165700;24874;24875.75;24865.75;24875.25;1168
20260318 165800;24875.25;24876.25;24863.75;24869.5;1306
20260318 165900;24869.5;24870.75;24859.25;24859.5;1340
20260318 170000;24859.75;24863.25;24842.5;24845;2692
20260318 170100;24844.75;24848.5;24835.75;24837.25;2243
20260318 170200;24837.25;24838.25;24809.5;24814.25;4952
20260318 170300;24814;24823;24814;24821.75;2725
20260318 170400;24821.75;24828.5;24821.25;24821.75;1888
20260318 170500;24821.75;24835;24821.75;24833.5;1579
20260318 170600;24833;24834.25;24823.75;24824.25;1441
20260318 170700;24824.5;24837.75;24819.5;24837.25;2015
20260318 170800;24837.25;24838.25;24829.25;24834.75;1322
20260318 170900;24835.25;24836;24815;24816;1487
20260318 171000;24815.75;24818.25;24808.5;24812.25;1926
20260318 171100;24812;24821;24812;24816;1559
20260318 171200;24815.5;24818.25;24795.5;24797;3574
20260318 171300;24796.75;24807.25;24796.75;24805.25;2158
20260318 171400;24806;24812;24802.25;24804.75;1727
20260318 171500;24805;24807;24802.5;24804.5;866
20260318 171600;24804.25;24811;24800.5;24804;1490
20260318 171700;24804.25;24812.25;24798;24806.25;1427
20260318 171800;24807;24819.5;24807;24814.5;1758
20260318 171900;24814.5;24818.75;24809.25;24814;1239
20260318 172000;24814.5;24822;24814.5;24819.5;1310
20260318 172100;24819.5;24824;24815;24818;1319
20260318 172200;24818.5;24827;24815.5;24819;1344
20260318 172300;24818.5;24824.75;24815.5;24818;873
20260318 172400;24817.75;24826.5;24817.75;24824.75;880
20260318 172500;24824.5;24832.75;24822.5;24831.75;1444
20260318 172600;24832;24832;24820.5;24825;1197
20260318 172700;24824.75;24831.75;24822;24831;792
20260318 172800;24831.5;24835.75;24828;24835;1040
20260318 172900;24835;24835;24827.5;24832;1005
20260318 173000;24832.5;24833.5;24828.5;24831.25;617
20260318 173100;24831.5;24837.5;24819.25;24821;2146
20260318 173200;24821.25;24821.5;24811.5;24817.5;2293
20260318 173300;24817.75;24835.5;24817.25;24833.5;2029
20260318 173400;24834;24835;24828.25;24832.25;869
20260318 173500;24832.25;24843;24830.5;24842.5;1627
20260318 173600;24842.5;24860.75;24842;24859;3408
20260318 173700;24859;24863.75;24848.25;24863.25;2096
20260318 173800;24863;24867.25;24858.25;24862.5;1883
20260318 173900;24862.5;24865;24859.5;24863.75;1134
20260318 174000;24863.25;24870;24860.25;24864;1489
20260318 174100;24864;24865;24856.5;24857.5;1756
20260318 174200;24858;24859.25;24851.25;24856;1575
20260318 174300;24856;24856.25;24845.5;24853.5;1873
20260318 174400;24853.5;24856.5;24846.25;24850.5;1135
20260318 174500;24850.25;24856.75;24848.5;24850;1179
20260318 174600;24849.75;24862;24847.5;24861.75;1789
20260318 174700;24861.75;24877.75;24860.5;24877;3125
20260318 174800;24876.75;24882.25;24872;24879.75;2000
20260318 174900;24880;24880.5;24863.75;24870.25;1854
20260318 175000;24870.25;24872.25;24857.5;24859.75;1355
20260318 175100;24859.5;24859.5;24852;24854.75;1436
20260318 175200;24854.5;24874.25;24854;24874.25;1582
20260318 175300;24873.5;24873.75;24864;24865.5;904
20260318 175400;24866.25;24866.5;24858.25;24861.5;953
20260318 175500;24862;24874.25;24861.75;24872.5;916
20260318 175600;24873.25;24874.5;24864.5;24870.25;888
20260318 175700;24869.75;24878.5;24868.5;24878.5;830
20260318 175800;24878.25;24883;24871.75;24877.25;1243
20260318 175900;24876.5;24885;24872;24882.75;904
20260318 180000;24882.5;24884.75;24874.75;24880.75;703
20260318 180100;24880.75;24909;24876;24904.25;4015
20260318 180200;24904;24915.75;24886.5;24896.75;3934
20260318 180300;24895.5;24903;24883;24893.5;2683
20260318 180400;24894.5;24897;24877.75;24891.5;2509
20260318 180500;24891.75;24916.75;24888.75;24906;2720
20260318 180600;24906.25;24906.25;24881;24883.5;3148
20260318 180700;24883.5;24890;24878;24880.75;2167
20260318 180800;24881.5;24889.25;24873.25;24883.5;2342
20260318 180900;24883;24886.5;24878;24885.75;1250
20260318 181000;24885.25;24885.5;24872;24875.25;1540
20260318 181100;24875;24884.25;24857.5;24858.5;2944
20260318 181200;24858.5;24870;24858.5;24862.75;1779
20260318 181300;24863;24878;24861;24877.25;1606
20260318 181400;24876.5;24880.75;24871.25;24880;1548
20260318 181500;24880.25;24881.75;24866;24873.5;1591
20260318 181600;24873.5;24874.25;24826.25;24829.5;6865
20260318 181700;24829;24856;24828.75;24848;3734
20260318 181800;24847.75;24868.75;24843.5;24844.25;3089
20260318 181900;24844.5;24846.5;24836.75;24840.5;2055
20260318 182000;24840.5;24848.25;24837.75;24840.25;1338
20260318 182100;24839.75;24853;24839.75;24843.75;1698
20260318 182200;24843.25;24845;24829.75;24834.25;2020
20260318 182300;24834.5;24841.75;24830.75;24837.75;1567
20260318 182400;24838.25;24841.75;24834;24835.5;1054
20260318 182500;24836.5;24842.75;24826;24841.5;2151
20260318 182600;24842.25;24846;24834.25;24839.5;1511
20260318 182700;24839.5;24850.25;24837.25;24850;1389
20260318 182800;24849.25;24852;24839.5;24849.75;2045
20260318 182900;24850;24858.5;24849;24858;1752
20260318 183000;24858.5;24859;24850.75;24856;1086
20260318 183100;24855.75;24864;24848.75;24860.5;1417
20260318 183200;24860.5;24861.5;24833.25;24837;2457
20260318 183300;24837.25;24842.75;24818.25;24820.75;2646
20260318 183400;24821.25;24827.75;24813;24818.75;2816
20260318 183500;24818.75;24826.25;24792;24793.25;6827
20260318 183600;24794;24823;24786;24812.75;6173
20260318 183700;24812.75;24843.75;24812.75;24842;4247
20260318 183800;24842.25;24856.75;24824.25;24828.25;4171
20260318 183900;24827.75;24837.75;24814;24818.5;3024
20260318 184000;24818.5;24829.5;24801.25;24802.25;2612
20260318 184100;24802.5;24808.75;24787.75;24798.5;4731
20260318 184200;24798.5;24823.25;24795.75;24804.5;3929
20260318 184300;24804.75;24830.25;24804;24826.5;3224
20260318 184400;24826.25;24838;24820.75;24826;2715
20260318 184500;24826.75;24830;24812.5;24813.75;1921
20260318 184600;24813.25;24820;24804.5;24809;2415
20260318 184700;24810.5;24814.5;24796.75;24807;2570
20260318 184800;24807;24814;24803.25;24807;1580
20260318 184900;24806.25;24817.5;24803.5;24812;1723
20260318 185000;24811.75;24813;24798;24800.75;1443
20260318 185100;24801;24802.75;24782.25;24783.25;3935
20260318 185200;24783.75;24796.25;24775.75;24791.5;4175
20260318 185300;24791.25;24792.75;24764;24765;3500
20260318 185400;24765.5;24777.25;24758.25;24759;4252
20260318 185500;24759;24766.75;24750.5;24759.25;3910
20260318 185600;24758.75;24774.5;24750.5;24768.5;4743
20260318 185700;24769.25;24775;24753;24757.75;3897
20260318 185800;24757.5;24766.5;24755.5;24759.5;1907
20260318 185900;24759.25;24764;24742.75;24750.75;4378
20260318 190000;24750.75;24752;24741.25;24743.75;1948
20260318 190100;24743.5;24752.25;24737;24751.25;4169
20260318 190200;24751;24759.5;24743.5;24746.5;3244
20260318 190300;24746.5;24760.5;24744.5;24757;2478
20260318 190400;24757.25;24775.5;24754.25;24772.5;3607
20260318 190500;24772;24789.75;24769.25;24789;4429
20260318 190600;24789.25;24791;24781;24785.75;2249
20260318 190700;24785.5;24801.25;24781.75;24797.5;3172
20260318 190800;24797.5;24797.75;24772.5;24777.75;3452
20260318 190900;24778;24793.25;24773.5;24784.25;2446
20260318 191000;24784.25;24794.75;24773.75;24786.75;3483
20260318 191100;24787;24787;24766.75;24767.25;3076
20260318 191200;24767.25;24770.5;24757.75;24758.25;2338
20260318 191300;24758;24763.75;24753.75;24757.5;1932
20260318 191400;24757;24771.75;24756.5;24765.75;2075
20260318 191500;24765.75;24770;24763;24764.25;1108
20260318 191600;24764;24767.25;24755.75;24763;1659
20260318 191700;24763;24766.75;24742.25;24744.25;2743
20260318 191800;24744.5;24754.5;24743.5;24747.25;2058
20260318 191900;24747;24754.25;24745.75;24754;1387
20260318 192000;24754.25;24759.25;24737.5;24738;2752
20260318 192100;24738;24745.25;24734.25;24738;2952
20260318 192200;24737.5;24738.75;24721.5;24731.25;4791
20260318 192300;24731.25;24742.25;24723.25;24723.5;3548
20260318 192400;24723.5;24726.25;24710.25;24721.5;4674
20260318 192500;24721.75;24725.25;24714;24716.5;1758
20260318 192600;24716.5;24721.75;24709.5;24714.25;2319
20260318 192700;24713.75;24720.75;24709.75;24713.5;1725
20260318 192800;24713.5;24720.5;24711.25;24719;1464
20260318 192900;24718.5;24731;24716.75;24728.25;2846
20260318 193000;24727.25;24732.5;24717.5;24721.5;2695
20260318 193100;24721;24730.25;24719.75;24725;2102
20260318 193200;24725;24727;24718;24722.5;1329
20260318 193300;24721.5;24735.5;24713.5;24732.5;2669
20260318 193400;24732.75;24738;24724.75;24726.25;2831
20260318 193500;24726.25;24742.75;24722;24734.75;2659
20260318 193600;24734.5;24736.75;24719.75;24722.75;2307
20260318 193700;24723.25;24726.5;24717.25;24722.25;1766
20260318 193800;24721.5;24725.25;24710.25;24714.5;1863
20260318 193900;24714.5;24718.75;24708;24715.5;2293
20260318 194000;24715.25;24716.75;24706;24710.75;2327
20260318 194100;24710.5;24717;24703.25;24704.75;2003
20260318 194200;24704.75;24705.5;24690.25;24691.25;3903
20260318 194300;24691.5;24700;24685.75;24696.75;3381
20260318 194400;24696.75;24699.5;24682.75;24684.5;2800
20260318 194500;24684.75;24692.75;24672.75;24685.25;4841
20260318 194600;24685.25;24686;24674.75;24680;2490
20260318 194700;24680;24685;24673.25;24673.75;1742
20260318 194800;24673.75;24682;24671;24678;2540
20260318 194900;24678;24686;24676.25;24681;2228
20260318 195000;24681.5;24688.75;24673.75;24676;2083
20260318 195100;24676.25;24693.5;24674.25;24686;4215
20260318 195200;24686;24689.5;24665.5;24677;3601
20260318 195300;24676.75;24685.5;24670.25;24679;2405
20260318 195400;24679;24685.5;24677.25;24684.75;1592
20260318 195500;24684.5;24685.75;24668.75;24677.5;2655
20260318 195600;24676.75;24683;24661.25;24679.25;4063
20260318 195700;24678.5;24680.25;24671.25;24674;1472
20260318 195800;24674;24674.25;24661.5;24665.5;2355
20260318 195900;24666;24668;24651;24654;3331
20260318 200000;24653.5;24659.5;24641.5;24651.75;6885
20260318 200100;24651.75;24663.5;24646.25;24659.5;3802
20260318 200200;24658.75;24682.5;24648;24659.75;4307
20260318 200300;24659.25;24668.25;24650;24650.75;1720
20260318 200400;24650.75;24661;24647.75;24660;1297
20260318 200500;24660;24662.5;24653.25;24654;1233
20260318 200600;24653.75;24655.5;24635.25;24639.25;1972
20260318 200700;24638.5;24639.5;24619.25;24626.25;3125
20260318 200800;24626.25;24632;24620.5;24628.5;1226
20260318 200900;24628.5;24631;24618;24629.25;1330
20260318 201000;24628.75;24637;24628;24636.25;1270
20260318 201100;24636.5;24644;24628.5;24630.25;1653
20260318 201200;24630;24634.75;24625.5;24626.75;900
20260318 201300;24627.25;24628;24618.25;24627.5;1341
20260318 201400;24626.75;24628.25;24616.25;24621;1035
20260318 201500;24622.25;24627.5;24622;24623.5;1020
20260318 201600;24624;24628.75;24617.25;24623.75;1190
20260318 201700;24624.25;24624.25;24613;24616.25;1045
20260318 201800;24616.25;24621.25;24613;24621.25;862
20260318 201900;24621.25;24626.75;24618.25;24619.5;797
20260318 202000;24620.75;24624;24611;24612.75;662
20260318 202100;24612.5;24616.25;24605;24616;1424
20260318 202200;24616.5;24620.25;24610;24616.75;864
20260318 202300;24616.25;24617.5;24602.25;24605.75;1265
20260318 202400;24606.25;24609.5;24603.5;24605.75;576
20260318 202500;24605.75;24612;24602.75;24603.5;802
20260318 202600;24603.75;24604.25;24587.25;24589.5;1953
20260318 202700;24589.75;24590.75;24574.75;24577.25;2109
20260318 202800;24577.25;24579.25;24564;24576;2067
20260318 202900;24575.5;24581;24569.75;24573.5;1329
20260318 203000;24574;24580.5;24574;24578;755
20260318 203100;24578.75;24591.5;24578.5;24586.5;1303
20260318 203200;24585.5;24593.25;24584.25;24592.25;644
20260318 203300;24592.75;24593.25;24585.25;24589.25;648
20260318 203400;24589.5;24598;24589.5;24596.5;696
20260318 203500;24596.5;24600;24592;24593.25;713
20260318 203600;24593.75;24599.5;24593;24597.5;552
20260318 203700;24597.25;24598;24589;24591;563
20260318 203800;24590.5;24596;24590;24595.25;416
20260318 203900;24595;24607.5;24594.75;24603.25;1114
20260318 204000;24603.5;24604.5;24598;24601.5;627
20260318 204100;24601.5;24606;24601;24603.5;374
20260318 204200;24604;24608.25;24601;24605.25;534
20260318 204300;24605.25;24609.5;24605;24607.25;585
20260318 204400;24607.25;24609;24605.25;24606;383
20260318 204500;24606.5;24612.25;24605.5;24609.25;611
20260318 204600;24608.75;24616.5;24608.5;24616.25;1044
20260318 204700;24616.25;24621;24614;24616.5;629
20260318 204800;24616.5;24616.5;24610.5;24614.25;578
20260318 204900;24615;24621.25;24615;24619.5;404
20260318 205000;24619.25;24623.25;24618;24622.25;310
20260318 205100;24621.5;24623.75;24618.75;24622.75;290
20260318 205200;24622.5;24630.25;24622.25;24629;304
20260318 205300;24629.25;24629.25;24622.5;24624.75;432
20260318 205400;24624.25;24626;24617.75;24619.25;484
20260318 205500;24619.75;24627;24618.25;24624;327
20260318 205600;24624.25;24626.25;24620.75;24623.25;479
20260318 205700;24622.75;24623.25;24614.75;24618;393
20260318 205800;24617.75;24624.25;24613.5;24618.25;433
20260318 205900;24617.5;24619.5;24613.5;24613.5;267
20260318 210000;24614.25;24614.5;24605;24606.25;432
20260318 220100;24615;24627.75;24604;24616.25;1528
20260318 220200;24616.25;24617;24600.5;24611.25;1098
20260318 220300;24611.25;24612;24600.25;24607.25;530
20260318 220400;24607.75;24609;24600;24603.25;672
20260318 220500;24602.5;24609.5;24601.5;24605.5;482
20260318 220600;24605.75;24610.5;24591.5;24593.25;882
20260318 220700;24594.25;24604.25;24589.25;24600;804
20260318 220800;24600.75;24613;24600.5;24604.25;723
20260318 220900;24604.5;24605.25;24601.75;24603.25;180
20260318 221000;24603;24606;24596.5;24602.75;333
20260318 221100;24602.75;24603;24592.25;24598.75;402
20260318 221200;24599.25;24601;24596;24599.25;292
20260318 221300;24599.5;24606.75;24597.5;24602.75;604
20260318 221400;24603.25;24603.75;24591.25;24595.75;545
20260318 221500;24595;24596.5;24591.25;24592.5;256
20260318 221600;24593.25;24595;24587;24591.75;486
20260318 221700;24591.75;24600;24587.5;24596.25;451
20260318 221800;24597;24600.25;24594.75;24595.5;275
20260318 221900;24596.5;24605;24594;24596.25;569
20260318 222000;24596.75;24603.5;24593.25;24602.25;360
20260318 222100;24602.25;24611.25;24600.75;24601.75;566
20260318 222200;24602.5;24602.5;24579.75;24583;1124
20260318 222300;24583;24589.25;24581.75;24585.5;559
20260318 222400;24584.75;24590.25;24584.25;24587;246
20260318 222500;24587.5;24591.75;24582.75;24583.5;349
20260318 222600;24584.5;24589;24580.75;24585.25;366
20260318 222700;24585.5;24586.25;24578;24582.25;739
20260318 222800;24582.75;24583.75;24579.5;24581.75;215
20260318 222900;24581.75;24583.5;24577.75;24580.75;322
20260318 223000;24581;24581.75;24577.25;24581.25;271
20260318 223100;24581.25;24588;24580;24584.5;534
20260318 223200;24584.75;24585.75;24572.5;24575.25;853
20260318 223300;24576.25;24578.5;24571.5;24574.75;622
20260318 223400;24574.75;24578.5;24572.25;24577.5;272
20260318 223500;24578.25;24581.75;24568.5;24571;782
20260318 223600;24570.75;24574.5;24569.25;24572.25;384
20260318 223700;24572.5;24574.25;24565.25;24568.5;605
20260318 223800;24569.5;24571.5;24560.5;24566;858
20260318 223900;24566.25;24570;24565.25;24567.5;417
20260318 224000;24568.75;24575.75;24567.75;24574.75;456
20260318 224100;24574.5;24575.75;24566.75;24570.25;386
20260318 224200;24570.5;24572.5;24568.5;24569.25;279
20260318 224300;24569.5;24572.75;24569.5;24571.75;163
20260318 224400;24571.75;24580.75;24571;24580;496
20260318 224500;24580;24585;24577.25;24580.75;771
20260318 224600;24580.5;24586;24579.25;24585.75;401
20260318 224700;24585;24591.75;24584.5;24590.75;697
20260318 224800;24590.75;24591;24583.75;24586.5;478
20260318 224900;24585.75;24587.75;24584;24585.75;233
20260318 225000;24586.25;24587;24583.75;24585.75;261
20260318 225100;24585.75;24593;24585;24589;575
20260318 225200;24588.75;24596;24586.75;24593.75;611
20260318 225300;24594;24595.75;24591.5;24595.25;258
20260318 225400;24595.25;24595.5;24589.5;24590;342
20260318 225500;24590.25;24592.25;24588;24589.25;330
20260318 225600;24589.25;24592;24585.75;24590.5;361
20260318 225700;24590;24590.75;24588.75;24589.75;198
20260318 225800;24589.5;24594.25;24588.25;24594.25;242
20260318 225900;24594.25;24595.5;24591.75;24593.25;315
20260318 230000;24593.25;24596;24591.25;24593.75;202
20260318 230100;24593.5;24594.75;24592;24592.75;292
20260318 230200;24592.5;24602.75;24592.5;24601.25;850
20260318 230300;24601;24608.5;24600.5;24605.5;912
20260318 230400;24604.75;24611;24603.5;24609.75;704
20260318 230500;24609.25;24614.25;24607;24607.25;611
20260318 230600;24607.25;24608.5;24600;24601.75;573
20260318 230700;24601.25;24603.75;24599.25;24600.25;274
20260318 230800;24599.75;24601.25;24596.75;24599.75;302
20260318 230900;24599.25;24603.25;24599.25;24603.25;224
20260318 231000;24602.5;24607.75;24602.25;24607.5;389
20260318 231100;24607;24618.5;24606;24616;985
20260318 231200;24616;24617;24612;24613.5;433
20260318 231300;24613.5;24614;24610;24612.25;325
20260318 231400;24612;24616.5;24611.5;24616.5;234
20260318 231500;24615.5;24616.25;24609;24609.25;306
20260318 231600;24609;24614;24609;24613;186
20260318 231700;24613;24614.5;24611.25;24613.5;164
20260318 231800;24612.5;24614.25;24611;24611.5;157
20260318 231900;24611.25;24612.75;24607.25;24607.75;155
20260318 232000;24607.5;24609.25;24603.25;24608.25;556
20260318 232100;24608.25;24609.5;24607.5;24608;105
20260318 232200;24608;24611.25;24608;24610;210
20260318 232300;24610.25;24613;24609.5;24612.25;256
20260318 232400;24612;24615;24610;24614.25;273
20260318 232500;24614.25;24616.75;24613.25;24614.75;216
20260318 232600;24616;24619.75;24612.75;24617;445
20260318 232700;24616.5;24622.5;24615.25;24615.75;612
20260318 232800;24615.5;24621.75;24615;24618;353
20260318 232900;24617.5;24622.25;24617.5;24621;508
20260318 233000;24620.75;24622.75;24620;24622.25;190
20260318 233100;24622;24624.25;24620;24620;376
20260318 233200;24620.75;24623.75;24619.5;24622.5;267
20260318 233300;24622.25;24623.75;24620;24622.25;346
20260318 233400;24622.25;24622.25;24618.5;24620;202
20260318 233500;24620.25;24620.75;24616.75;24620.75;300
20260318 233600;24620.5;24621.5;24617.75;24621.25;219
20260318 233700;24621.5;24622;24618.75;24620;184
20260318 233800;24620;24623.5;24620;24622;181
20260318 233900;24622.5;24624.75;24618;24621.5;690
20260318 234000;24621.5;24624.75;24620;24622.75;352
20260318 234100;24623;24625;24622.25;24623.25;295
20260318 234200;24623;24644.25;24623;24639.75;2118
20260318 234300;24639.25;24641.75;24634;24636.75;1008
20260318 234400;24636.5;24638;24630;24633.25;654
20260318 234500;24632.5;24642.25;24615.75;24624.5;2471
20260318 234600;24625.75;24628.25;24590.25;24614.25;4156
20260318 234700;24614;24627.25;24612.75;24619;1332
20260318 234800;24618.75;24624.25;24609.5;24610.75;937
20260318 234900;24610.75;24618.5;24608.5;24611.5;658
20260318 235000;24611.75;24620.75;24606.5;24617.5;731
20260318 235100;24617.5;24617.5;24605.25;24607.75;608
20260318 235200;24608.25;24608.75;24597;24604;1023
20260318 235300;24604.25;24615.75;24603.75;24604.75;743
20260318 235400;24605.25;24612.25;24601.75;24609.25;424
20260318 235500;24609.75;24615.75;24606.5;24615.25;457
20260318 235600;24615.25;24616.75;24608.75;24609;255
20260318 235700;24609.75;24614;24606;24611.75;305
20260318 235800;24612.5;24619;24610.75;24618.75;468
20260318 235900;24619;24624.75;24615;24623.75;728
20260319 000000;24623;24626.5;24616.5;24616.75;854
20260319 000100;24617.5;24621;24601;24606.5;1855
20260319 000200;24606.5;24614;24605.75;24610;618
20260319 000300;24609.5;24612.75;24601.25;24604.25;563
20260319 000400;24605;24624;24605;24623;693
20260319 000500;24622.75;24635;24618;24634.25;1195
20260319 000600;24634.5;24643.5;24631.25;24640.75;1160
20260319 000700;24640.5;24640.75;24628.25;24631.5;749
20260319 000800;24632;24641.25;24628.75;24640;626
20260319 000900;24639.5;24643.5;24634.25;24635.25;738
20260319 001000;24635;24636.25;24622;24622;923
20260319 001100;24622.5;24627;24606.5;24611.75;1355
20260319 001200;24612;24624.5;24608.75;24622.75;1041
20260319 001300;24623;24632.75;24621.25;24629.5;720
20260319 001400;24629.25;24631.75;24624.75;24631.5;427
20260319 001500;24631.5;24633.75;24627;24628.75;320
20260319 001600;24628.5;24631.75;24626.5;24629.25;351
20260319 001700;24629;24633.25;24624.75;24632.25;563
20260319 001800;24632.5;24632.5;24617.25;24620;608
20260319 001900;24619.25;24624.5;24618.25;24621;311
20260319 002000;24622;24624.75;24618.75;24621.5;272
20260319 002100;24621;24621.75;24611;24613.5;499
20260319 002200;24612.75;24617.75;24607;24607.5;616
20260319 002300;24607;24613;24603.5;24606.5;802
20260319 002400;24606.5;24609.75;24596.5;24597.25;807
20260319 002500;24596.75;24602.5;24595;24596.5;784
20260319 002600;24596;24605.75;24594.75;24601.5;627
20260319 002700;24602;24613;24598.75;24611;625
20260319 002800;24610.5;24613.5;24610;24612.25;328
20260319 002900;24612.75;24622.75;24612.75;24621;756
20260319 003000;24620.75;24626;24616.75;24624.5;505
20260319 003100;24624.75;24634.5;24618.5;24632.75;978
20260319 003200;24632;24634;24608;24614.75;1271
20260319 003300;24614.5;24616;24609;24611.5;481
20260319 003400;24611;24613;24600;24602.25;658
20260319 003500;24601.5;24606.25;24601;24605;423
20260319 003600;24604.5;24606;24600.5;24602.75;360
20260319 003700;24602.75;24615.25;24602.75;24611.5;719
20260319 003800;24611.25;24616.75;24610.25;24615.5;449
20260319 003900;24614.75;24614.75;24602.25;24602.5;560
20260319 004000;24602.25;24604.5;24600.75;24601.5;305
20260319 004100;24602.25;24604.5;24599.75;24603.25;342
20260319 004200;24603.25;24607.25;24597.5;24600;542
20260319 004300;24600.25;24603.25;24597.75;24597.75;399
20260319 004400;24598.5;24599.25;24591.5;24592.75;882
20260319 004500;24591.75;24595;24588.25;24590.25;884
20260319 004600;24590.75;24591.75;24586.75;24590.25;938
20260319 004700;24591.5;24598.75;24589.25;24598.5;673
20260319 004800;24598.75;24606.5;24595.5;24606.5;653
20260319 004900;24606.5;24614.75;24606;24614.25;860
20260319 005000;24614.5;24617.75;24609.75;24614.75;694
20260319 005100;24615.25;24620.5;24615.25;24618.5;623
20260319 005200;24618.75;24619.5;24614;24617.75;411
20260319 005300;24617.25;24621;24608;24609.25;693
20260319 005400;24609.25;24614.25;24604.25;24613.5;981
20260319 005500;24613.75;24618.75;24609.5;24616;472
20260319 005600;24615.25;24621.25;24614;24615.75;434
20260319 005700;24616.5;24617.25;24611;24615;400
20260319 005800;24614.5;24617;24612.75;24613.5;212
20260319 005900;24613.25;24616;24610.5;24614;306
20260319 010000;24613.5;24623;24613.5;24619.5;455
20260319 010100;24619.5;24624.25;24617.75;24623.5;692
20260319 010200;24622.5;24622.5;24606.25;24611.5;835
20260319 010300;24611.75;24618.75;24610.75;24614.5;459
20260319 010400;24613.5;24616;24610.5;24612.5;197
20260319 010500;24612;24616.75;24610.25;24613;275
20260319 010600;24611.75;24614;24603.75;24607.75;498
20260319 010700;24609;24616.25;24608.75;24616;287
20260319 010800;24615.25;24615.75;24610.25;24614.25;214
20260319 010900;24615.25;24621.25;24614.25;24616.75;364
20260319 011000;24617.25;24619.5;24614.5;24619.25;176
20260319 011100;24619.25;24621;24616.25;24618.5;334
20260319 011200;24619.25;24625;24618;24623.75;561
20260319 011300;24623.25;24624.5;24618.75;24619.75;325
20260319 011400;24620;24621.75;24617;24619.5;383
20260319 011500;24619;24622.5;24615.25;24619.25;336
20260319 011600;24619.5;24624;24615.5;24624;335
20260319 011700;24621.75;24625.75;24619.5;24624.5;451
20260319 011800;24624.25;24629.5;24623;24627.75;401
20260319 011900;24627.75;24630;24626;24630;598
20260319 012000;24629.75;24631.25;24624.5;24627.75;461
20260319 012100;24628.25;24630.5;24625.75;24628.25;326
20260319 012200;24629;24631;24623.5;24625.5;251
20260319 012300;24625.25;24627;24622.75;24624;333
20260319 012400;24624.5;24629;24622.75;24628.75;178
20260319 012500;24629;24636.25;24627.5;24634.75;567
20260319 012600;24634.5;24637.25;24631.75;24636.75;459
20260319 012700;24636.75;24637.25;24632.5;24636.75;238
20260319 012800;24636;24640.5;24634.75;24637.25;565
20260319 012900;24636.75;24639;24635;24638.5;306
20260319 013000;24639;24641;24637.25;24638.25;305
20260319 013100;24638.5;24643.75;24635.25;24638.75;613
20260319 013200;24638;24640;24630.75;24635.75;754
20260319 013300;24635.75;24638;24632;24634.5;375
20260319 013400;24635.25;24639.25;24634.25;24638.5;288
20260319 013500;24638.75;24641.25;24637;24640.25;325
20260319 013600;24641;24642.5;24638;24641.25;324
20260319 013700;24641.25;24648.5;24639.25;24646.75;613
20260319 013800;24646.5;24660.25;24643.5;24660;1681
20260319 013900;24660;24661;24652.5;24656.25;805
20260319 014000;24656;24657.5;24653.5;24656.5;524
20260319 014100;24656.5;24657.5;24653;24656.75;401
20260319 014200;24656.5;24658;24650.25;24654.5;491
20260319 014300;24655;24661;24654;24658;592
20260319 014400;24658;24665;24657.75;24660.5;838
20260319 014500;24660;24660.5;24652.5;24654.75;622
20260319 014600;24655.25;24656.25;24648.5;24653.5;625
20260319 014700;24653.75;24661;24651.75;24658.75;423
20260319 014800;24658;24660.5;24652.25;24652.75;370
20260319 014900;24653;24654.25;24647.25;24648.25;602
20260319 015000;24648.5;24655.5;24646.5;24655;572
20260319 015100;24654.75;24656.25;24649.5;24650.25;410
20260319 015200;24651.5;24652.25;24646;24648.5;369
20260319 015300;24648.5;24657;24648.5;24655.5;342
20260319 015400;24655;24655.5;24653;24655.5;195
20260319 015500;24655;24661.75;24653.25;24659.75;431
20260319 015600;24660.5;24664.75;24660.5;24662.25;510
20260319 015700;24662.25;24670.5;24662;24667.75;1003
20260319 015800;24668;24668;24660;24661.5;536
20260319 015900;24661.5;24661.5;24649.5;24650;850
20260319 020000;24650;24651.25;24636.75;24639.5;1329
20260319 020100;24639.75;24642.25;24611.25;24612.25;2442
20260319 020200;24612.5;24623.75;24600.75;24607.75;2165
20260319 020300;24607.5;24625;24606.75;24619.5;1295
20260319 020400;24619.5;24626.75;24617.5;24622;709
20260319 020500;24622.5;24631.5;24622.5;24624.75;693
20260319 020600;24624.75;24633.5;24623.5;24625;734
20260319 020700;24625;24640;24625;24637.5;1065
20260319 020800;24638;24670.25;24635.75;24662.25;2702
20260319 020900;24662.25;24676;24657.25;24674.25;1656
20260319 021000;24674;24674;24665;24667.5;1015
20260319 021100;24667.5;24681.75;24666.75;24680.75;1416
20260319 021200;24680.25;24683.5;24674.5;24680.5;1006
20260319 021300;24679.75;24686.5;24677.75;24685.5;1013
20260319 021400;24685;24685;24679.25;24682.5;621
20260319 021500;24681.75;24684.75;24673.25;24679;976
20260319 021600;24678.25;24681.75;24672.25;24678.75;738
20260319 021700;24680;24680.75;24674.25;24677;344
20260319 021800;24677.5;24691;24677;24689;893
20260319 021900;24689;24691.25;24682;24685.5;849
20260319 022000;24685.75;24692.75;24683.5;24692;913
20260319 022100;24692;24701.5;24692;24701;1845
20260319 022200;24701.25;24702.5;24698.25;24701;541
20260319 022300;24700.5;24706.5;24699.25;24701.5;695
20260319 022400;24702;24702;24694;24700.75;764
20260319 022500;24701.5;24705.75;24699;24704.75;454
20260319 022600;24704;24704.75;24698.5;24702;748
20260319 022700;24702;24703;24695.5;24697.5;650
20260319 022800;24698.5;24699.5;24695.25;24696;247
20260319 022900;24696.5;24700.25;24693;24694.25;436
20260319 023000;24694.5;24697.5;24693.25;24696.75;539
20260319 023100;24695.5;24702.5;24693.25;24702;619
20260319 023200;24702.25;24705.5;24701.25;24705.5;491
20260319 023300;24705.25;24706.25;24700;24704;506
20260319 023400;24703.25;24709;24702.25;24707.25;576
20260319 023500;24706.5;24713;24704.75;24712.25;624
20260319 023600;24712;24721;24710.5;24718.25;1404
20260319 023700;24718.25;24725.25;24715.75;24717.5;1434
20260319 023800;24717.75;24720.75;24713;24716.5;577
20260319 023900;24716.5;24718.75;24713;24717.75;606
20260319 024000;24718;24720;24714.5;24716.25;433
20260319 024100;24716.75;24718.25;24713.25;24716.75;459
20260319 024200;24716.25;24718;24712.25;24718;381
20260319 024300;24718;24723.75;24718;24719;591
20260319 024400;24718.5;24719.75;24715.75;24718;241
20260319 024500;24718;24719.75;24716;24716.25;156
20260319 024600;24716.25;24718;24708.25;24708.25;624
20260319 024700;24708.5;24711.25;24705.5;24709.5;656
20260319 024800;24709.25;24712;24708.5;24710;298
20260319 024900;24709.5;24710;24701.75;24703.5;693
20260319 025000;24704;24705.5;24699;24699.25;634
20260319 025100;24699.5;24701.25;24697;24699.75;584
20260319 025200;24699.5;24699.5;24687;24693.5;1180
20260319 025300;24694.25;24700.25;24692.25;24695;642
20260319 025400;24694.25;24697.5;24692.75;24693.75;278
20260319 025500;24694;24697;24693.75;24694.5;190
20260319 025600;24694.25;24701;24693.75;24698.5;377
20260319 025700;24699.5;24699.75;24694.75;24694.75;344
20260319 025800;24695.5;24700;24694.5;24695.5;312
20260319 025900;24695;24696.5;24692.5;24693;330
20260319 030000;24692.5;24697;24688;24695.75;505
20260319 030100;24696;24703;24696;24701.25;744
20260319 030200;24701;24701.5;24697.75;24698.5;256
20260319 030300;24699;24701.25;24697.5;24699.5;203
20260319 030400;24700;24702.75;24698.25;24700;323
20260319 030500;24700.5;24703.75;24700;24702.25;280
20260319 030600;24701.5;24704;24700;24703.25;342
20260319 030700;24703.5;24704.25;24698;24699.75;338
20260319 030800;24699.25;24701;24697.75;24700.5;211
20260319 030900;24699.75;24705;24699.25;24704.25;198
20260319 031000;24704.25;24705;24702.25;24704.75;144
20260319 031100;24704.75;24710.25;24704.25;24709;460
20260319 031200;24708.25;24710.75;24707.5;24707.5;316
20260319 031300;24707.25;24712.75;24707.25;24712;453
20260319 031400;24711.5;24713;24709.5;24713;306
20260319 031500;24712.5;24715.5;24710;24710;534
20260319 031600;24710.5;24712.75;24708;24711.5;247
20260319 031700;24711.75;24712;24707.25;24708;263
20260319 031800;24708;24709.75;24702.75;24702.75;415
20260319 031900;24702.75;24708.75;24702.5;24704;352
20260319 032000;24704.75;24706;24702.5;24703.5;165
20260319 032100;24703.25;24705.5;24701.5;24704.25;282
20260319 032200;24704.5;24706.25;24703;24705;181
20260319 032300;24704.25;24707;24703.25;24705.75;128
20260319 032400;24706;24707.25;24703;24704;211
20260319 032500;24703.5;24703.5;24696.25;24698.75;645
20260319 032600;24699.25;24701.5;24692.75;24694.5;503
20260319 032700;24694.75;24698;24692;24698;349
20260319 032800;24697.5;24698.25;24692.5;24693.25;361
20260319 032900;24693.25;24697;24692.5;24696.25;262
20260319 033000;24696.5;24698.75;24693.25;24693.25;342
20260319 033100;24694;24694.25;24681.25;24682;1115
20260319 033200;24682.5;24688.5;24679.25;24680.75;737
20260319 033300;24680.75;24684.25;24675.25;24677.75;698
20260319 033400;24678;24680.75;24675.25;24680.75;463
20260319 033500;24681;24685;24679.25;24683.5;551
20260319 033600;24683.25;24685.25;24674;24678;521
20260319 033700;24677.75;24681.5;24676.75;24681;235
20260319 033800;24681.25;24685.5;24678.75;24678.75;342
20260319 033900;24678.75;24684.25;24678.25;24681;247
20260319 034000;24681;24682.5;24679.75;24682.5;183
20260319 034100;24683.5;24684.5;24677.25;24678.5;346
20260319 034200;24679.25;24681.75;24676.5;24678.75;196
20260319 034300;24678.5;24680.5;24675.25;24676.75;299
20260319 034400;24677.25;24680.5;24674.75;24680.5;287
20260319 034500;24680.25;24681;24677.5;24678.75;143
20260319 034600;24679.25;24685;24678.5;24684.5;329
20260319 034700;24684.25;24688.5;24679.25;24680.25;420
20260319 034800;24680.75;24684;24680.75;24683;97
20260319 034900;24682.25;24685.5;24679.75;24685.5;165
20260319 035000;24685.5;24687.5;24678.75;24680.25;403
20260319 035100;24681;24681.5;24679;24679.25;187
20260319 035200;24680;24681.5;24671.25;24677.75;1001
20260319 035300;24677.75;24678.25;24671.25;24672;355
20260319 035400;24672.25;24679;24672;24677.5;302
20260319 035500;24677;24680.75;24676.75;24679.25;219
20260319 035600;24679;24683.25;24674.75;24675;454
20260319 035700;24675.75;24679;24673.25;24673.5;261
20260319 035800;24674;24674.5;24670.25;24672.5;338
20260319 035900;24671.75;24675;24668.25;24669.5;423
20260319 040000;24669.5;24671;24663;24663.75;570
20260319 040100;24663.75;24664;24655.5;24657.75;1086
20260319 040200;24657.75;24662;24656.5;24658;491
20260319 040300;24658.5;24661;24654.75;24659;321
20260319 040400;24658.75;24663.25;24657;24659;400
20260319 040500;24659;24661;24652.5;24658;616
20260319 040600;24658.25;24658.75;24652.75;24652.75;409
20260319 040700;24652.5;24656.5;24648.75;24649.5;766
20260319 040800;24649.5;24652.25;24641.5;24641.75;809
20260319 040900;24641.75;24645;24640.25;24642.5;774
20260319 041000;24642.25;24645.75;24639.75;24640.75;399
20260319 041100;24641;24642.75;24636.75;24640.25;533
20260319 041200;24640.25;24643;24637;24638.25;467
20260319 041300;24638.25;24645.25;24638;24642.5;704
20260319 041400;24643;24644.25;24639.5;24640.5;361
20260319 041500;24640.5;24647.75;24640.5;24643.75;412
20260319 041600;24643.5;24647;24642.75;24646;256
20260319 041700;24645.75;24646.75;24640.5;24643.25;225
20260319 041800;24644.25;24645.25;24639;24639;300
20260319 041900;24638.75;24641.25;24634.5;24639.25;822
20260319 042000;24639.75;24643.75;24638;24642.75;330
20260319 042100;24642.25;24644.5;24639;24643.75;277
20260319 042200;24645;24646;24638.75;24639;204
20260319 042300;24639.75;24647.25;24639.75;24647;256
20260319 042400;24646.75;24648.5;24644;24646;335
20260319 042500;24645.75;24646.25;24641;24642;172
20260319 042600;24642;24642.25;24636;24642;360
20260319 042700;24642.25;24645.25;24640.5;24643.75;332
20260319 042800;24643.5;24644.25;24638;24638.75;138
20260319 042900;24638.75;24646;24638.75;24641;171
20260319 043000;24640.5;24640.5;24635.25;24638.5;249
20260319 043100;24639;24641;24633.75;24639.5;486
20260319 043200;24638.75;24644.5;24638.5;24640.5;200
20260319 043300;24639.5;24645.75;24639.5;24644.75;273
20260319 043400;24644.5;24648.25;24643.25;24644.75;308
20260319 043500;24644.75;24645.25;24638.75;24640;174
20260319 043600;24640.75;24643.75;24640;24642.25;123
20260319 043700;24641;24641.25;24633.75;24634.5;359
20260319 043800;24634.5;24636;24630.25;24632.5;623
20260319 043900;24632.5;24633.25;24628;24632.25;658
20260319 044000;24632.25;24636;24631.5;24634;247
20260319 044100;24634.25;24634.25;24627;24628;410
20260319 044200;24628.5;24629.5;24617.25;24619;906
20260319 044300;24619.25;24623.25;24616.25;24616.25;451
20260319 044400;24616.5;24629;24616.25;24629;638
20260319 044500;24629;24631.25;24627.25;24627.75;357
20260319 044600;24627.75;24627.75;24620.25;24623;461
20260319 044700;24624;24626.5;24621.25;24622.5;188
20260319 044800;24622.5;24622.5;24610;24612.75;807
20260319 044900;24613.75;24619.25;24610.75;24616;740
20260319 045000;24616;24619.25;24614.5;24614.5;204
20260319 045100;24614.75;24621.75;24614.25;24619.25;540
20260319 045200;24619.25;24624.5;24618.75;24620;459
20260319 045300;24620.25;24625;24620;24623.5;257
20260319 045400;24623;24623.25;24617.75;24619.5;258
20260319 045500;24619.75;24621.75;24616.75;24621.75;136
20260319 045600;24621.75;24625.5;24621.25;24625;186
20260319 045700;24625;24633;24625;24631;568
20260319 045800;24630.5;24631;24623.25;24623.5;331
20260319 045900;24623.75;24631.25;24623;24630.25;411
20260319 050000;24630;24631;24628.25;24629.5;97
20260319 050100;24630.25;24639.75;24629.5;24638.75;904
20260319 050200;24638.25;24638.5;24631;24633;287
20260319 050300;24632.25;24634.5;24631.5;24633.25;232
20260319 050400;24634.25;24636;24630;24636;225
20260319 050500;24635.25;24636.75;24633.75;24635.25;167
20260319 050600;24635.25;24635.25;24625.75;24626.5;445
20260319 050700;24625.25;24634.75;24625.25;24634;319
20260319 050800;24633.5;24636.75;24631;24634;227
20260319 050900;24634;24639.75;24634;24636;340
20260319 051000;24637;24637.25;24631.5;24631.75;194
20260319 051100;24631.75;24638;24631.25;24637;324
20260319 051200;24637.75;24638;24619.75;24623.25;735
20260319 051300;24622.75;24630;24622.5;24630;363
20260319 051400;24629.75;24632.5;24626.5;24630.5;250
20260319 051500;24630.75;24636.25;24630.5;24634.5;425
20260319 051600;24634.75;24636;24630.25;24633.5;275
20260319 051700;24633.5;24633.75;24628.5;24628.5;176
20260319 051800;24628.75;24632.75;24628;24632.75;143
20260319 051900;24632.75;24634.75;24629.5;24632.75;160
20260319 052000;24631.75;24640.25;24631.75;24639.75;328
20260319 052100;24640.5;24647.75;24639.25;24647;880
20260319 052200;24646.75;24646.75;24635.75;24638;579
20260319 052300;24637.5;24640;24636;24637.5;217
20260319 052400;24637;24637.75;24632.75;24635.25;326
20260319 052500;24635;24639.5;24634;24638.25;287
20260319 052600;24637.75;24637.75;24627.5;24631.5;577
20260319 052700;24631;24633;24628.75;24630.25;231
20260319 052800;24629.75;24636.75;24629;24629;314
20260319 052900;24629.75;24630.25;24615.5;24617;951
20260319 053000;24616.5;24617.5;24613.75;24615.75;476
20260319 053100;24615;24621.75;24613.5;24613.5;621
20260319 053200;24614;24616;24607.5;24615;816
20260319 053300;24614.5;24617.25;24612.75;24615.25;319
20260319 053400;24616;24620;24612.25;24612.25;430
20260319 053500;24613.25;24614.25;24603.5;24608.25;696
20260319 053600;24608.5;24617.5;24606.75;24614.5;545
20260319 053700;24614.25;24614.75;24607.5;24609.5;252
20260319 053800;24609.75;24610.75;24603.5;24603.75;395
20260319 053900;24603.75;24604.75;24598.25;24600.75;951
20260319 054000;24601;24605.5;24599.75;24604.25;419
20260319 054100;24604.5;24610.25;24602.75;24608.25;383
20260319 054200;24608.25;24608.25;24603;24606.25;264
20260319 054300;24605.5;24609;24602;24605;286
20260319 054400;24605.25;24608;24605;24606;168
20260319 054500;24606.5;24607.5;24576.25;24581;3037
20260319 054600;24581.5;24592.25;24578.75;24590.25;1283
20260319 054700;24590.75;24598.75;24590.25;24593.5;666
20260319 054800;24594;24595;24587.25;24593;424
20260319 054900;24594;24601.25;24593.25;24594.75;520
20260319 055000;24595;24595.5;24586;24586;407
20260319 055100;24586.5;24594.25;24584;24586;488
20260319 055200;24586.25;24598.75;24583.5;24596.75;495
20260319 055300;24596;24597.75;24588.75;24590.75;665
20260319 055400;24590.25;24605.75;24589.5;24604.75;549
20260319 055500;24605;24615.75;24604.75;24614.75;1023
20260319 055600;24614.75;24620;24611.5;24615.5;757
20260319 055700;24615;24615;24602.25;24605.25;601
20260319 055800;24605.25;24610.5;24604.5;24609.25;306
20260319 055900;24610;24611.5;24605.5;24606.25;303
20260319 060000;24605.75;24608.25;24593.25;24597.75;796
20260319 060100;24598;24603.75;24589;24600.5;1212
20260319 060200;24600.5;24610.25;24599.5;24604.75;620
20260319 060300;24604.5;24607.25;24600;24605.25;258
20260319 060400;24605.75;24611.25;24605;24606.5;344
20260319 060500;24607;24618;24607;24615.5;593
20260319 060600;24615.75;24621;24614.25;24619.75;383
20260319 060700;24620.75;24628.25;24620.25;24626.75;745
20260319 060800;24626.75;24627.5;24620.25;24627.25;446
20260319 060900;24626.75;24627.25;24618.75;24622;411
20260319 061000;24622;24623.5;24613.25;24613.5;495
20260319 061100;24613;24613.25;24605.75;24607.5;686
20260319 061200;24607;24610.5;24605.75;24610;490
20260319 061300;24609.75;24614.25;24607.5;24612.25;527
20260319 061400;24612.25;24621.75;24612.25;24619;553
20260319 061500;24618.5;24622.25;24616.75;24616.75;222
20260319 061600;24617;24620.25;24615.5;24615.75;286
20260319 061700;24615.75;24630.5;24615;24625.75;594
20260319 061800;24625;24634.75;24624;24633.25;461
20260319 061900;24633.75;24639.25;24631.75;24631.75;636
20260319 062000;24631.5;24634.5;24626.25;24627.75;427
20260319 062100;24627;24627.5;24620;24621.5;518
20260319 062200;24622.5;24632;24622.5;24631.75;484
20260319 062300;24632.25;24633.5;24628.25;24630.5;368
20260319 062400;24630.5;24632;24623.75;24626.75;277
20260319 062500;24627.5;24632.25;24627.5;24629.5;183
20260319 062600;24631.25;24631.5;24623;24627.25;331
20260319 062700;24627.25;24628.5;24623.25;24623.75;187
20260319 062800;24623.75;24625.25;24618;24619;391
20260319 062900;24618.75;24620;24612.25;24612.25;498
20260319 063000;24612.5;24613;24601.75;24603.75;888
20260319 063100;24604.5;24610.25;24593.25;24601.5;1093
20260319 063200;24601.25;24609;24598.75;24602;681
20260319 063300;24601.5;24605;24596;24599.5;557
20260319 063400;24600;24600.25;24591.5;24591.5;440
20260319 063500;24591.75;24598;24591.5;24597;389
20260319 063600;24597.75;24600;24581.75;24583.75;1084
20260319 063700;24584.25;24596.5;24583.25;24591.25;834
20260319 063800;24590.5;24591.5;24580.75;24581.75;497
20260319 063900;24581.5;24583.25;24573.75;24579.75;912
20260319 064000;24579;24603;24579;24600.75;963
20260319 064100;24602;24610.25;24600.5;24607.75;765
20260319 064200;24607.75;24609;24600.75;24606.25;453
20260319 064300;24606.75;24610.75;24601.25;24604.25;494
20260319 064400;24604;24610.5;24602.75;24605.75;427
20260319 064500;24605;24606.75;24599;24604;431
20260319 064600;24604;24608.25;24600;24604;427
20260319 064700;24603.5;24603.5;24596.25;24597;321
20260319 064800;24596.25;24607.75;24596;24606.75;377
20260319 064900;24606;24609.25;24603.5;24604;333
20260319 065000;24603;24603.25;24598;24599;381
20260319 065100;24598.5;24599.25;24591.5;24591.5;468
20260319 065200;24592;24596.75;24588.25;24593.5;680
20260319 065300;24593.75;24595;24585.75;24587.5;483
20260319 065400;24587.25;24595;24587.25;24589.5;397
20260319 065500;24589.5;24593.5;24584.25;24586.25;431
20260319 065600;24586;24592;24585.25;24591;265
20260319 065700;24591.75;24595.5;24585;24593;703
20260319 065800;24593.25;24594.75;24589.5;24591.25;433
20260319 065900;24590;24590;24582.5;24589.25;413
20260319 070000;24589.25;24606;24589.25;24605.25;694
20260319 070100;24605.75;24613.5;24588.75;24589.5;1268
20260319 070200;24589.5;24592.5;24573.5;24574.5;1294
20260319 070300;24574.5;24580.25;24568;24572;1058
20260319 070400;24573;24578.75;24570;24577;904
20260319 070500;24577.25;24590;24576.5;24582;1081
20260319 070600;24582.25;24588;24577.25;24585.25;941
20260319 070700;24586;24593;24580.75;24589;757
20260319 070800;24589.25;24594.25;24583.5;24588.75;658
20260319 070900;24589.25;24593.75;24585.75;24591.25;554
20260319 071000;24590;24592.5;24584.75;24589.5;440
20260319 071100;24589.25;24596;24582;24583.25;729
20260319 071200;24583.5;24584.25;24565;24571;1351
20260319 071300;24571.5;24578.5;24571;24577;623
20260319 071400;24577.75;24578.25;24560;24563;1266
20260319 071500;24563.5;24578;24559.5;24573.5;1261
20260319 071600;24574.25;24592.5;24573.5;24592.5;1058
20260319 071700;24592.25;24601.75;24589.25;24599.5;975
20260319 071800;24599.75;24611;24599.75;24605.25;1088
20260319 071900;24604.75;24622.75;24602;24621.75;1036
20260319 072000;24621;24627.5;24616;24619.5;1129
20260319 072100;24619.75;24620.75;24607.5;24608.25;907
20260319 072200;24608;24613.75;24602;24612;737
20260319 072300;24613;24614.75;24592.75;24593.5;958
20260319 072400;24593.75;24601.5;24591.5;24600.5;754
20260319 072500;24600.5;24610;24597.75;24608;852
20260319 072600;24608;24611.25;24603;24606.5;652
20260319 072700;24607;24609;24592.5;24595.25;579
20260319 072800;24595;24603;24594;24597.5;539
20260319 072900;24597.75;24598.25;24588.75;24589.75;585
20260319 073000;24590.25;24593;24587.75;24589.75;404
20260319 073100;24590.25;24594.5;24581;24591.75;1010
20260319 073200;24592;24593;24585;24585;580
20260319 073300;24584.75;24588;24577.25;24582.75;657
20260319 073400;24582.25;24588.25;24578;24585.5;578
20260319 073500;24585.25;24587.5;24567;24571;1233
20260319 073600;24571;24573.75;24562.75;24564.5;1267
20260319 073700;24564.25;24578.75;24555;24577.25;1959
20260319 073800;24578.25;24579.5;24566;24570.25;924
20260319 073900;24570.75;24572.75;24560;24565.5;703
20260319 074000;24565.75;24576.5;24562;24575;888
20260319 074100;24575.25;24580.5;24567.75;24579;916
20260319 074200;24579;24582.75;24567;24568.75;840
20260319 074300;24568.5;24570.5;24563.75;24565.25;812
20260319 074400;24565.25;24575.5;24563;24565;634
20260319 074500;24564.25;24567;24557;24565.75;1008
20260319 074600;24565.75;24580.75;24563.25;24575.25;888
20260319 074700;24575.5;24582.5;24570.75;24580;838
20260319 074800;24580;24590.75;24580;24587.75;940
20260319 074900;24587.75;24588;24577.75;24586;740
20260319 075000;24586.25;24587.25;24580.5;24584;468
20260319 075100;24583.5;24589.5;24581.25;24587.5;437
20260319 075200;24586;24592;24576;24577.25;614
20260319 075300;24576.75;24587.75;24574.5;24583.25;563
20260319 075400;24583.5;24583.5;24566;24571.75;922
20260319 075500;24571.25;24574.75;24563.75;24565;565
20260319 075600;24564.25;24571.75;24552.75;24555.75;1136
20260319 075700;24555.5;24560.5;24550.25;24551.25;947
20260319 075800;24551.5;24553;24545.5;24549.5;1316
20260319 075900;24549.5;24554.75;24548.75;24549.25;592
20260319 080000;24549.25;24560.25;24543.25;24557.5;1280
20260319 080100;24557.75;24590.5;24557;24578.75;2694
20260319 080200;24579.75;24590.25;24573.25;24578.75;1467
20260319 080300;24578.5;24580;24565;24567.75;1039
20260319 080400;24568;24580;24561;24571.5;1227
20260319 080500;24571.75;24571.75;24545.25;24545.25;1454
20260319 080600;24546.25;24556;24541;24552.25;1095
20260319 080700;24551.5;24566.5;24545.5;24562.5;1356
20260319 080800;24562.5;24573.25;24558.75;24572.75;1116
20260319 080900;24572.75;24580;24569;24573.75;1125
20260319 081000;24573.75;24581.75;24569.75;24580.5;866
20260319 081100;24580.5;24582.5;24564.5;24565;1098
20260319 081200;24564.75;24586;24564.75;24580;830
20260319 081300;24579.5;24587.5;24574.25;24586.25;735
20260319 081400;24587.5;24594;24580.25;24588.5;974
20260319 081500;24588.75;24591;24576.75;24578.5;797
20260319 081600;24578.25;24593.25;24578.25;24592.25;692
20260319 081700;24592.5;24592.5;24580.5;24584.5;711
20260319 081800;24585;24587;24567;24582;1233
20260319 081900;24581.5;24585;24567.25;24568.5;893
20260319 082000;24567.75;24573.75;24561.5;24571.5;891
20260319 082100;24571.5;24578;24568.5;24575.5;1120
20260319 082200;24576;24582;24567.75;24575;925
20260319 082300;24575;24575;24565.25;24573.25;619
20260319 082400;24574.5;24584.75;24570.25;24570.5;1274
20260319 082500;24571;24589.75;24558.75;24586.25;1704
20260319 082600;24587;24587;24563.5;24564.75;937
20260319 082700;24564.5;24566.25;24542;24547;1512
20260319 082800;24546.75;24550.75;24539.25;24543;1239
20260319 082900;24544;24558.75;24540.5;24551.5;1301
20260319 083000;24551.25;24557.5;24548.25;24549;797
20260319 083100;24549.25;24564.75;24546;24555.75;1245
20260319 083200;24556;24564.25;24555.25;24560.75;719
20260319 083300;24561.5;24565.75;24545.25;24547;974
20260319 083400;24547.5;24551.5;24531.75;24549.75;2153
20260319 083500;24550;24551;24531;24537.25;1149
20260319 083600;24537;24546.25;24529.75;24537;1225
20260319 083700;24537.5;24539.25;24527.5;24533.25;1141
20260319 083800;24533.25;24545.5;24531;24542.25;833
20260319 083900;24542.25;24548.75;24532.25;24534.25;860
20260319 084000;24535.25;24536;24520;24526;1883
20260319 084100;24526.25;24533.75;24518.75;24532;1506
20260319 084200;24532.25;24546.5;24532.25;24537.25;1204
20260319 084300;24538;24539.5;24512;24518.5;1859
20260319 084400;24518.75;24522;24506.75;24512;1262
20260319 084500;24512.5;24515.25;24505.5;24507.25;833
20260319 084600;24507.75;24521.5;24506;24521.5;1168
20260319 084700;24521.75;24522.75;24506.5;24508.75;1129
20260319 084800;24509;24537.75;24508.5;24537;1224
20260319 084900;24536.25;24537.25;24525.75;24526.75;1198
20260319 085000;24526.5;24537.75;24523.75;24536;947
20260319 085100;24536.25;24536.5;24526;24527.75;749
20260319 085200;24530;24538;24519.75;24524.25;779
20260319 085300;24525;24545.75;24519.5;24542;1431
20260319 085400;24543;24566;24542.25;24564.75;1234
20260319 085500;24564.25;24571.75;24553.5;24554;1170
20260319 085600;24554.5;24558.25;24547.75;24552;975
20260319 085700;24552;24557.25;24541.25;24546;890
20260319 085800;24546.5;24551.75;24541.25;24546;589
20260319 085900;24545.75;24548.25;24537.75;24547;651
20260319 090000;24547.75;24548;24538.75;24546;513
20260319 090100;24546.25;24568.75;24546.25;24565.75;1230
20260319 090200;24565;24580;24560.75;24573.5;1551
20260319 090300;24572.75;24586;24563.5;24581.25;1216
20260319 090400;24581.5;24590.25;24576.75;24577.5;898
20260319 090500;24577.75;24584.5;24571;24579.75;651
20260319 090600;24579.75;24584.5;24571.75;24579;619
20260319 090700;24579;24582.5;24571.75;24578.25;528
20260319 090800;24578.5;24591.75;24575.75;24589.25;733
20260319 090900;24589;24589.5;24569.5;24570.75;761
20260319 091000;24570.5;24577.75;24566.25;24569;586
20260319 091100;24569.25;24575.5;24565.75;24570.75;571
20260319 091200;24570.75;24572.5;24556;24560.25;871
20260319 091300;24559.75;24566;24554.25;24564;736
20260319 091400;24564.75;24565;24551;24555.5;528
20260319 091500;24554.5;24574.25;24554.5;24570.25;2248
20260319 091600;24570.75;24579.25;24566.75;24577;813
20260319 091700;24577.25;24579.25;24565;24573.5;832
20260319 091800;24574.25;24574.75;24554.75;24557.25;929
20260319 091900;24557;24571.5;24556.25;24557.5;852
20260319 092000;24558.25;24572.75;24557.75;24568.25;653
20260319 092100;24568.25;24582.75;24561;24581;869
20260319 092200;24581.75;24596.75;24579;24595.5;1312
20260319 092300;24595;24596.75;24585.75;24591.75;711
20260319 092400;24592;24596.75;24583.25;24584;735
20260319 092500;24584.5;24584.75;24567.75;24573.25;828
20260319 092600;24573;24583;24502;24505;5292
20260319 092700;24504.25;24531.25;24500.25;24527;4462
20260319 092800;24526.75;24540.75;24520.75;24524.25;2158
20260319 092900;24524.5;24535;24523;24525.25;1219
20260319 093000;24525;24541.25;24502.25;24517;2218
20260319 093100;24516.25;24543.5;24513.25;24542.5;2081
20260319 093200;24543.25;24556.5;24539;24554;1632
20260319 093300;24554;24563.5;24542.25;24552;1484
20260319 093400;24552;24559.75;24537.25;24541.25;986
20260319 093500;24540.5;24542.25;24527;24531.5;1150
20260319 093600;24531.75;24548.5;24526.5;24530.75;1485
20260319 093700;24530.75;24549;24527.5;24534.5;1410
20260319 093800;24534.25;24540.25;24511.25;24517.5;1863
20260319 093900;24518.5;24543;24511.25;24540.5;1832
20260319 094000;24539.75;24557.5;24539.75;24549;997
20260319 094100;24548.75;24569.75;24542.5;24562.25;936
20260319 094200;24562.75;24568.75;24560;24566.25;819
20260319 094300;24566.5;24566.75;24549.5;24558;901
20260319 094400;24559;24568.25;24551.75;24558.25;857
20260319 094500;24558.75;24560.5;24539;24544;1144
20260319 094600;24544;24554.75;24539.25;24540.75;1043
20260319 094700;24540.75;24576;24538.25;24571.5;1708
20260319 094800;24571.5;24589.5;24567.75;24586.75;1558
20260319 094900;24586.25;24593.5;24581.5;24586.25;978
20260319 095000;24586.25;24614.5;24578.25;24612;3461
20260319 095100;24611;24626.75;24604.75;24617.5;3501
20260319 095200;24617.75;24650.25;24611.75;24638.5;3015
20260319 095300;24639;24645.75;24627.75;24630.5;1671
20260319 095400;24630;24634.75;24621;24632.75;1344
20260319 095500;24631.75;24636;24623.25;24630.5;1069
20260319 095600;24629.75;24641;24625.75;24638.5;1248
20260319 095700;24637.75;24640;24630;24638.25;823
20260319 095800;24638;24647.75;24636.25;24642.25;1316
20260319 095900;24641.75;24647.5;24630;24631;1434
20260319 100000;24630.5;24634.5;24623.5;24628;1013
20260319 100100;24627.75;24628.5;24611.75;24613;1669
20260319 100200;24612.25;24618.25;24604.25;24615.75;1571
20260319 100300;24615.25;24615.75;24607;24613.25;933
20260319 100400;24613;24617.25;24602.5;24606.25;962
20260319 100500;24605.75;24609.25;24600;24605.5;749
20260319 100600;24605;24606.75;24598.25;24601.5;606
20260319 100700;24600.5;24607.5;24597.75;24605;713
20260319 100800;24604.75;24614.5;24603.25;24614.25;731
20260319 100900;24613.75;24626.5;24611.75;24623.5;1309
20260319 101000;24623.5;24624.25;24607.75;24610.5;882
20260319 101100;24610.25;24624.25;24610.25;24622.25;649
20260319 101200;24621.75;24623.75;24616.25;24619.75;726
20260319 101300;24619.75;24627.25;24617.75;24618.5;917
20260319 101400;24618.5;24620.5;24603.75;24606.5;836
20260319 101500;24606.75;24609;24600.5;24603.5;658
20260319 101600;24603.75;24605.75;24595.5;24596.75;947
20260319 101700;24595.75;24605.75;24595.5;24597;626
20260319 101800;24597.75;24605.75;24596.75;24599.5;681
20260319 101900;24599;24605;24596;24602.75;543
20260319 102000;24603.25;24605.25;24592.5;24603.75;1027
20260319 102100;24604.5;24605.75;24591.75;24596;823
20260319 102200;24595.75;24605;24594.25;24597.25;637
20260319 102300;24597.25;24601.25;24596.5;24598.25;338
20260319 102400;24596.5;24601.5;24592.75;24592.75;546
20260319 102500;24593.25;24600.75;24590.75;24596.5;627
20260319 102600;24595.75;24598.25;24592;24597.75;420
20260319 102700;24598.25;24604.25;24595.75;24600.25;586
20260319 102800;24599.5;24606.5;24595.25;24603;654
20260319 102900;24602;24605.5;24599.5;24601.25;388
20260319 103000;24601.5;24611.75;24601.5;24606.5;784
20260319 103100;24607.25;24614.25;24606;24609.5;668
20260319 103200;24610.25;24616;24607.75;24614.5;525
20260319 103300;24614;24615.25;24607.5;24614.75;498
20260319 103400;24614;24617;24610.25;24615.75;482
20260319 103500;24615.75;24618.5;24609.75;24615.75;481
20260319 103600;24615.75;24616.5;24601.5;24604.75;570
20260319 103700;24604.75;24610;24602;24602;431
20260319 103800;24602.5;24611.5;24600.5;24607;557
20260319 103900;24607.25;24608.5;24597.75;24599.25;591
20260319 104000;24601.25;24604.5;24591.75;24592;670
20260319 104100;24592;24593.5;24583.5;24589;1203
20260319 104200;24589.5;24593.75;24587;24589.25;661
20260319 104300;24588.25;24591;24581.75;24581.75;582
20260319 104400;24582.5;24582.75;24573.25;24574.25;1042
20260319 104500;24573.75;24584.25;24571.25;24583.75;724
20260319 104600;24583.25;24591.5;24579;24581.5;906
20260319 104700;24581.25;24586;24575.5;24578.25;514
20260319 104800;24578.5;24587.25;24578.25;24581.5;542
20260319 104900;24581;24584.5;24572.75;24582.25;643
20260319 105000;24581.5;24586.5;24578.75;24583.5;696
20260319 105100;24583.5;24596;24582.25;24595;869
20260319 105200;24594.25;24594.75;24586;24586.25;489
20260319 105300;24586.75;24589.25;24575.25;24578.25;886
20260319 105400;24577.75;24588.75;24576.5;24588.5;745
20260319 105500;24589;24591.25;24579.75;24582.25;596
20260319 105600;24582;24583;24574.5;24578.5;510
20260319 105700;24579;24589.75;24577;24587;511
20260319 105800;24585.5;24592;24583.75;24588;394
20260319 105900;24588;24597.75;24588;24595;704
20260319 110000;24593.5;24594.25;24588.75;24591.25;392
20260319 110100;24592;24594.25;24581;24587.5;744
20260319 110200;24586.75;24600.5;24580;24597;1491
20260319 110300;24597.75;24613.5;24596.5;24597.25;1220
20260319 110400;24597;24599;24582;24589.25;867
20260319 110500;24589.25;24589.25;24576;24577.5;928
20260319 110600;24577.5;24582.5;24562;24569.5;1133
20260319 110700;24569;24585;24567.5;24579;914
20260319 110800;24578.75;24585.75;24578.75;24583.75;540
20260319 110900;24583.75;24584.25;24569.25;24574;804
20260319 111000;24574.25;24585;24572.5;24576.25;982
20260319 111100;24576.75;24587.5;24573.75;24585.75;667
20260319 111200;24586.25;24587.25;24581;24581.5;860
20260319 111300;24581.75;24593.5;24580.5;24592.5;774
20260319 111400;24592.25;24603.5;24590.5;24594.25;1383
20260319 111500;24595;24595.25;24583.75;24583.75;588
20260319 111600;24583.75;24583.75;24576.5;24578.75;661
20260319 111700;24579.25;24581.5;24569.25;24580.5;917
20260319 111800;24580.75;24587;24564.5;24565.75;1115
20260319 111900;24565.5;24568;24561;24567.25;774
20260319 112000;24567.25;24570.5;24561.5;24565.5;425
20260319 112100;24566;24571.5;24560.5;24564.25;547
20260319 112200;24563.75;24566.25;24559;24561.5;476
20260319 112300;24560.75;24561.25;24551.5;24552.75;758
20260319 112400;24552.25;24554.75;24543.75;24547.5;1060
20260319 112500;24547.5;24548.5;24540;24544.5;732
20260319 112600;24544.25;24545.5;24535.25;24537.25;904
20260319 112700;24538;24541;24528.75;24538;1076
20260319 112800;24537.5;24547.75;24537.5;24541.75;974
20260319 112900;24540.75;24549.25;24539.5;24545;732
20260319 113000;24544.5;24548.5;24542.25;24546;469
20260319 113100;24546.5;24557.5;24545;24554;1130
20260319 113200;24554.5;24555.75;24547;24550.5;796
20260319 113300;24550.75;24551;24539.5;24546;852
20260319 113400;24545.75;24547;24535.25;24536.5;890
20260319 113500;24537;24538.25;24524.25;24526.25;1099
20260319 113600;24526;24526.5;24515.5;24515.75;1090
20260319 113700;24515.75;24518.25;24512.25;24515.25;1106
20260319 113800;24514.5;24519.5;24510.25;24519.5;1135
20260319 113900;24519.75;24523.5;24515.5;24516.25;1070
20260319 114000;24516.25;24517;24509.25;24511.25;784
20260319 114100;24511.75;24520.25;24509;24518.5;931
20260319 114200;24519;24521;24512.75;24516;629
20260319 114300;24514.25;24517;24510;24511.5;697
20260319 114400;24511.75;24522.75;24511.75;24517;806
20260319 114500;24517;24521.75;24512.75;24514.25;791
20260319 114600;24514;24519;24511.25;24516;657
20260319 114700;24516;24521.25;24510.25;24511.5;1229
20260319 114800;24511;24521.75;24511;24513.5;870
20260319 114900;24514;24520.25;24510.25;24516.75;657
20260319 115000;24517;24519.75;24510.5;24513.25;631
20260319 115100;24513.25;24527;24510.75;24526;1109
20260319 115200;24525.25;24540.5;24522.5;24537.75;1445
20260319 115300;24537;24542.75;24533.25;24540.75;850
20260319 115400;24540.25;24542.5;24531;24538.25;986
20260319 115500;24540;24540.5;24533;24534.75;739
20260319 115600;24534;24539;24528.5;24531;816
20260319 115700;24531;24537.75;24529.75;24537.25;462
20260319 115800;24537;24546.75;24536.75;24546.25;653
20260319 115900;24546.25;24553;24544.25;24548.75;759
20260319 120000;24548.5;24549.75;24537.75;24548.25;765
20260319 120100;24547;24548.5;24524;24525;1920
20260319 120200;24525;24528;24503.5;24510.5;2024
20260319 120300;24510.5;24511.75;24492.25;24499;2903
20260319 120400;24499.25;24500.75;24479.5;24490.25;3157
20260319 120500;24490;24493.75;24480.75;24488.75;1331
20260319 120600;24488.75;24495.5;24481.5;24492.75;1412
20260319 120700;24493;24521.25;24489.75;24512.5;3063
20260319 120800;24512.5;24559.5;24506.75;24553;4656
20260319 120900;24554;24556.5;24524.25;24535.75;2433
20260319 121000;24536.75;24541.75;24524.25;24537.75;1760
20260319 121100;24537.25;24545.25;24530.25;24538.5;1431
20260319 121200;24538.25;24549;24536.75;24544;881
20260319 121300;24543.75;24544.25;24526;24526.5;1104
20260319 121400;24526.5;24539.5;24525.75;24535;1080
20260319 121500;24535.25;24535.25;24513.5;24519.25;1570
20260319 121600;24518.5;24525;24516.75;24522;873
20260319 121700;24522;24530.5;24515.75;24527;1039
20260319 121800;24527;24535.75;24515.75;24521.25;1242
20260319 121900;24521.75;24526.5;24515.5;24522.75;1067
20260319 122000;24522.5;24522.75;24498;24501.5;1735
20260319 122100;24500.75;24509.5;24498.25;24505;1403
20260319 122200;24505.25;24515.75;24501.25;24506.75;1086
20260319 122300;24506.5;24511.75;24502;24506;890
20260319 122400;24505.25;24510.75;24492.5;24493.75;1252
20260319 122500;24493.75;24500.5;24491.75;24499;956
20260319 122600;24499;24502.25;24483.25;24486.5;1632
20260319 122700;24487.5;24490.5;24467.5;24468;2493
20260319 122800;24467.75;24471;24460.5;24469;1732
20260319 122900;24468.5;24473;24457.25;24470.5;1472
20260319 123000;24470.25;24480.5;24468.75;24477.5;964
20260319 123100;24478.75;24485;24443.75;24457.75;3138
20260319 123200;24457.75;24470;24445.75;24459.75;2270
20260319 123300;24460.25;24483.75;24458.5;24475.5;2049
20260319 123400;24475;24498;24470;24493.5;2726
20260319 123500;24494.5;24497;24477.25;24483.75;1644
20260319 123600;24484.5;24496.75;24480.25;24491.25;1619
20260319 123700;24491;24497.75;24487.5;24492.75;1692
20260319 123800;24493.25;24498.75;24487;24496.75;1679
20260319 123900;24496.25;24496.75;24468.75;24475.75;2364
20260319 124000;24476;24480.5;24467;24471.75;1410
20260319 124100;24472;24477.5;24464.5;24472.25;2069
20260319 124200;24472.25;24483;24467.75;24479.25;1609
20260319 124300;24478.75;24503.25;24478.5;24498.75;2325
20260319 124400;24498.5;24513;24497.75;24505.5;1968
20260319 124500;24504.5;24511.5;24500.75;24501;1594
20260319 124600;24500.75;24502.75;24487.5;24489.5;2202
20260319 124700;24490;24491.75;24483.75;24489.5;1529
20260319 124800;24489.75;24490.5;24468.25;24475;2536
20260319 124900;24475.25;24482.75;24458;24460.25;2032
20260319 125000;24460.75;24466.5;24452;24458;2184
20260319 125100;24458.5;24463.25;24445.5;24446.25;2274
20260319 125200;24445.5;24448.5;24434;24441.75;3192
20260319 125300;24441.75;24445.25;24425;24426.25;2212
20260319 125400;24425.25;24444.5;24422.25;24438.75;3072
20260319 125500;24439.25;24454.75;24438.75;24449.25;2414
20260319 125600;24449;24451.75;24441.25;24450.75;1600
20260319 125700;24450.5;24451.75;24441.25;24446;1199
20260319 125800;24447;24458.25;24447;24454.75;1355
20260319 125900;24455;24455;24441.75;24445.25;1433
20260319 130000;24445.75;24453.5;24442;24446.75;1136
20260319 130100;24446.75;24456.25;24443.75;24446;2332
20260319 130200;24445.75;24447.25;24426.75;24430;2342
20260319 130300;24430;24440.5;24425.75;24434.25;2157
20260319 130400;24435.5;24435.5;24424;24433.5;2741
20260319 130500;24433.5;24441;24429.25;24434.25;1915
20260319 130600;24435;24440.25;24430;24434.25;1662
20260319 130700;24434.75;24435.25;24418.25;24422.5;2152
20260319 130800;24423.5;24424.75;24415.75;24421.75;1867
20260319 130900;24421.5;24431.75;24421;24421.75;1815
20260319 131000;24422;24430.5;24420.75;24421.25;1674
20260319 131100;24421.75;24423.75;24412.25;24412.75;1599
20260319 131200;24412.75;24425.25;24412.75;24420.75;1341
20260319 131300;24421;24422;24408;24418.25;1346
20260319 131400;24417.5;24429.25;24414.25;24422.25;1498
20260319 131500;24421.75;24427;24412.5;24415;968
20260319 131600;24415.25;24420.75;24401;24418;2565
20260319 131700;24418.5;24443.75;24417;24435.75;3230
20260319 131800;24435.5;24478;24435.5;24468;4375
20260319 131900;24468.5;24484.25;24454.25;24483.5;3653
20260319 132000;24483.75;24485.75;24467.5;24478.25;2835
20260319 132100;24478;24508.25;24475.25;24484.75;5414
20260319 132200;24484.75;24490.25;24470;24473;3157
20260319 132300;24473.5;24480.5;24462;24465.25;2420
20260319 132400;24464.75;24466;24428.25;24432.75;5433
20260319 132500;24432.25;24444.25;24428.25;24438.75;2947
20260319 132600;24439;24447.25;24424.5;24437.25;2994
20260319 132700;24437.5;24443;24429.5;24432.5;1883
20260319 132800;24433;24438.75;24413.5;24424;3669
20260319 132900;24424.5;24434;24415.75;24428;2593
20260319 133000;24427.25;24445.5;24424;24428.75;4195
20260319 133100;24428.25;24429;24329.25;24372.75;20014
20260319 133200;24373;24377.75;24342.25;24358;10118
20260319 133300;24359;24385;24346.75;24347.25;9277
20260319 133400;24347;24375.5;24335;24357;8901
20260319 133500;24357.25;24368.5;24341.25;24357;6333
20260319 133600;24357;24359;24324.25;24330;8855
20260319 133700;24329.75;24353;24326;24344;6931
20260319 133800;24344.75;24372.75;24338.25;24372;6901
20260319 133900;24371.75;24398.5;24357.75;24395;10363
20260319 134000;24394.75;24408.5;24376.25;24384;7296
20260319 134100;24384;24406.25;24374.75;24389.75;8505
20260319 134200;24389.5;24449.75;24385.75;24447;10455
20260319 134300;24446.5;24448;24415;24433.5;7953
20260319 134400;24433.25;24443;24423.5;24441.25;4452
20260319 134500;24440;24453;24419;24432.25;7040
20260319 134600;24432.25;24439.75;24410.5;24433.75;7330
20260319 134700;24433.75;24446.5;24395.75;24396.75;8363
20260319 134800;24396.5;24426.25;24392;24405.25;7734
20260319 134900;24405.5;24435.25;24404.75;24421.75;5895
20260319 135000;24421;24460;24421;24458.5;7032
20260319 135100;24458.5;24491.25;24448.5;24487.75;11111
20260319 135200;24487.5;24498.5;24468.25;24496.5;8002
20260319 135300;24496.5;24501.75;24466.5;24485.75;8319
20260319 135400;24485.25;24494;24476.75;24485;4759
20260319 135500;24484.75;24521.25;24484;24515.25;8238
20260319 135600;24515;24516.75;24476.25;24481;6821
20260319 135700;24480.25;24493.75;24479.5;24490.75;4426
20260319 135800;24490.5;24492;24462.75;24474;6105
20260319 135900;24474.5;24488.25;24466.5;24485.25;3706
20260319 140000;24485;24506;24474;24502;3537
20260319 140100;24502.25;24530.25;24487;24529.5;8575
20260319 140200;24529;24529;24506.75;24520;5701
20260319 140300;24519;24526.25;24501.25;24519.25;4794
20260319 140400;24519.25;24524.75;24508.5;24512.75;3250
20260319 140500;24512.75;24515.25;24483;24490.5;6470
20260319 140600;24491.75;24523.25;24490;24505.5;5498
20260319 140700;24506.5;24512.25;24481.75;24482.25;4878
20260319 140800;24482.75;24513;24482.75;24507.75;4455
20260319 140900;24507.5;24509.75;24486.25;24490;3716
20260319 141000;24490;24494.75;24474.25;24485;4607
20260319 141100;24485;24493.25;24469.5;24490.5;5733
20260319 141200;24490.25;24545.75;24489.5;24541.25;11288
20260319 141300;24541.25;24546;24527.25;24541.25;5447
20260319 141400;24541;24541.75;24493;24498.75;8513
20260319 141500;24499.75;24514.75;24492;24496.25;6411
20260319 141600;24496;24507.75;24476;24482.75;6445
20260319 141700;24482.25;24505.25;24474.5;24487.5;5374
20260319 141800;24488;24499.25;24484;24492.5;3922
20260319 141900;24492.5;24503;24467.5;24478.25;5234
20260319 142000;24477.5;24482.25;24460.25;24475.25;5574
20260319 142100;24475.5;24496;24468.75;24488.25;4861
20260319 142200;24488.75;24494.25;24444;24446.75;7625
20260319 142300;24446.25;24460.75;24431.5;24433;6325
20260319 142400;24433.25;24444.25;24429.25;24440.25;4796
20260319 142500;24440.5;24454.5;24437;24443.5;4335
20260319 142600;24443.25;24459;24435.75;24445;4945
20260319 142700;24444.25;24459.5;24433.5;24445.25;4588
20260319 142800;24445.5;24446.5;24415.5;24417.25;5925
20260319 142900;24417;24428;24411.25;24411.5;4810
20260319 143000;24411.5;24432.25;24407.25;24427.5;4480
20260319 143100;24426.25;24440;24422.25;24431.75;4752
20260319 143200;24432;24471.5;24427.5;24469.75;7133
20260319 143300;24469.25;24501;24467.5;24491.5;9302
20260319 143400;24490.5;24501.25;24476.5;24500;5630
20260319 143500;24500.75;24521;24494;24515.75;6323
20260319 143600;24515.75;24540.5;24510;24539;7139
20260319 143700;24539;24539.5;24512.75;24523.25;4448
20260319 143800;24523.25;24526.75;24492;24494.75;5881
20260319 143900;24494.5;24494.75;24462.25;24464.5;6391
20260319 144000;24463.75;24474.5;24448.5;24465.5;7499
20260319 144100;24466.25;24500;24463;24498.5;5965
20260319 144200;24498;24508.75;24480.5;24484.25;4968
20260319 144300;24484.25;24493;24470.25;24470.75;3472
20260319 144400;24470.5;24491.25;24457.75;24471.25;4204
20260319 144500;24471.25;24486;24462.75;24467.5;3409
20260319 144600;24467.5;24480;24455.75;24459.25;3502
20260319 144700;24459.5;24481;24453.5;24475;3677
20260319 144800;24474.75;24475.5;24451.5;24455.75;3165
20260319 144900;24456.75;24474.5;24456;24470.5;3089
20260319 145000;24471;24497.75;24470.25;24497;5161
20260319 145100;24496.75;24500.75;24476.5;24493.25;4305
20260319 145200;24492.75;24523.25;24490;24521;5579
20260319 145300;24521;24521.5;24488;24495.25;5063
20260319 145400;24495;24505.75;24491.25;24494.5;3170
20260319 145500;24494;24499.5;24482.75;24496;3007
20260319 145600;24496.25;24496.75;24469.5;24474;3994
20260319 145700;24475;24498.75;24473.75;24491.25;2766
20260319 145800;24491.75;24506.75;24487.5;24502;3130
20260319 145900;24502.5;24518;24497.5;24505.5;4253
20260319 150000;24505.25;24505.75;24488.5;24489;2607
20260319 150100;24489;24500.75;24484;24492.75;3194
20260319 150200;24492.75;24506.75;24492.5;24496.5;2422
20260319 150300;24496.75;24497.25;24480.25;24494.5;4004
20260319 150400;24495;24512.5;24494.25;24510.75;3541
20260319 150500;24511;24524.5;24503.25;24524.25;3810
20260319 150600;24523.75;24563.5;24518.75;24562.5;8869
20260319 150700;24562.5;24574.5;24555.25;24574;5366
20260319 150800;24574.5;24577.75;24537;24538.5;7407
20260319 150900;24538.5;24539.75;24523.5;24523.5;5278
20260319 151000;24523.5;24533;24510;24529.75;5036
20260319 151100;24529.5;24542.75;24524.75;24531;4091
20260319 151200;24531.25;24538.5;24526.25;24530;2192
20260319 151300;24530.75;24548.25;24528.5;24543.25;3284
20260319 151400;24543.25;24551.75;24528;24549.5;3519
20260319 151500;24550;24557.25;24542;24554;2743
20260319 151600;24554.25;24558;24541;24553.5;3324
20260319 151700;24552.25;24563.75;24550.5;24563.5;3086
20260319 151800;24563.5;24564;24521;24524.25;4790
20260319 151900;24524.5;24530.75;24515.5;24519;3230
20260319 152000;24519.75;24521.25;24482.25;24485.5;5892
20260319 152100;24486.25;24498;24469.75;24475;5342
20260319 152200;24474.75;24481;24464.25;24465.75;4825
20260319 152300;24465.5;24478.5;24462;24469;3712
20260319 152400;24469.25;24477.75;24462.25;24472.5;3573
20260319 152500;24472.5;24477.75;24455.25;24459;3699
20260319 152600;24459.25;24464;24445.75;24457;5102
20260319 152700;24456.75;24475.5;24456;24460.5;4454
20260319 152800;24460;24464;24445.5;24461;3884
20260319 152900;24461.25;24467.75;24449.25;24451.25;3054
20260319 153000;24451.5;24474;24450.75;24461;3146
20260319 153100;24460.75;24463.25;24451.25;24454.25;3475
20260319 153200;24453.25;24454.25;24423;24430.25;6614
20260319 153300;24431;24445.75;24427.75;24445.25;3084
20260319 153400;24445;24445.25;24423;24423.75;2707
20260319 153500;24424.25;24432.75;24414.5;24415.75;3417
20260319 153600;24416.5;24436.25;24412.5;24419;3767
20260319 153700;24418.75;24423;24403.5;24405.5;4664
20260319 153800;24405;24412.25;24400.25;24406.25;3380
20260319 153900;24406.5;24422.5;24406.5;24420.25;3320
20260319 154000;24420.25;24426.5;24410;24424.75;2939
20260319 154100;24424.5;24434.5;24419.25;24428;4013
20260319 154200;24428;24428;24413.25;24413.25;2659
20260319 154300;24413.25;24420.75;24407;24414.5;3283
20260319 154400;24414.5;24441.75;24413;24423.75;7020
20260319 154500;24423.25;24430.25;24410.75;24411.75;3594
20260319 154600;24411.75;24417.25;24396.5;24415.25;5923
20260319 154700;24415.5;24423.5;24404.5;24421.5;4745
20260319 154800;24421.75;24434;24407.25;24416.25;5130
20260319 154900;24416.5;24433;24407.75;24429.25;3759
20260319 155000;24429.75;24441.5;24426.25;24430.75;3755
20260319 155100;24430.75;24436.75;24417.5;24435.75;3457
20260319 155200;24435.25;24443.5;24420.5;24426.25;3694
20260319 155300;24426;24439;24421.75;24430.5;2908
20260319 155400;24431.25;24443.25;24427.25;24428;2754
20260319 155500;24428;24430.75;24417;24419.25;2757
20260319 155600;24419.25;24449.75;24418.75;24445.5;5259
20260319 155700;24446;24473;24446;24457.5;9736
20260319 155800;24457;24470;24448;24454.5;5078
20260319 155900;24454.5;24475.5;24445.25;24468.75;3843
20260319 160000;24469;24475.75;24465.75;24475.25;2637
20260319 160100;24474.75;24482;24453.5;24481;4452
20260319 160200;24480.75;24494.25;24475.25;24492.5;3869
20260319 160300;24492.5;24512.75;24486.25;24511;5171
20260319 160400;24511;24517;24506.25;24513.75;4806
20260319 160500;24514;24517;24490;24492.5;6393
20260319 160600;24492.75;24520;24487.25;24512.25;4506
20260319 160700;24512;24513.5;24495;24500.75;3250
20260319 160800;24500.75;24524;24498.5;24522.5;3322
20260319 160900;24522.25;24523;24495;24501.75;3257
20260319 161000;24502;24504.5;24485;24500;4308
20260319 161100;24500.25;24502.75;24468.25;24470;5856
20260319 161200;24469.5;24483.75;24462.25;24474.25;3950
20260319 161300;24473.5;24498;24467.5;24493.5;3618
20260319 161400;24493.5;24495.25;24467.75;24470.5;2709
20260319 161500;24470.75;24478.25;24462.75;24471;3061
20260319 161600;24471.25;24483;24452.5;24453.25;4162
20260319 161700;24453.75;24466.75;24452.5;24457.5;2920
20260319 161800;24457.25;24460.5;24448.75;24457;2651
20260319 161900;24457;24469.5;24452;24463;2561
20260319 162000;24462.25;24471.75;24452.75;24455.75;2276
20260319 162100;24456.75;24470.5;24451;24462;2195
20260319 162200;24462.75;24471;24460.5;24465.75;1309
20260319 162300;24465.25;24467.5;24434.25;24438;3550
20260319 162400;24438.25;24458.5;24435;24451;2927
20260319 162500;24451.25;24455.75;24446.5;24451.5;1620
20260319 162600;24450.75;24461;24445;24449.25;2077
20260319 162700;24448.75;24460.75;24448.25;24456;1767
20260319 162800;24456;24475;24455.75;24466.5;3032
20260319 162900;24466;24476;24459;24476;2411
20260319 163000;24476.25;24479.75;24465.75;24470.25;2235
20260319 163100;24470.5;24479.5;24468.5;24478.5;2342
20260319 163200;24478.75;24481;24454.25;24461.25;3144
20260319 163300;24461.75;24474.75;24450.75;24454.25;2473
20260319 163400;24454.5;24456.75;24446.25;24456.25;2546
20260319 163500;24456.75;24466.25;24455.5;24459.25;2170
20260319 163600;24459.25;24459.5;24440;24440.25;3615
20260319 163700;24440.5;24456.5;24439.75;24451.75;2389
20260319 163800;24451.25;24456.5;24442;24442.25;1822
20260319 163900;24442;24473.75;24441.75;24472.75;2791
20260319 164000;24473.25;24476.5;24468.5;24474.5;1812
20260319 164100;24475;24493;24470.75;24491.75;3234
20260319 164200;24492.25;24492.5;24481.5;24490;2327
20260319 164300;24490;24503.5;24486.75;24487.5;3432
20260319 164400;24487.25;24488;24465.25;24470.5;3408
20260319 164500;24470.5;24485.25;24470.25;24483;1646
20260319 164600;24484;24488.25;24467.75;24471.75;1943
20260319 164700;24472;24484.5;24466.75;24482.5;1689
20260319 164800;24481.75;24484;24473;24476.75;1422
20260319 164900;24477.5;24478.75;24466.5;24473.75;1472
20260319 165000;24474.25;24476.25;24462.5;24467;1830
20260319 165100;24467;24467;24451.25;24453;2110
20260319 165200;24453;24455.25;24434;24437.5;3358
20260319 165300;24437.25;24438.75;24423.5;24430.75;2904
20260319 165400;24431;24437.5;24428.5;24437;2983
20260319 165500;24436.5;24452.25;24431.5;24447.25;2382
20260319 165600;24447;24451.75;24438;24444.25;2176
20260319 165700;24443.75;24450;24433.25;24448;2503
20260319 165800;24448;24458;24446.5;24453;2152
20260319 165900;24453.25;24454;24440.25;24450.5;1697
20260319 170000;24450.75;24458.5;24446;24455.25;1250
20260319 170100;24454.75;24463.5;24452.5;24455.25;1957
20260319 170200;24455;24455.5;24438.25;24441;2551
20260319 170300;24440.75;24446;24436;24441.75;1681
20260319 170400;24441.5;24447;24436.5;24437.75;1828
20260319 170500;24438;24441.5;24421.5;24422;2560
20260319 170600;24422.25;24428.75;24415.5;24416.5;2870
20260319 170700;24416;24428;24411.5;24422.75;2866
20260319 170800;24422.75;24426.25;24409;24409.75;1706
20260319 170900;24410;24415.25;24393.75;24396.75;3925
20260319 171000;24397.5;24397.5;24380.75;24385.75;4047
20260319 171100;24386.25;24400.25;24383.25;24394.25;3118
20260319 171200;24394;24402.5;24394;24397.5;1795
20260319 171300;24397.5;24404.5;24391.5;24392.5;2035
20260319 171400;24392.75;24393.5;24380;24380;3193
20260319 171500;24380.5;24390.75;24377.25;24388.25;3133
20260319 171600;24388.25;24397.5;24378.25;24380.25;3113
20260319 171700;24379.75;24402.25;24379.25;24400.75;2556
20260319 171800;24400.75;24412.25;24396.5;24408.75;2995
20260319 171900;24408.5;24426.75;24406.5;24426;3017
20260319 172000;24426;24432;24418.75;24430.5;2931
20260319 172100;24430.5;24432.25;24417.25;24421.25;2746
20260319 172200;24421.75;24433.5;24419.25;24426.25;1795
20260319 172300;24427;24434.75;24422.25;24425;2051
20260319 172400;24425.25;24459;24422.25;24457.25;5028
20260319 172500;24456.75;24458;24441.5;24444.75;2623
20260319 172600;24445;24446.5;24436;24445.75;2128
20260319 172700;24445.5;24459.75;24436.75;24459.25;2374
20260319 172800;24459.5;24463.5;24451;24462;2586
20260319 172900;24462;24462.75;24447;24449.5;1830
20260319 173000;24449.5;24456;24446.75;24449.75;1491
20260319 173100;24449.25;24462.75;24447.75;24461.5;2229
20260319 173200;24461.5;24469.5;24457.5;24460.75;3014
20260319 173300;24460.75;24462;24440.75;24443.25;2638
20260319 173400;24443.5;24446.5;24434.5;24440.25;2254
20260319 173500;24440.25;24449;24434.5;24440;1901
20260319 173600;24439.5;24440;24428;24434;2271
20260319 173700;24433.5;24447.75;24432.5;24444.25;1676
20260319 173800;24445;24447.25;24431.5;24434.75;1604
20260319 173900;24435.25;24439.5;24426.75;24430.25;1666
20260319 174000;24430.25;24431;24420.5;24421;2191
20260319 174100;24421.5;24426.5;24411;24412.75;2223
20260319 174200;24412.75;24425.25;24411.25;24425.25;2100
20260319 174300;24425.25;24429.75;24416;24418.75;2121
20260319 174400;24418;24435.25;24415.5;24430.75;1446
20260319 174500;24430.75;24438;24426.5;24428.75;1725
20260319 174600;24429.5;24442.25;24426.25;24441;1498
20260319 174700;24441.25;24441.25;24429.5;24432.5;1295
20260319 174800;24432.5;24433.25;24416.25;24420.5;1724
20260319 174900;24420.75;24431.25;24420.25;24431;1370
20260319 175000;24430.25;24431.75;24421.5;24431.25;1329
20260319 175100;24431;24448.25;24428.25;24446.25;2583
20260319 175200;24446;24451.5;24440.75;24450.75;1939
20260319 175300;24451.5;24481.5;24448.25;24479;5030
20260319 175400;24478.75;24480;24468.25;24474;2844
20260319 175500;24473.75;24478.75;24466.5;24475.25;2055
20260319 175600;24475.75;24475.75;24459.25;24460.75;2085
20260319 175700;24461.25;24463.5;24453.25;24463.5;1697
20260319 175800;24463.25;24465.5;24454.5;24464.75;1610
20260319 175900;24464.5;24466;24450.75;24454.25;1545
20260319 180000;24454.5;24459.75;24451.75;24453.5;811
20260319 180100;24453.25;24455.5;24441;24446.5;2215
20260319 180200;24446.5;24450.25;24437.75;24444.5;1750
20260319 180300;24444.25;24451.25;24437.25;24439.75;1601
20260319 180400;24439.25;24440.75;24424.75;24425.25;2694
20260319 180500;24425.5;24434.5;24425;24431.25;1717
20260319 180600;24431;24444.75;24428.75;24444;2268
20260319 180700;24443.5;24450.5;24438;24441.75;2227
20260319 180800;24441.75;24455.75;24435.5;24455;1870
20260319 180900;24455.5;24466;24450;24462.75;2151
20260319 181000;24462.75;24468.25;24455.25;24458.25;1785
20260319 181100;24458.75;24472;24457.5;24472;1689
20260319 181200;24471.75;24474.25;24462.75;24465.25;1597
20260319 181300;24464.75;24501.75;24464.25;24499.25;3853
20260319 181400;24499.25;24521;24493;24519.75;4233
20260319 181500;24519.75;24519.75;24498.5;24508.75;3191
20260319 181600;24509.25;24516.25;24506;24516;1716
20260319 181700;24515.75;24517.25;24495.75;24502.25;2571
20260319 181800;24501.5;24505;24490.75;24493;1774
20260319 181900;24492.25;24493.5;24482.5;24487.75;2373
20260319 182000;24488.75;24506;24488.25;24505.75;1849
20260319 182100;24505.5;24511.25;24500.25;24501.25;1885
20260319 182200;24501.5;24505.75;24496.25;24505;1427
20260319 182300;24505;24506.75;24495.5;24498.25;1147
20260319 182400;24498.5;24499;24486;24489.25;1824
20260319 182500;24489.5;24499.75;24489.5;24492;947
20260319 182600;24491.75;24496.5;24485;24487.75;1339
20260319 182700;24488.25;24497;24488.25;24495.25;920
20260319 182800;24495.5;24500;24488.25;24491.75;1125
20260319 182900;24492;24494;24484;24486.75;1085
20260319 183000;24487;24488;24467.75;24469.25;2570
20260319 183100;24468.75;24472.75;24452.25;24454;3021
20260319 183200;24454.25;24468.25;24452.75;24458;2632
20260319 183300;24458;24465.25;24457.75;24464.25;1194
20260319 183400;24464.5;24469.5;24455.75;24456.75;1473
20260319 183500;24457.5;24461.5;24454;24461.25;1009
20260319 183600;24461.25;24469.75;24457.5;24462;1310
20260319 183700;24461.25;24461.75;24449.25;24449.25;1632
20260319 183800;24449.25;24451.5;24432.75;24434.25;3143
20260319 183900;24434.25;24456.25;24434;24450;2507
20260319 184000;24450;24451.5;24443.25;24445.5;1112
20260319 184100;24445;24449.75;24437;24438.5;1475
20260319 184200;24438;24442.75;24432.25;24436;1509
20260319 184300;24435;24438;24427;24429.5;1913
20260319 184400;24429.5;24430.75;24420.25;24423.25;2037
20260319 184500;24423.5;24434.5;24423.25;24427.5;1563
20260319 184600;24427.75;24431.5;24421.25;24428.75;1733
20260319 184700;24428.75;24441;24424.75;24437.5;2007
20260319 184800;24437.75;24441.75;24431.75;24436.25;1781
20260319 184900;24436.75;24437.5;24430.25;24436.25;1171
20260319 185000;24436.75;24439.75;24431;24435;1325
20260319 185100;24434.75;24434.75;24417.25;24418.25;2236
20260319 185200;24418.5;24439.75;24417.75;24437;2016
20260319 185300;24436.75;24444.75;24435.25;24440.5;2130
20260319 185400;24441;24447.25;24437.5;24439;1546
20260319 185500;24439;24447.75;24436.25;24446;1384
20260319 185600;24446;24450.5;24438.25;24450.5;1665
20260319 185700;24450.5;24471;24447.25;24465;4279
20260319 185800;24465.75;24487;24462.25;24486.5;3563
20260319 185900;24486.5;24521.25;24486.25;24521.25;6547
20260319 190000;24521.5;24524.25;24501.5;24509;4956
20260319 190100;24509;24537.5;24506;24536;4995
20260319 190200;24535.5;24575.25;24531.5;24575;6504
20260319 190300;24574.5;24596;24570;24588.5;10172
20260319 190400;24588.75;24590.75;24564;24570.75;6990
20260319 190500;24571;24587.25;24559.5;24583.75;5493
20260319 190600;24585;24618.75;24583.75;24613.75;10453
20260319 190700;24613.5;24681;24606.5;24675.75;12602
20260319 190800;24675.5;24690.5;24626.75;24630.5;12154
20260319 190900;24631;24675.25;24616.75;24666;12484
20260319 191000;24666;24677.75;24640.75;24643.75;8305
20260319 191100;24644;24673.5;24616.75;24672;9624
20260319 191200;24672.25;24691.5;24663;24678.25;7186
20260319 191300;24678;24679.75;24628;24632.5;6833
20260319 191400;24633.25;24637.25;24607.25;24628.75;6958
20260319 191500;24628.75;24661.75;24627;24657.75;6013
20260319 191600;24658.5;24676.25;24653.5;24675.5;4668
20260319 191700;24675;24675.75;24641;24646.75;4432
20260319 191800;24647.75;24671;24646;24664;3676
20260319 191900;24664.25;24670;24644.75;24659.5;5066
20260319 192000;24659.5;24670.75;24630;24661.75;4469
20260319 192100;24661.5;24665.25;24626;24628.75;3756
20260319 192200;24627.75;24645;24618;24624.25;3900
20260319 192300;24624.25;24643.75;24618.25;24639.25;3409
20260319 192400;24639.5;24646;24619.5;24622.75;3541
20260319 192500;24622.5;24627.75;24609;24614.5;3250
20260319 192600;24615;24617;24576.25;24578.25;5512
20260319 192700;24578.5;24593;24575.5;24582.25;5375
20260319 192800;24581.75;24601.25;24576.5;24578.25;4297
20260319 192900;24578;24589.5;24574.25;24588;3649
20260319 193000;24588.25;24600.5;24583.5;24597.25;3393
20260319 193100;24597.25;24600;24575;24595.25;3912
20260319 193200;24595.5;24601.25;24579;24600;3478
20260319 193300;24599.5;24602.5;24577;24581.5;2789
20260319 193400;24581;24604.25;24580.5;24603.25;2624
20260319 193500;24603.75;24614.75;24580.25;24580.75;4847
20260319 193600;24580.5;24591.25;24544.75;24547.5;6285
20260319 193700;24548.25;24568.75;24544.5;24562.5;3741
20260319 193800;24562.25;24592.5;24561.75;24591.75;3378
20260319 193900;24592.25;24592.5;24574.25;24576.5;2494
20260319 194000;24576.75;24598.5;24575;24595.25;2133
20260319 194100;24596.25;24603.75;24586.75;24597.5;2871
20260319 194200;24596.5;24597.5;24576.75;24589;2609
20260319 194300;24590;24595.5;24579;24594.5;1723
20260319 194400;24594.75;24602.5;24589.75;24599.75;2306
20260319 194500;24599.75;24605.75;24587;24588.5;2533
20260319 194600;24588.75;24588.75;24569.25;24582;3819
20260319 194700;24581.5;24592.5;24580;24585.25;2308
20260319 194800;24585;24601.5;24576.25;24594.5;2360
20260319 194900;24595.25;24595.25;24581.25;24585.75;1640
20260319 195000;24586.75;24589.25;24572.5;24578.5;1721
20260319 195100;24579.25;24589.75;24562;24564.5;3876
20260319 195200;24564;24580.5;24562.25;24568;2121
20260319 195300;24567;24587.5;24564.5;24572.25;2341
20260319 195400;24572;24578.75;24569;24571;1779
20260319 195500;24570.75;24581.25;24563;24569.75;2740
20260319 195600;24570;24593;24569.75;24592.5;3606
20260319 195700;24592;24593.5;24575.25;24583.5;1888
20260319 195800;24583.75;24596.5;24573.5;24593.25;2024
20260319 195900;24593.25;24596.25;24573.5;24587.75;2752
20260319 200000;24587.75;24587.75;24572.25;24574.5;6006
20260319 200100;24574.5;24594.5;24572;24591;4153
20260319 200200;24591.25;24591.75;24566.5;24569;2012
20260319 200300;24568.5;24574;24564.5;24569.5;1058
20260319 200400;24569.75;24579;24563.25;24577.75;900
20260319 200500;24578;24593.75;24573.75;24590;1384
20260319 200600;24590.5;24606.25;24590.5;24596.75;1830
20260319 200700;24596.75;24599.25;24583.25;24591.5;1519
20260319 200800;24591.25;24615.5;24589.5;24599.25;2074
20260319 200900;24599.5;24602.5;24595;24600;751
20260319 201000;24600;24603.75;24596.5;24599.5;664
20260319 201100;24599.75;24600;24590.25;24597.5;863
20260319 201200;24598.5;24602;24590.25;24594;587
20260319 201300;24594.25;24601;24593;24599.25;379
20260319 201400;24599;24601.75;24595;24600.25;476
20260319 201500;24599.75;24613;24596;24612.25;875
20260319 201600;24612.75;24622.5;24612.25;24620;973
20260319 201700;24620.5;24622.25;24614.5;24619.75;508
20260319 201800;24620;24620.25;24613;24614.25;342
20260319 201900;24614.75;24623;24613.25;24621.25;487
20260319 202000;24621;24623;24618.25;24619;375
20260319 202100;24620;24621.75;24617;24620.25;289
20260319 202200;24620.25;24622.5;24618;24621.5;265
20260319 202300;24621.75;24632.25;24620;24631.5;668
20260319 202400;24631.5;24633;24626.75;24629.5;398
20260319 202500;24629.75;24631.5;24623.5;24626.5;457
20260319 202600;24626.5;24629.75;24621.25;24629.25;401
20260319 202700;24629.25;24631.5;24620.5;24623.25;412
20260319 202800;24623.25;24628.25;24623.25;24624.75;248
20260319 202900;24624.75;24628;24622.75;24623.75;243
20260319 203000;24623.5;24625;24622;24622;205
20260319 203100;24622.25;24622.75;24616.75;24619.25;485
20260319 203200;24619.25;24621.75;24616.75;24618;248
20260319 203300;24618;24618;24611;24614.5;329
20260319 203400;24614.25;24619.25;24612;24618.75;438
20260319 203500;24618.75;24621.5;24616;24616.75;346
20260319 203600;24617;24621;24615;24619;274
20260319 203700;24619.5;24622.5;24617.5;24620.25;300
20260319 203800;24620.5;24621.25;24617.5;24618.5;181
20260319 203900;24619.75;24620.25;24618;24619.75;185
20260319 204000;24620;24620.5;24616.75;24619.5;194
20260319 204100;24620;24622.25;24618.75;24620;360
20260319 204200;24620;24622.25;24617;24620.25;387
20260319 204300;24620;24621.5;24618;24620.25;209
20260319 204400;24619.75;24623.5;24618.75;24621.25;260
20260319 204500;24621.75;24622.75;24620;24622.25;291
20260319 204600;24622.5;24622.75;24619;24619.75;284
20260319 204700;24619.5;24623.25;24618;24622.5;213
20260319 204800;24622.25;24627.25;24620;24620.25;379
20260319 204900;24620;24623;24618.5;24620.25;323
20260319 205000;24620.75;24620.75;24615.75;24617.5;253
20260319 205100;24617.75;24619.25;24614.25;24616.25;251
20260319 205200;24616.25;24617.25;24612.75;24616.25;216
20260319 205300;24616.25;24617;24611.75;24613;187
20260319 205400;24613.5;24616.5;24611;24615;219
20260319 205500;24615;24619.5;24614.25;24619;233
20260319 205600;24619;24619.5;24616.25;24618;234
20260319 205700;24618.25;24619.25;24616.5;24618.25;171
20260319 205800;24617.5;24619.75;24615.5;24618;215
20260319 205900;24617.5;24620;24616;24617.75;201
20260319 210000;24618;24618.5;24616.5;24617;144
20260319 220100;24629.25;24657.75;24626.75;24650.5;1267
20260319 220200;24649.5;24651;24635.5;24637.5;902
20260319 220300;24637.5;24639.5;24632;24633.5;465
20260319 220400;24633.75;24634.25;24622.75;24624;571
20260319 220500;24623.5;24629.25;24616;24618.5;682
20260319 220600;24618.5;24619.5;24605;24609;772
20260319 220700;24609.25;24611.75;24606.25;24607.5;442
20260319 220800;24607.5;24612;24606.5;24609.25;266
20260319 220900;24609.75;24616;24607;24615.75;340
20260319 221000;24615;24620.75;24612.5;24619.75;556
20260319 221100;24619;24624.25;24616.75;24621;512
20260319 221200;24621.5;24623.25;24616.5;24617.75;239
20260319 221300;24618.25;24619.75;24613;24614.75;349
20260319 221400;24614.75;24622.25;24612.75;24620;357
20260319 221500;24620.25;24624.75;24617.25;24617.5;343
20260319 221600;24617.25;24625.25;24617;24621.5;268
20260319 221700;24621.25;24623;24614.25;24617;304
20260319 221800;24616.5;24619;24611.25;24617;293
20260319 221900;24618;24619.25;24616.25;24619.25;88
20260319 222000;24619.25;24636.75;24618.75;24635.25;919
20260319 222100;24636;24643.25;24633.5;24635;1154
20260319 222200;24634.75;24641.75;24630.25;24640.75;537
20260319 222300;24640.75;24641;24638;24639.5;237
20260319 222400;24640;24640.5;24634.75;24636.5;226
20260319 222500;24636;24639.5;24632.75;24635.75;223
20260319 222600;24636.25;24644;24636;24640.75;374
20260319 222700;24640.25;24643;24638.5;24641.25;277
20260319 222800;24641.25;24643.25;24640.5;24641.5;143
20260319 222900;24641.25;24644;24640.75;24641.25;206
20260319 223000;24641.25;24643;24639.25;24640;191
20260319 223100;24639.5;24641.25;24637.25;24639.75;259
20260319 223200;24639.75;24641.75;24637.25;24640.75;248
20260319 223300;24640.75;24645;24640.5;24644.25;297
20260319 223400;24644.5;24648.25;24641;24642.5;521
20260319 223500;24643;24644;24640.75;24640.75;139
20260319 223600;24640.5;24646.5;24638.5;24640;380
20260319 223700;24640;24645.5;24637;24642.25;383
20260319 223800;24643;24647.25;24642;24645.25;218
20260319 223900;24645.75;24649.25;24644.25;24645;377
20260319 224000;24646;24646.75;24644.25;24644.25;186
20260319 224100;24645;24645;24634;24635.75;474
20260319 224200;24635.75;24639.75;24634.75;24636.75;367
20260319 224300;24636;24637;24634.25;24635.75;163
20260319 224400;24636.5;24639;24636;24638.75;132
20260319 224500;24639;24640.5;24636.5;24638;207
20260319 224600;24637.5;24637.75;24633.25;24634.25;202
20260319 224700;24634.25;24638.75;24631.75;24634.5;312
20260319 224800;24634.5;24635;24632;24632.75;217
20260319 224900;24633;24636.5;24628.75;24630.25;353
20260319 225000;24630;24630.75;24626.5;24626.75;259
20260319 225100;24626.75;24628;24621.25;24622.5;581
20260319 225200;24622.5;24629.5;24622.25;24627.5;255
20260319 225300;24627;24631.25;24625.25;24630.5;288
20260319 225400;24631.25;24631.25;24627.25;24628.5;172
20260319 225500;24628.25;24631.5;24625.75;24625.75;182
20260319 225600;24625.25;24629.75;24624;24629.5;205
20260319 225700;24629;24630.5;24627.5;24629;127
20260319 225800;24629;24629.5;24627.75;24628;70
20260319 225900;24628;24635.5;24628;24635.25;334
20260319 230000;24635.25;24639;24635;24636.25;436
20260319 230100;24636.25;24644;24634;24642.75;644
20260319 230200;24643;24645;24632.75;24635;653
20260319 230300;24634.5;24641.25;24633.5;24641.25;434
20260319 230400;24641.25;24647.75;24641;24645;487
20260319 230500;24645;24648.25;24644;24644.25;242
20260319 230600;24645.25;24648.25;24643.75;24647.25;328
20260319 230700;24646.75;24650;24644.75;24646.5;278
20260319 230800;24646.25;24652.25;24644.75;24648.75;401
20260319 230900;24649;24658.5;24648.5;24656.75;784
20260319 231000;24657;24657.75;24648.5;24649.25;436
20260319 231100;24649;24650.75;24639;24640.75;579
20260319 231200;24641.5;24642.5;24635;24638;550
20260319 231300;24637.75;24642.75;24634;24641.75;454
20260319 231400;24642.5;24642.5;24636.25;24637;265
20260319 231500;24636.75;24640;24632.5;24635.25;357
20260319 231600;24634;24635.5;24628.25;24632.75;623
20260319 231700;24633.75;24635.25;24630.25;24633.25;299
20260319 231800;24633.5;24635.75;24632.25;24632.75;228
20260319 231900;24632.75;24637;24629.25;24631;321
20260319 232000;24631;24631.25;24624.25;24629;589
20260319 232100;24629;24633.5;24628.25;24629.25;344
20260319 232200;24629.75;24630.5;24624.25;24626;349
20260319 232300;24625.75;24628;24614.75;24615.25;846
20260319 232400;24616;24620.5;24612.25;24612.25;525
20260319 232500;24613;24617.5;24611;24612.75;600
20260319 232600;24612.25;24613;24609;24612.25;484
20260319 232700;24612.5;24614;24610;24614;328
20260319 232800;24613.75;24617.5;24613.25;24617.5;277
20260319 232900;24617.5;24620;24614.5;24619.5;346
20260319 233000;24620;24620.75;24615.5;24616.25;214
20260319 233100;24616.75;24625.75;24615;24624;537
20260319 233200;24623.5;24624;24617.5;24618.75;343
20260319 233300;24618;24623.75;24615;24615.25;285
20260319 233400;24614.75;24616.5;24609.25;24610.25;461
20260319 233500;24609.5;24613.5;24608;24611.5;414
20260319 233600;24610.75;24613.25;24608.75;24612.5;194
20260319 233700;24612.25;24613.75;24611;24611.25;159
20260319 233800;24611.25;24613.5;24610.75;24612.25;114
20260319 233900;24611.75;24618.5;24611.75;24615;253
20260319 234000;24615.75;24618;24613.75;24614.5;109
20260319 234100;24614.75;24615.75;24607;24607.75;373
20260319 234200;24607.75;24613.75;24606.75;24613.75;277
20260319 234300;24613.25;24616.5;24612.25;24613.5;232
20260319 234400;24612.5;24613.25;24610.75;24611;148
20260319 234500;24611.25;24611.5;24605.75;24607.5;585
20260319 234600;24607.5;24616.25;24606.75;24614.75;427
20260319 234700;24614.75;24622.25;24612.75;24619.75;454
20260319 234800;24619;24625;24618;24621.5;504
20260319 234900;24621.5;24621.5;24617;24618.25;262
20260319 235000;24617.75;24618;24611.75;24613;361
20260319 235100;24613;24619.75;24613;24615.75;378
20260319 235200;24614.75;24614.75;24605.25;24608.25;566
20260319 235300;24607.75;24610.25;24607.25;24609.5;217
20260319 235400;24608.75;24613;24608.5;24612;172
20260319 235500;24612.5;24620.25;24611.75;24618.25;534
20260319 235600;24618;24620;24615;24619.75;203
20260319 235700;24619.75;24635;24618.25;24632.25;1155
20260319 235800;24632.25;24633.5;24627;24627.75;537
20260319 235900;24627.75;24629.5;24619;24619;553
20260320 000000;24619;24620;24616.5;24620;357
20260320 000100;24620.25;24628.5;24616.75;24627.75;644
20260320 000200;24628.25;24633.25;24625.5;24632.5;527
20260320 000300;24632.75;24632.75;24609.25;24611;867
20260320 000400;24611;24612.75;24593;24593.25;1985
20260320 000500;24593.75;24600;24587.5;24591.5;1262
20260320 000600;24591;24597;24586.25;24595;785
20260320 000700;24594.25;24607.75;24594.25;24606.75;893
20260320 000800;24606.75;24607;24599.75;24604;534
20260320 000900;24603.5;24614.75;24600.5;24613.25;718
20260320 001000;24613.5;24615;24611;24615;454
20260320 001100;24615.25;24636.5;24615.25;24635.25;1645
20260320 001200;24635.5;24640.75;24634;24634.75;1053
20260320 001300;24635;24639.25;24630.25;24637.25;700
20260320 001400;24637;24642.75;24631.25;24637;678
20260320 001500;24636.25;24640.75;24632.25;24637.75;462
20260320 001600;24638;24639;24626;24631;698
20260320 001700;24631.75;24636.75;24630.5;24635;333
20260320 001800;24635.5;24637;24630;24633.25;308
20260320 001900;24633.25;24636;24624;24627.25;539
20260320 002000;24626.5;24631.25;24622.5;24628.75;437
20260320 002100;24628;24628.5;24616.5;24616.5;606
20260320 002200;24616.25;24622.5;24615.75;24617.25;502
20260320 002300;24617.5;24620.25;24604.25;24605;756
20260320 002400;24604.25;24606.5;24596;24596.75;1056
20260320 002500;24597;24598;24582.25;24593.75;1568
20260320 002600;24593.75;24604;24593.25;24600.5;726
20260320 002700;24600.25;24604.5;24598.25;24599.5;482
20260320 002800;24599.5;24602.5;24589.75;24591.25;450
20260320 002900;24591.75;24594;24589.5;24590.75;357
20260320 003000;24590.75;24597.5;24590.25;24594.25;353
20260320 003100;24594.25;24598.5;24593;24596.5;267
20260320 003200;24596;24601.5;24588.75;24592;560
20260320 003300;24592.5;24594.5;24586.25;24589.25;461
20260320 003400;24588.25;24592;24587;24588.75;321
20260320 003500;24589;24592.25;24586.75;24591;193
20260320 003600;24591.25;24596;24590.75;24592;266
20260320 003700;24592.5;24594.75;24582.25;24584.75;478
20260320 003800;24584;24592;24582.25;24591;476
20260320 003900;24591.5;24596.5;24590.75;24596.25;434
20260320 004000;24595.25;24599.75;24592.75;24598.75;389
20260320 004100;24599.5;24611;24599.5;24605;918
20260320 004200;24605;24605;24598;24600.5;333
20260320 004300;24599.75;24603.5;24592.75;24593.5;466
20260320 004400;24592.5;24597;24587.25;24596.25;628
20260320 004500;24596;24598.5;24594;24594.75;308
20260320 004600;24595.25;24608.5;24595.25;24605.5;689
20260320 004700;24605.25;24606;24601.25;24604;314
20260320 004800;24603.25;24603.25;24595.5;24595.5;338
20260320 004900;24595.25;24601.5;24593;24600.75;397
20260320 005000;24600.5;24602;24598.25;24598.5;206
20260320 005100;24598.25;24608.5;24596.75;24606.5;520
20260320 005200;24607.25;24609;24593;24593.75;757
20260320 005300;24593.5;24600;24592;24593;503
20260320 005400;24593.75;24604;24591.5;24601.25;443
20260320 005500;24601.5;24603;24593.5;24593.5;282
20260320 005600;24594;24598.75;24592.25;24596.75;252
20260320 005700;24596.25;24597;24591.75;24592.25;212
20260320 005800;24593;24595;24589;24592;304
20260320 005900;24592;24601.75;24589.5;24601.25;373
20260320 010000;24601.5;24604.5;24594.25;24598;438
20260320 010100;24599;24606.5;24590;24603.75;1605
20260320 010200;24603.75;24612.75;24601;24607;739
20260320 010300;24606.25;24610;24601.5;24607.5;387
20260320 010400;24607.75;24613.75;24599.25;24609.5;476
20260320 010500;24610;24621;24609.25;24619;707
20260320 010600;24619.25;24628;24613;24627.25;765
20260320 010700;24626.5;24628.75;24620;24622.25;532
20260320 010800;24620.75;24630;24616.75;24627.25;696
20260320 010900;24627.5;24629.5;24621.5;24626.25;461
20260320 011000;24625.75;24625.75;24615.75;24620.5;368
20260320 011100;24620.5;24624;24618.25;24622.25;314
20260320 011200;24621;24623.75;24614.25;24618;427
20260320 011300;24617.5;24632.25;24614.75;24631;659
20260320 011400;24631.25;24633.25;24627;24628.5;543
20260320 011500;24627.5;24633.25;24622.5;24624.25;565
20260320 011600;24624;24624.75;24614;24619.25;815
20260320 011700;24619.25;24625.75;24619;24624;367
20260320 011800;24623.25;24623.25;24607.5;24607.5;770
20260320 011900;24607.5;24611;24603;24604.25;642
20260320 012000;24603;24615.25;24603;24614.25;514
20260320 012100;24614.5;24617.5;24604.25;24607.25;608
20260320 012200;24607.25;24608.25;24592.5;24593.75;760
20260320 012300;24593.75;24609.5;24592;24602;873
20260320 012400;24601.75;24609.25;24601.5;24609.25;467
20260320 012500;24608.5;24610.5;24604.25;24605.25;360
20260320 012600;24605.75;24610;24602.75;24604.25;190
20260320 012700;24604.25;24610.75;24602.25;24603.75;255
20260320 012800;24604.75;24613.75;24604.25;24612.25;259
20260320 012900;24612.75;24617.25;24610.75;24613.75;355
20260320 013000;24612.5;24615.25;24610;24615.25;218
20260320 013100;24615;24627.75;24614.25;24627;757
20260320 013200;24626.5;24626.5;24622.5;24623.75;494
20260320 013300;24622.75;24627;24620.75;24626.25;302
20260320 013400;24626.75;24633;24625.25;24631.5;551
20260320 013500;24632;24640;24628.75;24638;830
20260320 013600;24638.5;24639.75;24628.25;24633.75;618
20260320 013700;24634;24638;24630.25;24633.25;439
20260320 013800;24632.25;24642.5;24632.25;24641.25;580
20260320 013900;24641.75;24653;24640;24649;1012
20260320 014000;24649.25;24653.5;24646.25;24652.25;662
20260320 014100;24652.5;24654;24648.25;24650.25;506
20260320 014200;24651;24653;24647;24647.75;264
20260320 014300;24648;24651;24642.75;24644.25;671
20260320 014400;24644.25;24650.25;24641.25;24649;455
20260320 014500;24649.25;24651.5;24646.75;24651.5;261
20260320 014600;24651.75;24654.75;24650;24654.25;505
20260320 014700;24653.75;24660.75;24651.5;24652.75;822
20260320 014800;24653;24653.25;24647;24648;391
20260320 014900;24648.25;24652.25;24645.75;24650.75;286
20260320 015000;24650.75;24652.25;24648.5;24650;214
20260320 015100;24649.25;24649.5;24640.25;24640.25;513
20260320 015200;24640.75;24642.5;24638.25;24639.75;334
20260320 015300;24638.75;24640;24636.75;24638.25;407
20260320 015400;24637.25;24640.75;24634.5;24635.25;384
20260320 015500;24635.25;24635.25;24626;24627;909
20260320 015600;24626.75;24629;24618.75;24619.5;672
20260320 015700;24619.75;24623;24614.25;24614.25;701
20260320 015800;24614;24615.25;24608.25;24609.75;744
20260320 015900;24609.5;24618.75;24608.5;24617.75;727
20260320 020000;24617.75;24620.75;24615.75;24617.5;429
20260320 020100;24618;24626.5;24616;24616.25;779
20260320 020200;24616.5;24619;24612.5;24615.75;446
20260320 020300;24615.5;24619;24612.5;24618;267
20260320 020400;24616.25;24619.5;24615.25;24615.75;197
20260320 020500;24615.5;24617.5;24612.5;24613;243
20260320 020600;24613.25;24623.75;24611.25;24621.5;396
20260320 020700;24620.75;24630.75;24617.75;24629.75;719
20260320 020800;24630;24632.75;24625.25;24625.75;449
20260320 020900;24626;24637.5;24626;24634.5;602
20260320 021000;24634.75;24635;24629.75;24633;285
20260320 021100;24633;24634.25;24630;24633.5;242
20260320 021200;24633.75;24633.75;24629.5;24632;303
20260320 021300;24632.5;24632.5;24628.25;24629.75;250
20260320 021400;24630;24635;24630;24634;217
20260320 021500;24634.5;24634.75;24631.75;24632.75;160
20260320 021600;24633.5;24633.5;24626.5;24630.25;354
20260320 021700;24629.5;24632;24628.25;24630;219
20260320 021800;24630;24636;24629.75;24635.75;271
20260320 021900;24635.75;24636.75;24631.75;24632.5;274
20260320 022000;24632.75;24633.5;24631.25;24633.5;149
20260320 022100;24633.75;24637;24632.25;24636;191
20260320 022200;24635.25;24637.5;24634.5;24635.25;145
20260320 022300;24635.25;24637;24633.5;24636.5;140
20260320 022400;24635.75;24635.75;24626.5;24629.25;399
20260320 022500;24628.75;24630;24625.25;24626;227
20260320 022600;24626.25;24630;24623.5;24625.5;332
20260320 022700;24626.25;24626.25;24622.75;24624;195
20260320 022800;24623.75;24623.75;24620;24622.25;333
20260320 022900;24622.25;24628.5;24622.25;24626;241
20260320 023000;24625.5;24626.25;24621.75;24623.75;154
20260320 023100;24622.75;24628;24618;24620.25;318
20260320 023200;24620.5;24626.75;24620;24626.5;182
20260320 023300;24626;24628;24624;24624;200
20260320 023400;24624;24626;24619.75;24621;177
20260320 023500;24622;24626.25;24622;24624;146
20260320 023600;24624;24628.75;24620.5;24623;218
20260320 023700;24623;24626;24617.25;24618;183
20260320 023800;24617.5;24620;24612;24615.5;463
20260320 023900;24614.75;24617.75;24614.5;24615;210
20260320 024000;24616.25;24619.75;24614.5;24619.75;191
20260320 024100;24619.75;24624.75;24618;24623.75;236
20260320 024200;24624;24628;24623;24624.75;297
20260320 024300;24625.75;24629;24624.25;24628.5;247
20260320 024400;24629.25;24631.75;24627.75;24628.5;241
20260320 024500;24628.5;24629.25;24626.25;24628.5;160
20260320 024600;24628;24630.25;24628;24630.25;115
20260320 024700;24630;24630.25;24624.25;24628.75;313
20260320 024800;24629.25;24630.5;24627.75;24628;158
20260320 024900;24628.25;24629.75;24626.5;24629.75;90
20260320 025000;24628.75;24633.25;24628.5;24631.75;219
20260320 025100;24632.75;24634.5;24630.75;24634.5;196
20260320 025200;24633.5;24639;24632.25;24637.75;384
20260320 025300;24637.5;24641.25;24637;24640.75;266
20260320 025400;24640.75;24642;24637.75;24639.75;226
20260320 025500;24640.25;24640.5;24637.5;24638.5;146
20260320 025600;24638.5;24638.5;24634.75;24634.75;187
20260320 025700;24635.25;24635.5;24621.75;24627;677
20260320 025800;24626.25;24626.5;24623.75;24624.5;204
20260320 025900;24625;24629.25;24624.25;24625.25;181
20260320 030000;24625.25;24626.75;24620.5;24620.5;208
20260320 030100;24620.75;24624.5;24618.25;24619.25;367
20260320 030200;24619.5;24621;24616.5;24617.75;233
20260320 030300;24617.75;24618.5;24612.25;24616.5;431
20260320 030400;24616.5;24618;24614.75;24616.5;164
20260320 030500;24617.25;24618.5;24609;24611.75;411
20260320 030600;24611.25;24614.25;24610.75;24612.5;219
20260320 030700;24612;24615;24608.75;24611.25;218
20260320 030800;24610.75;24615;24610.75;24613.75;156
20260320 030900;24613.75;24616.75;24613;24613.5;233
20260320 031000;24613.25;24614.5;24610.5;24611.5;189
20260320 031100;24611;24613.25;24610;24612;230
20260320 031200;24611.75;24616.5;24611.75;24616.5;189
20260320 031300;24616.75;24618;24613.5;24614;249
20260320 031400;24614.25;24617.25;24613.5;24616.75;119
20260320 031500;24617.5;24617.5;24613;24613.5;122
20260320 031600;24613.75;24615.75;24613;24615.25;104
20260320 031700;24614.25;24617.5;24614;24617.5;98
20260320 031800;24617.5;24620;24615.75;24616.5;329
20260320 031900;24616.75;24617.5;24611.5;24611.5;246
20260320 032000;24611.75;24614;24608;24612.75;441
20260320 032100;24612.5;24616.5;24610.25;24614.5;187
20260320 032200;24614.75;24615;24611.5;24612;109
20260320 032300;24612;24613.25;24610;24613.25;200
20260320 032400;24613.5;24613.5;24609;24609;92
20260320 032500;24609.75;24612.25;24609.75;24612.25;92
20260320 032600;24612;24612;24609;24611.25;121
20260320 032700;24611;24611.5;24599.75;24604;830
20260320 032800;24603.75;24605.75;24599;24599.75;427
20260320 032900;24599.5;24608;24597.75;24607;433
20260320 033000;24607.25;24611.5;24606.75;24610.5;290
20260320 033100;24610;24621.5;24609.75;24621.5;633
20260320 033200;24620.25;24621;24617.25;24619.25;269
20260320 033300;24618.75;24626.5;24618.5;24623.75;394
20260320 033400;24624.25;24627.5;24622.5;24626;342
20260320 033500;24625.75;24629;24624.75;24627.25;200
20260320 033600;24626.75;24627.5;24620.5;24623.25;353
20260320 033700;24622.75;24625.75;24621.25;24621.75;77
20260320 033800;24621.75;24625;24619.25;24619.75;161
20260320 033900;24620;24620.75;24613.75;24613.75;325
20260320 034000;24613.75;24614.25;24603.25;24605.5;754
20260320 034100;24606;24612.75;24603;24610;390
20260320 034200;24609.25;24611.25;24608.75;24610;178
20260320 034300;24609.5;24614.75;24606.5;24612.5;308
20260320 034400;24612;24613;24609;24609.75;92
20260320 034500;24610.25;24611.25;24606.25;24609;116
20260320 034600;24608.25;24609.25;24605;24606.75;167
20260320 034700;24607.25;24613;24606.75;24609;234
20260320 034800;24609.25;24615.25;24609.25;24614.5;199
20260320 034900;24614;24615.75;24612.25;24612.25;153
20260320 035000;24612.75;24615.5;24612.75;24614.25;108
20260320 035100;24613.75;24614.25;24607.5;24608.75;268
20260320 035200;24608.25;24608.75;24603.75;24606.5;225
20260320 035300;24607;24610.25;24607;24609.25;126
20260320 035400;24608.75;24609;24606.25;24606.5;137
20260320 035500;24606.25;24608.75;24606;24608;91
20260320 035600;24607.75;24611;24607.75;24608.75;124
20260320 035700;24608.25;24610.25;24605;24605;190
20260320 035800;24605;24608;24604.25;24604.75;149
20260320 035900;24605.5;24608.25;24604.75;24606.25;97
20260320 040000;24605.75;24611.25;24605.75;24610.75;178
20260320 040100;24611;24614.25;24610.75;24611;293
20260320 040200;24611.5;24614.75;24608.5;24614.5;304
20260320 040300;24615;24621;24613.5;24619.25;549
20260320 040400;24620;24620.75;24615.75;24617.75;228
20260320 040500;24618.5;24622.25;24618.25;24621.25;201
20260320 040600;24621.25;24622.25;24615.25;24616.25;243
20260320 040700;24616;24618;24614.75;24616.25;296
20260320 040800;24616.25;24617.75;24614.25;24617.75;133
20260320 040900;24618;24618;24613;24614.25;114
20260320 041000;24614.5;24616.25;24611;24612.5;131
20260320 041100;24612.5;24612.75;24607;24607.75;247
20260320 041200;24607.25;24614.25;24607;24613.25;207
20260320 041300;24613;24615;24611.25;24612;109
20260320 041400;24612;24612;24610.5;24610.75;59
20260320 041500;24611.25;24612.25;24609.25;24610.25;112
20260320 041600;24609.75;24610.25;24604.75;24606;275
20260320 041700;24605.5;24607.25;24601;24602.5;287
20260320 041800;24602;24603;24599.25;24600.25;279
20260320 041900;24600;24600.25;24597.5;24599;235
20260320 042000;24598.75;24599.25;24595;24597.25;375
20260320 042100;24596.75;24601.25;24595.75;24597.75;337
20260320 042200;24597.25;24598.75;24595;24597.25;215
20260320 042300;24596.75;24597.5;24593.75;24594;150
20260320 042400;24594.75;24595;24589.75;24592;381
20260320 042500;24591;24597;24590.5;24593.75;329
20260320 042600;24594.25;24597;24594.25;24596.25;224
20260320 042700;24596.5;24597.5;24595;24595;122
20260320 042800;24595.5;24595.75;24593.5;24595.5;130
20260320 042900;24595;24597.75;24594.5;24597.5;125
20260320 043000;24598;24601.25;24597.75;24600.5;242
20260320 043100;24600.75;24605;24600.5;24601.75;302
20260320 043200;24601.75;24602.75;24599.25;24601;159
20260320 043300;24601;24602.75;24599.25;24601.75;149
20260320 043400;24602;24603.25;24593.75;24595.5;238
20260320 043500;24596;24600.25;24595.5;24598.5;126
20260320 043600;24599;24601.5;24598.75;24601;74
20260320 043700;24600;24601.75;24598.25;24600;120
20260320 043800;24599.75;24602.25;24598.25;24598.75;162
20260320 043900;24599;24600;24597.5;24598.25;112
20260320 044000;24598.75;24599.25;24596.5;24596.75;99
20260320 044100;24597.75;24599.5;24596.5;24599;48
20260320 044200;24599.25;24600.5;24598.5;24600.25;67
20260320 044300;24600;24601;24595.5;24595.75;122
20260320 044400;24595.75;24596.25;24589;24590;295
20260320 044500;24590.5;24594;24590;24591.5;196
20260320 044600;24590.75;24591.5;24588;24589;233
20260320 044700;24589;24590.5;24585.75;24586;199
20260320 044800;24586;24591.5;24584.75;24587;362
20260320 044900;24586.75;24592.5;24586;24592;233
20260320 045000;24592;24594.75;24591;24593.25;210
20260320 045100;24592.75;24592.75;24589;24590;137
20260320 045200;24589.75;24592;24589.5;24591.75;106
20260320 045300;24592;24592.75;24588.75;24589;71
20260320 045400;24589.5;24592.5;24588.5;24590;87
20260320 045500;24590;24590.5;24589;24589;48
20260320 045600;24589.75;24592.25;24587.25;24591.75;156
20260320 045700;24592.5;24593.75;24590.5;24592.25;121
20260320 045800;24591.25;24591.5;24587.75;24588.5;115
20260320 045900;24588.25;24588.75;24586.5;24586.75;163
20260320 050000;24586.5;24587.75;24585.25;24586;138
20260320 050100;24586;24586.25;24568;24568.25;1435
20260320 050200;24568;24575.25;24568;24572.25;511
20260320 050300;24572.25;24575.25;24571.25;24573.75;189
20260320 050400;24573.75;24574.75;24568.5;24569.5;324
20260320 050500;24569;24572.25;24567.75;24569.5;282
20260320 050600;24569.25;24573.5;24567.25;24571.75;291
20260320 050700;24571.75;24574;24568;24568.5;268
20260320 050800;24568.25;24570.25;24566.5;24567.75;271
20260320 050900;24569;24572.25;24568.5;24570.25;160
20260320 051000;24569;24571.5;24566.75;24570;154
20260320 051100;24571.5;24571.5;24561.75;24562.75;374
20260320 051200;24563.25;24567.75;24562.5;24564.75;284
20260320 051300;24565.5;24567.25;24560.75;24561.75;376
20260320 051400;24561.25;24566.5;24559;24566.5;399
20260320 051500;24566.25;24573.5;24565.75;24572.75;456
20260320 051600;24573.25;24580.75;24572.75;24578.75;531
20260320 051700;24579.75;24580.75;24577.5;24580;400
20260320 051800;24580.25;24580.5;24573.75;24576.25;301
20260320 051900;24575.75;24577.75;24574.5;24575.75;178
20260320 052000;24576;24580.25;24573;24579.25;205
20260320 052100;24579;24583.75;24577;24580.5;373
20260320 052200;24580.25;24587.75;24579.5;24585;364
20260320 052300;24584.75;24589;24584.5;24588.75;228
20260320 052400;24588.75;24591.75;24585.75;24589.75;403
20260320 052500;24589.5;24589.75;24585.25;24585.75;217
20260320 052600;24586.5;24592;24585.25;24592;197
20260320 052700;24591.75;24601.5;24591;24596;566
20260320 052800;24596.5;24596.75;24591.25;24591.5;317
20260320 052900;24591.5;24593.5;24588.75;24593.25;223
20260320 053000;24593.5;24595.5;24591;24595;166
20260320 053100;24595.5;24599.75;24595;24598.25;298
20260320 053200;24598.5;24599;24589;24591.75;421
20260320 053300;24592;24594.5;24590.5;24591.5;135
20260320 053400;24591.25;24591.75;24584;24584.75;312
20260320 053500;24584.5;24587.25;24581.5;24585;401
20260320 053600;24585;24591.5;24584.5;24589.75;341
20260320 053700;24589.75;24589.75;24582;24582.75;180
20260320 053800;24582.5;24589.25;24582.5;24589.25;128
20260320 053900;24588.5;24590.25;24582.5;24585.25;155
20260320 054000;24585.25;24588.75;24584;24587.5;149
20260320 054100;24587.5;24591;24585.75;24589.75;201
20260320 054200;24588.5;24590.5;24587.5;24590.5;93
20260320 054300;24590;24599;24590;24598;381
20260320 054400;24598.25;24601.25;24595.5;24596.5;324
20260320 054500;24596.75;24598;24594.5;24597.75;174
20260320 054600;24597.75;24602.75;24597.75;24602;369
20260320 054700;24602.25;24603.5;24597.75;24601.5;279
20260320 054800;24600.75;24601;24596.75;24597;137
20260320 054900;24597.5;24598.75;24594.75;24596;141
20260320 055000;24595.75;24597.5;24594.75;24597.25;75
20260320 055100;24597.25;24601.5;24596.5;24599.75;196
20260320 055200;24599;24602.25;24599;24600.5;190
20260320 055300;24600.5;24600.75;24595;24595.75;149
20260320 055400;24595.5;24597.75;24594.25;24596.5;142
20260320 055500;24597.25;24597.25;24593.75;24595.25;72
20260320 055600;24595.25;24597.25;24595;24595.5;93
20260320 055700;24595.5;24598.5;24594.75;24595.75;95
20260320 055800;24595.25;24595.25;24592.5;24593;141
20260320 055900;24593;24594.5;24590;24592;185
20260320 060000;24592;24593;24588;24593;208
20260320 060100;24592;24592.75;24585.5;24586.75;382
20260320 060200;24587.5;24587.5;24581.5;24583;479
20260320 060300;24583.75;24593.75;24582.5;24590.75;385
20260320 060400;24590.75;24604.25;24590.5;24596.5;684
20260320 060500;24596.5;24599.75;24595.75;24596.5;150
20260320 060600;24595.75;24604.5;24595.75;24603;277
20260320 060700;24603.75;24604.25;24601.25;24602.75;221
20260320 060800;24602.75;24603.5;24600;24602.75;180
20260320 060900;24602.75;24603.5;24598.25;24598.75;156
20260320 061000;24598.25;24599;24593.75;24594.25;200
20260320 061100;24594.25;24595.25;24586.25;24586.25;316
20260320 061200;24586;24586;24580.75;24584;379
20260320 061300;24584;24588;24583.25;24588;223
20260320 061400;24587.75;24588;24582.75;24585.25;135
20260320 061500;24584.75;24589.25;24584.5;24588.5;196
20260320 061600;24587.75;24587.75;24581.25;24583;184
20260320 061700;24582.5;24585;24578;24578.25;297
20260320 061800;24577.75;24578.75;24572.75;24576.5;410
20260320 061900;24576.25;24581.5;24573.25;24574.75;263
20260320 062000;24574.25;24577.75;24573.75;24576.75;144
20260320 062100;24576.75;24577.75;24568;24569.75;377
20260320 062200;24570;24572.75;24566.75;24567;283
20260320 062300;24567.5;24569;24562.25;24566;344
20260320 062400;24565.5;24568.75;24563.25;24565.25;243
20260320 062500;24564.75;24570.75;24564.5;24568.75;218
20260320 062600;24568.5;24569;24565.5;24567.5;294
20260320 062700;24567.25;24570.25;24565.25;24568;266
20260320 062800;24568;24570.75;24555.75;24556;813
20260320 062900;24555.75;24556;24551.5;24552.75;668
20260320 063000;24552.75;24561;24552;24558;425
20260320 063100;24558.5;24565.75;24558;24562.25;591
20260320 063200;24561.25;24564.75;24560;24561;215
20260320 063300;24561.25;24561.5;24557.25;24557.5;219
20260320 063400;24558;24570.5;24556.75;24569.25;406
20260320 063500;24568.25;24570.25;24564.5;24566;250
20260320 063600;24565.75;24567.5;24562.25;24563.75;282
20260320 063700;24563.5;24565.5;24558.75;24565.5;165
20260320 063800;24566.5;24567.5;24562.5;24562.75;123
20260320 063900;24562.5;24562.75;24556;24556.5;328
20260320 064000;24556.25;24556.5;24548.5;24552.75;546
20260320 064100;24552.25;24553.25;24548;24548;232
20260320 064200;24548.25;24551.25;24547;24547.5;332
20260320 064300;24547.25;24548.5;24542;24543.5;641
20260320 064400;24543;24546.75;24536.25;24539.5;933
20260320 064500;24539.25;24549.75;24539.25;24549.75;441
20260320 064600;24549.75;24550;24541;24545.25;404
20260320 064700;24544.75;24544.75;24537.75;24538.75;359
20260320 064800;24538.75;24544.75;24537.5;24540.25;299
20260320 064900;24539.75;24542.25;24535;24541.5;439
20260320 065000;24541.5;24545.25;24539.75;24540.75;250
20260320 065100;24540.5;24541;24536.25;24536.75;240
20260320 065200;24536.75;24537.5;24529.5;24531.75;599
20260320 065300;24531.5;24535.5;24531;24531.75;210
20260320 065400;24532.75;24535.5;24524.75;24525.25;448
20260320 065500;24525;24527;24520;24523.5;636
20260320 065600;24523.25;24526;24519;24525;468
20260320 065700;24524.75;24530.75;24524.25;24526.75;421
20260320 065800;24526;24529;24523.25;24524;238
20260320 065900;24523.75;24530;24523.75;24529.5;229
20260320 070000;24529;24532.25;24527.5;24529;201
20260320 070100;24529.25;24529.25;24500.75;24503;1654
20260320 070200;24502.5;24506.25;24487.5;24489.5;1925
20260320 070300;24489.25;24494.25;24482.75;24492.75;1358
20260320 070400;24491.25;24502;24490.25;24499.25;1009
20260320 070500;24499.25;24502;24491.75;24492;824
20260320 070600;24492.25;24500.75;24490;24500.5;647
20260320 070700;24499.75;24501;24488.25;24490.25;675
20260320 070800;24490.25;24491.75;24484.25;24490.25;792
20260320 070900;24491;24506.75;24488.5;24503.75;846
20260320 071000;24503.25;24505;24496.5;24503.75;422
20260320 071100;24504;24508.25;24499;24507.25;527
20260320 071200;24507.25;24515.75;24505.5;24515;704
20260320 071300;24514.25;24515.75;24508;24514.5;506
20260320 071400;24514.25;24520.5;24513;24518.5;374
20260320 071500;24518.75;24522.5;24518.5;24521.5;392
20260320 071600;24521.5;24532.75;24518.75;24532.75;704
20260320 071700;24532.75;24538.25;24529.5;24532.5;850
20260320 071800;24532.5;24545.75;24530.25;24542.75;890
20260320 071900;24543.25;24544;24534.25;24536;591
20260320 072000;24536.75;24539.5;24534.5;24538.75;408
20260320 072100;24538.25;24548.25;24536.25;24547.75;615
20260320 072200;24548;24555;24546;24554;739
20260320 072300;24553.5;24563;24553.5;24560.75;752
20260320 072400;24561.5;24562.75;24553.75;24560.25;748
20260320 072500;24560.5;24560.75;24552.25;24552.75;554
20260320 072600;24553.25;24557.25;24550.5;24554;510
20260320 072700;24554.5;24557;24551;24553.5;292
20260320 072800;24553.75;24554;24547.25;24551.25;677
20260320 072900;24551.5;24559;24550.25;24557;410
20260320 073000;24557.25;24558.75;24553.5;24555.25;242
20260320 073100;24554.25;24563.5;24552;24559.25;507
20260320 073200;24560;24561.75;24555.5;24560;393
20260320 073300;24560.25;24566.75;24559.5;24564;594
20260320 073400;24564.25;24576;24562;24576;981
20260320 073500;24576.25;24577.75;24571.75;24576;556
20260320 073600;24576.25;24579;24573.75;24576.25;633
20260320 073700;24576.25;24583.5;24575.75;24580.75;542
20260320 073800;24581.5;24582.75;24574;24576.5;664
20260320 073900;24576.25;24577;24572;24574.75;462
20260320 074000;24574.75;24575.5;24571.5;24573.25;240
20260320 074100;24573.25;24581.75;24572.5;24580;459
20260320 074200;24579.75;24590.5;24579;24590.25;1146
20260320 074300;24590.75;24591.75;24585.25;24586.25;408
20260320 074400;24586;24589.5;24583.25;24586.75;308
20260320 074500;24587;24599.75;24586.75;24599;1243
20260320 074600;24599.25;24599.75;24591.25;24595.25;729
20260320 074700;24595.75;24606;24593.5;24599.25;935
20260320 074800;24599.75;24600;24594.25;24596.75;329
20260320 074900;24596.25;24606.5;24591.5;24604.5;600
20260320 075000;24604.75;24606.25;24598;24601;423
20260320 075100;24601;24605.25;24598;24604;395
20260320 075200;24604.5;24605.75;24600;24602.5;271
20260320 075300;24603;24605.5;24597;24604.25;393
20260320 075400;24604.75;24608.25;24599.25;24606.5;536
20260320 075500;24606.5;24606.5;24598.75;24601.5;334
20260320 075600;24601;24603.5;24594.25;24599.25;412
20260320 075700;24599.75;24604;24598.75;24600;239
20260320 075800;24601;24604.5;24597;24597;302
20260320 075900;24598.75;24602.75;24597.75;24599.75;301
20260320 080000;24599.5;24599.75;24592.5;24594;527
20260320 080100;24593.75;24596.5;24577.75;24585;1774
20260320 080200;24584.25;24590;24576;24582.5;869
20260320 080300;24581.75;24584.25;24575.25;24582.25;737
20260320 080400;24582;24586.5;24576;24583.25;478
20260320 080500;24584.25;24590.25;24581.75;24583;643
20260320 080600;24582.75;24593.75;24581;24593.75;515
20260320 080700;24594;24601;24592;24597.75;831
20260320 080800;24598;24607.5;24596.75;24601;708
20260320 080900;24600.75;24607.5;24600.75;24606.25;623
20260320 081000;24606.5;24611.75;24603.25;24609.75;876
20260320 081100;24610.25;24613.25;24602;24612.5;766
20260320 081200;24612.5;24612.5;24605.75;24611.75;513
20260320 081300;24610.5;24614.25;24607.25;24611.5;422
20260320 081400;24611.5;24613;24606.25;24611;489
20260320 081500;24610.5;24616;24606.5;24613.25;712
20260320 081600;24613.75;24616.5;24609.5;24613.25;546
20260320 081700;24613;24613;24604.25;24610;373
20260320 081800;24610.75;24610.75;24605.5;24608.75;301
20260320 081900;24609.5;24612.5;24607.5;24610;327
20260320 082000;24610.75;24612;24603.75;24605.75;353
20260320 082100;24605.25;24605.25;24595.75;24597.5;790
20260320 082200;24598.25;24602.75;24591;24593.5;657
20260320 082300;24592.5;24596;24589;24589;576
20260320 082400;24590.5;24594.5;24589.75;24593.25;314
20260320 082500;24593.25;24595.25;24588;24591.25;388
20260320 082600;24591;24593.5;24586.25;24588;339
20260320 082700;24588.75;24590.25;24582.75;24584;460
20260320 082800;24583.5;24583.5;24576;24576.75;720
20260320 082900;24577;24581.75;24566;24568.5;1283
20260320 083000;24567.75;24577.25;24565.75;24565.75;916
20260320 083100;24565.5;24575;24557;24570.5;1561
20260320 083200;24570.5;24582.75;24570;24579.5;1033
20260320 083300;24580.25;24591;24577;24585;1048
20260320 083400;24585.75;24587.25;24557.5;24580.25;2337
20260320 083500;24580.25;24598.25;24579.25;24598;1300
20260320 083600;24598.25;24603.5;24593.75;24602;906
20260320 083700;24601;24603.5;24586.5;24590.5;829
20260320 083800;24590.25;24590.25;24581.5;24586;516
20260320 083900;24585.75;24593.75;24582;24582;489
20260320 084000;24582;24591.25;24579.75;24586.25;568
20260320 084100;24586.25;24589.25;24580.75;24580.75;522
20260320 084200;24580.5;24595;24577.25;24589;834
20260320 084300;24588.25;24590;24566.5;24568.25;746
20260320 084400;24567.5;24571;24563.25;24570;586
20260320 084500;24569.25;24576.75;24569;24571.25;537
20260320 084600;24572;24572.25;24555.5;24561;1268
20260320 084700;24561.5;24567.5;24558.5;24563.25;468
20260320 084800;24562.75;24567.75;24560.75;24564;420
20260320 084900;24563.5;24571.5;24563.5;24570;661
20260320 085000;24569.5;24576.25;24564.25;24576.25;477
20260320 085100;24576.25;24582;24569.25;24582;911
20260320 085200;24582.25;24586;24569.25;24569.5;959
20260320 085300;24570.25;24576.75;24566;24576;514
20260320 085400;24576;24578.5;24561.25;24563.5;680
20260320 085500;24564.25;24571;24560;24567.25;477
20260320 085600;24566.75;24568.25;24562;24563.5;380
20260320 085700;24563.5;24571.5;24553.25;24568.25;924
20260320 085800;24569.25;24574.75;24566;24567.5;476
20260320 085900;24568;24569.75;24560;24563.75;320
20260320 090000;24563;24568.25;24558.5;24558.5;526
20260320 090100;24559.5;24564.75;24551.25;24553.25;801
20260320 090200;24552.75;24569.25;24552.75;24568.75;812
20260320 090300;24569.25;24570.25;24553.25;24554.25;459
20260320 090400;24554.25;24566;24542.5;24560.75;1316
20260320 090500;24560;24565.75;24557.5;24565.75;910
20260320 090600;24565.25;24565.25;24537.5;24540.5;1136
20260320 090700;24540.5;24552.25;24538.25;24550.75;685
20260320 090800;24550.5;24563.75;24545.25;24561.5;743
20260320 090900;24561;24569.5;24561;24568.5;823
20260320 091000;24568.5;24583.25;24567.5;24582;761
20260320 091100;24582.75;24585.5;24567;24570;1111
20260320 091200;24570;24577.75;24567;24577;599
20260320 091300;24576.5;24576.5;24563.5;24564.75;518
20260320 091400;24565;24572;24556.75;24556.75;684
20260320 091500;24557.5;24559.75;24541.75;24544;974
20260320 091600;24543.25;24546.25;24530.5;24532.5;1535
20260320 091700;24531.25;24536;24527;24528;820
20260320 091800;24528.75;24530.75;24520.25;24526.75;1021
20260320 091900;24526;24530.25;24519.5;24520;720
20260320 092000;24519.75;24522.5;24513.25;24515.75;826
20260320 092100;24514.75;24521.5;24508.75;24516.5;1392
20260320 092200;24517;24521.5;24506.5;24509.75;806
20260320 092300;24510;24512.5;24501.5;24507;880
20260320 092400;24507.75;24512.5;24503.75;24505.75;548
20260320 092500;24505;24505.75;24494.5;24502.75;1098
20260320 092600;24503;24512;24501;24508;807
20260320 092700;24508;24510.25;24498.5;24503;860
20260320 092800;24503.75;24508.75;24501.75;24508.75;415
20260320 092900;24507.75;24509;24497;24500;546
20260320 093000;24499.75;24509.25;24496.25;24499.5;670
20260320 093100;24500;24503.5;24492;24501.25;873
20260320 093200;24501;24514.25;24499.5;24512;1276
20260320 093300;24511.25;24516.5;24508.25;24513.75;843
20260320 093400;24513.75;24515.75;24501.5;24506.75;762
20260320 093500;24506.25;24511;24504.25;24511;610
20260320 093600;24510.25;24515.5;24507.5;24514;500
20260320 093700;24512.75;24514.25;24507;24509.25;408
20260320 093800;24509.5;24521.5;24509;24519;677
20260320 093900;24519.5;24520;24510.25;24518.5;645
20260320 094000;24518.25;24518.25;24509;24510.25;524
20260320 094100;24510;24514.25;24488.75;24490.5;1434
20260320 094200;24490.5;24491;24475.25;24480.25;1877
20260320 094300;24480;24480.75;24467.5;24473;1090
20260320 094400;24473;24481;24466;24473.75;1220
20260320 094500;24473;24489.75;24464;24480.75;2595
20260320 094600;24481;24483;24467;24469.25;1860
20260320 094700;24469.25;24471;24443.25;24455.25;2746
20260320 094800;24455;24462;24443.25;24447.75;1382
20260320 094900;24448;24454.5;24441.75;24451.25;1072
20260320 095000;24450.5;24461.5;24439.25;24441.75;1200
20260320 095100;24441;24450;24430.5;24434.5;2089
20260320 095200;24434.25;24435.5;24415;24434.25;2296
20260320 095300;24433;24439.5;24422;24426;1091
20260320 095400;24425;24432.25;24418.75;24420.25;1013
20260320 095500;24420;24423.5;24410.25;24413;1354
20260320 095600;24413;24428;24408;24420;1573
20260320 095700;24419.25;24426.25;24414;24419.25;1042
20260320 095800;24418.5;24426.75;24413.5;24418.5;1035
20260320 095900;24418.75;24423.75;24415.75;24422.5;671
20260320 100000;24422;24435.5;24419.5;24431.5;1142
20260320 100100;24431.75;24440.5;24411.75;24419.5;2451
20260320 100200;24419.75;24419.75;24397.25;24401.25;2288
20260320 100300;24400.5;24408.75;24395.75;24398.25;1405
20260320 100400;24398.5;24400.25;24377.25;24381;2086
20260320 100500;24381.25;24382;24369.5;24371.75;1347
20260320 100600;24371.25;24392;24367.5;24381.25;2166
20260320 100700;24380.5;24389.25;24369.5;24377.75;1438
20260320 100800;24378;24378;24352.75;24354.5;1972
20260320 100900;24355;24359;24343;24346;1817
20260320 101000;24346.5;24351.75;24337.5;24348.75;1409
20260320 101100;24348.5;24350.25;24319;24327.5;3256
20260320 101200;24326.75;24347.5;24323.5;24340.5;2066
20260320 101300;24341.5;24359.5;24337.25;24351.75;1819
20260320 101400;24351.5;24357.75;24340;24342.25;1567
20260320 101500;24343.25;24359;24342;24352.25;1133
20260320 101600;24351.75;24365.5;24350.75;24357.75;1368
20260320 101700;24357.5;24366;24350;24357.25;1281
20260320 101800;24357.25;24368;24357.25;24364.5;1079
20260320 101900;24364.25;24366.75;24344.5;24355.25;1296
20260320 102000;24355.75;24357;24347;24350.5;804
20260320 102100;24350;24350.75;24332.5;24338.5;1543
20260320 102200;24338.25;24347;24334.75;24341.75;918
20260320 102300;24340.75;24341.75;24333.25;24339.25;637
20260320 102400;24338.25;24354.5;24336;24350.25;1113
20260320 102500;24350.75;24358;24345.5;24346.5;1059
20260320 102600;24348;24358;24344;24357;1090
20260320 102700;24356.25;24368.25;24355.25;24363.75;1303
20260320 102800;24364.5;24369.75;24361.25;24365.75;891
20260320 102900;24366.25;24368.25;24358.5;24359.25;796
20260320 103000;24359.25;24366;24355.5;24362;604
20260320 103100;24362.25;24379.25;24360.5;24371.75;1563
20260320 103200;24372.25;24377.5;24370.5;24376.25;653
20260320 103300;24376;24382.5;24367.75;24379;1026
20260320 103400;24380.5;24390.25;24378;24386.5;1243
20260320 103500;24386.5;24395.75;24385.25;24385.5;1122
20260320 103600;24386.25;24393.75;24382.25;24390.25;828
20260320 103700;24390.75;24404.75;24390;24402.25;1333
20260320 103800;24402.5;24414.25;24400.75;24414.25;1357
20260320 103900;24414.25;24423.25;24411.25;24414.25;1453
20260320 104000;24414;24430.5;24414;24427.75;1092
20260320 104100;24428;24430;24422.5;24427.5;1224
20260320 104200;24427.5;24430.5;24419.25;24422;852
20260320 104300;24422.25;24430;24418.75;24427.75;1161
20260320 104400;24428.25;24428.5;24420.5;24423.75;665
20260320 104500;24424;24424.5;24412;24419;1111
20260320 104600;24419;24420.25;24408.75;24413;977
20260320 104700;24413.5;24414.25;24402.25;24407.5;1118
20260320 104800;24408.25;24416.5;24402;24415.5;1166
20260320 104900;24415.75;24418.25;24409;24414.25;611
20260320 105000;24414.25;24417;24407.5;24414.25;735
20260320 105100;24414.75;24416.25;24405.75;24412.5;823
20260320 105200;24412.75;24413.5;24395;24406.25;1238
20260320 105300;24406.5;24409.25;24401;24404;853
20260320 105400;24404;24416;24402.25;24409.25;1269
20260320 105500;24409;24410.25;24398.75;24405;996
20260320 105600;24404.75;24409;24400;24402.75;634
20260320 105700;24402.5;24410.25;24399.25;24402.75;674
20260320 105800;24403.5;24411.75;24402.75;24403;796
20260320 105900;24403.25;24410;24399.5;24409.75;718
20260320 110000;24408.75;24412.75;24402.5;24407.25;782
20260320 110100;24407.25;24426.25;24397.5;24402;1828
20260320 110200;24404.5;24417.75;24403.5;24414.25;760
20260320 110300;24414.25;24432;24413;24430;1472
20260320 110400;24429.25;24447;24429.25;24446.25;2268
20260320 110500;24447;24447.75;24436.75;24442.75;1190
20260320 110600;24442.5;24458;24439.5;24457;1695
20260320 110700;24457.25;24463;24452.25;24455.25;1368
20260320 110800;24454.75;24461.75;24448.5;24453.25;902
20260320 110900;24452.5;24457.25;24444;24456;882
20260320 111000;24455.75;24466.75;24455.75;24466.5;1133
20260320 111100;24465.75;24468.25;24455.25;24457.5;1105
20260320 111200;24457.75;24465.5;24456.5;24462;699
20260320 111300;24462.75;24466.25;24456;24457.25;778
20260320 111400;24457.75;24461.5;24455.5;24456.25;558
20260320 111500;24455.5;24459.5;24448.75;24452.75;977
20260320 111600;24451.75;24452;24445.25;24451.75;880
20260320 111700;24452;24452.25;24442;24448.75;776
20260320 111800;24449;24453;24442.25;24452.25;719
20260320 111900;24452;24462.25;24449;24450.75;975
20260320 112000;24450.5;24461.25;24445.25;24448;884
20260320 112100;24447.75;24457;24447;24454;641
20260320 112200;24453.75;24466.5;24449;24464.5;766
20260320 112300;24465;24467.75;24458;24463.25;1031
20260320 112400;24463;24464.75;24450;24452.5;784
20260320 112500;24453;24457;24445.25;24449.5;845
20260320 112600;24449.5;24454.5;24443.5;24451.75;793
20260320 112700;24452;24452.75;24442.25;24445;689
20260320 112800;24445;24450;24443.25;24446.5;447
20260320 112900;24446.75;24453.25;24443;24443.25;551
20260320 113000;24443.25;24454;24441.5;24453;567
20260320 113100;24453;24455.75;24445.25;24450.25;862
20260320 113200;24449.75;24461.5;24448;24458;863
20260320 113300;24458.25;24460.25;24452.25;24459;692
20260320 113400;24459.5;24463.5;24454.5;24455.5;677
20260320 113500;24455.25;24462.75;24454.75;24460;450
20260320 113600;24458.75;24460;24447.75;24458.75;696
20260320 113700;24458.75;24459.25;24440.5;24442.25;739
20260320 113800;24441.75;24441.75;24433;24436.5;1255
20260320 113900;24437.25;24437.25;24426.75;24428.5;988
20260320 114000;24429.25;24438;24428.25;24437.25;852
20260320 114100;24437.5;24448.25;24435.75;24443.75;940
20260320 114200;24444.75;24446.25;24436;24443.25;605
20260320 114300;24443.25;24458;24442.75;24454.75;966
20260320 114400;24455;24455;24445.25;24448;652
20260320 114500;24447.25;24449.75;24435.5;24442.75;1040
20260320 114600;24444;24445;24430.5;24433.5;630
20260320 114700;24433.75;24434.5;24424.25;24429;876
20260320 114800;24428.25;24434.75;24421.75;24423;872
20260320 114900;24423;24424.25;24415.5;24421;1182
20260320 115000;24421;24428;24419.75;24427;731
20260320 115100;24427.5;24431;24412.25;24416.5;958
20260320 115200;24416.5;24420.75;24410.5;24413;801
20260320 115300;24413.25;24424;24411;24418.25;704
20260320 115400;24418.5;24427;24417.75;24424.25;583
20260320 115500;24424;24431.5;24415.25;24428;881
20260320 115600;24428.25;24435;24427.25;24431.25;1016
20260320 115700;24432;24442.25;24428.25;24437.5;842
20260320 115800;24436.75;24446.25;24436;24443.5;757
20260320 115900;24443.75;24448.25;24439.5;24443.25;903
20260320 120000;24443.25;24447.25;24434.5;24443.5;957
20260320 120100;24443.75;24467.75;24443.75;24462.25;2192
20260320 120200;24461.5;24463.75;24437.5;24442;2317
20260320 120300;24441;24451;24434;24446.5;1747
20260320 120400;24446.25;24458.75;24445.75;24445.75;1078
20260320 120500;24446.5;24453.25;24425.5;24434.5;2165
20260320 120600;24433.25;24456.75;24432.25;24452;1558
20260320 120700;24451.75;24462.5;24451.5;24460.5;901
20260320 120800;24461.25;24467.75;24458.75;24461;1185
20260320 120900;24460.5;24463.25;24453.25;24461.25;785
20260320 121000;24461.75;24490.25;24460.75;24489.75;3012
20260320 121100;24489.5;24499;24486.5;24495.25;2785
20260320 121200;24495.75;24496.25;24485.75;24487;1525
20260320 121300;24488;24491;24477.75;24478.75;1203
20260320 121400;24479.25;24483;24474.25;24479.75;1026
20260320 121500;24480;24480;24471.75;24475.5;753
20260320 121600;24475;24475.75;24465.5;24469.25;1227
20260320 121700;24470.75;24474;24447.75;24450;1588
20260320 121800;24449.25;24454;24444.25;24451.25;1334
20260320 121900;24450.5;24466.75;24450.5;24456.5;1537
20260320 122000;24456.5;24468;24456;24466.25;823
20260320 122100;24465.5;24471;24458.25;24470.75;1004
20260320 122200;24470.25;24472.5;24463;24465;1060
20260320 122300;24465.25;24466.5;24458.75;24466.5;723
20260320 122400;24467;24475;24465.75;24469.5;890
20260320 122500;24468.75;24474.25;24465.5;24465.75;514
20260320 122600;24466;24467.75;24459.5;24463.5;677
20260320 122700;24464.25;24467;24459.5;24462.75;566
20260320 122800;24462.75;24475.25;24460.75;24474.25;541
20260320 122900;24473.75;24492.25;24472.75;24490.25;1273
20260320 123000;24490;24496.25;24489;24493;958
20260320 123100;24492.75;24495.25;24483;24485.5;1223
20260320 123200;24483.75;24484.25;24471.5;24472.5;1262
20260320 123300;24472.25;24474.5;24458.75;24464;1393
20260320 123400;24464.75;24476;24457;24474.25;1114
20260320 123500;24474.5;24478.75;24469.5;24470.75;834
20260320 123600;24471;24474.75;24468.5;24472;475
20260320 123700;24472;24485.75;24468;24482.25;859
20260320 123800;24482;24482.5;24460.5;24466.5;1686
20260320 123900;24466.25;24486.75;24466.25;24471.75;1227
20260320 124000;24470.5;24472.5;24453.75;24457;1722
20260320 124100;24457;24464.5;24450.25;24451;1322
20260320 124200;24451.75;24460.25;24445;24460.25;1493
20260320 124300;24460;24460.75;24440;24446.5;1460
20260320 124400;24446.5;24455.5;24444.5;24447.75;1110
20260320 124500;24447.25;24461;24444;24460.25;901
20260320 124600;24459.75;24464.75;24456.25;24458.5;1351
20260320 124700;24458.5;24481;24458;24478.5;1677
20260320 124800;24477.75;24478.75;24455.25;24457.75;1410
20260320 124900;24458;24459.5;24450.5;24455.5;1008
20260320 125000;24455;24475.75;24455;24472.25;1129
20260320 125100;24471.75;24483.75;24470.5;24480.5;1229
20260320 125200;24481.25;24491.5;24479.5;24490.75;1388
20260320 125300;24491.5;24500;24486;24489;1822
20260320 125400;24489.25;24498;24488.5;24491.25;1020
20260320 125500;24491.25;24497.25;24485;24485.5;1228
20260320 125600;24485.25;24493.5;24482;24492.75;1107
20260320 125700;24492;24493.5;24478.25;24480.5;1319
20260320 125800;24480;24483.75;24476.75;24482;805
20260320 125900;24482.25;24498.5;24482;24498.5;1333
20260320 130000;24498.25;24502;24491;24496.75;1306
20260320 130100;24496;24501;24490;24500.5;1577
20260320 130200;24500.75;24509;24498.5;24506.5;2073
20260320 130300;24506.75;24509;24489.5;24491.5;1611
20260320 130400;24492.75;24498;24489;24494.75;1364
20260320 130500;24494.25;24495.5;24490;24493.25;1098
20260320 130600;24493;24494;24477;24477.75;1864
20260320 130700;24477.25;24483;24469;24471.25;1592
20260320 130800;24471.75;24481.75;24468.5;24475.25;1766
20260320 130900;24475.25;24479;24469.75;24474.25;875
20260320 131000;24473.75;24480.75;24472.75;24474.25;678
20260320 131100;24474.25;24475;24461.5;24465;1432
20260320 131200;24465.25;24467;24459;24465.75;1239
20260320 131300;24465.5;24466.25;24459;24465;1254
20260320 131400;24465;24470.5;24460.25;24460.75;1173
20260320 131500;24461.5;24473.75;24460.25;24468;1003
20260320 131600;24467;24472.5;24464.25;24469.25;871
20260320 131700;24469.5;24471.25;24466.5;24468.5;787
20260320 131800;24467.75;24478.5;24467.75;24475;1216
20260320 131900;24475;24482;24470.25;24478.75;1189
20260320 132000;24478.5;24478.75;24467.5;24472.75;1037
20260320 132100;24473;24489.25;24473;24486;1623
20260320 132200;24485.5;24493.25;24482.25;24491.75;1049
20260320 132300;24491.75;24493.25;24486.75;24490;844
20260320 132400;24490;24491;24484.5;24486.75;760
20260320 132500;24486.25;24503.75;24486.25;24499.75;1642
20260320 132600;24500;24526.75;24500;24526.5;4033
20260320 132700;24526.75;24527.25;24512;24512.25;2203
20260320 132800;24512;24515.75;24497.75;24502.5;2559
20260320 132900;24503;24523.25;24497.25;24521.5;2757
20260320 133000;24520.75;24520.75;24487.75;24487.75;3705
20260320 133100;24487.75;24491;24422.75;24424.75;12150
20260320 133200;24424.5;24449.75;24391.75;24407.75;11793
20260320 133300;24407.5;24429.25;24405.5;24413.75;7138
20260320 133400;24413.25;24420.25;24387;24394.25;6638
20260320 133500;24394.5;24411;24382.75;24400.5;6682
20260320 133600;24401;24405.75;24383.75;24396.75;5715
20260320 133700;24397;24416.5;24391.75;24412;6217
20260320 133800;24412.25;24422.5;24393.75;24395.25;6193
20260320 133900;24395.25;24401.5;24379.25;24389;7112
20260320 134000;24389.25;24397.75;24380;24388.25;4237
20260320 134100;24388.5;24417;24381;24407.75;6468
20260320 134200;24408;24436.75;24401.5;24432;7103
20260320 134300;24431.75;24442.75;24414.25;24418.25;7768
20260320 134400;24418;24455.5;24418;24450.25;6429
20260320 134500;24449.5;24456.25;24426.75;24453.75;5064
20260320 134600;24454;24469.75;24448.75;24456.5;6946
20260320 134700;24457.75;24466.75;24405.75;24412.5;9919
20260320 134800;24413;24435.5;24410;24432.75;6155
20260320 134900;24433;24442;24422;24435;4169
20260320 135000;24435;24438;24410;24416;4120
20260320 135100;24415.5;24417.25;24360.75;24361.25;11830
20260320 135200;24361.25;24369;24345.5;24353.25;8545
20260320 135300;24354;24366.25;24352;24352.75;5553
20260320 135400;24352.75;24356.25;24336.75;24351.25;6677
20260320 135500;24350.75;24371.75;24346.5;24363.5;7143
20260320 135600;24363.5;24371.25;24330.5;24341.25;8266
20260320 135700;24341.25;24344.25;24325.5;24331.25;5014
20260320 135800;24330.75;24331.5;24313.75;24316.75;6942
20260320 135900;24317.5;24319.25;24283;24284.5;9880
20260320 140000;24285;24298.5;24279.5;24285.5;8456
20260320 140100;24285.75;24300;24275;24280.25;9060
20260320 140200;24280.25;24290.25;24260;24271.75;8040
20260320 140300;24271.25;24289;24267;24286.5;6078
20260320 140400;24286.5;24313;24274.75;24284.25;10218
20260320 140500;24284;24310.25;24280;24296.25;6573
20260320 140600;24296.5;24322.75;24295.5;24318.25;7129
20260320 140700;24318;24323.75;24306;24315;5695
20260320 140800;24315;24328.75;24293.25;24301;7915
20260320 140900;24301;24309.25;24266.5;24269.75;7515
20260320 141000;24270;24295.75;24269.25;24292.75;5539
20260320 141100;24293.25;24310;24285.5;24288.5;5830
20260320 141200;24288.5;24301.5;24262.75;24270.5;6574
20260320 141300;24271;24282;24254;24260;7206
20260320 141400;24260.5;24268.25;24244.75;24250.25;7148
20260320 141500;24250.25;24257.5;24240.75;24255.5;5169
20260320 141600;24255;24277.25;24249.5;24277.25;7700
20260320 141700;24277.25;24296.25;24264.5;24285.5;6682
20260320 141800;24286.25;24297;24283.5;24292.25;3736
20260320 141900;24292.75;24296;24273;24274;4221
20260320 142000;24274.5;24283.25;24273;24280.25;2877
20260320 142100;24280;24281.5;24261.75;24280;4642
20260320 142200;24279.75;24292;24258;24259.5;6268
20260320 142300;24260.75;24271.75;24256.25;24259.5;3616
20260320 142400;24259.5;24274;24252.5;24268.75;3685
20260320 142500;24269;24280.5;24263.5;24272;3402
20260320 142600;24271.25;24276.5;24258.5;24271;3249
20260320 142700;24272;24279;24264.25;24272;3048
20260320 142800;24272.75;24283.25;24253;24257;4590
20260320 142900;24256.5;24270.75;24254.5;24260;3063
20260320 143000;24260;24275;24258.25;24271;2377
20260320 143100;24270.75;24300;24270.75;24296;6873
20260320 143200;24296;24299.75;24286.25;24293.5;4154
20260320 143300;24294;24311.75;24281.25;24297.25;5687
20260320 143400;24298;24308.75;24292;24302.25;2931
20260320 143500;24303;24316.25;24297.25;24314.75;3478
20260320 143600;24315;24322.75;24311.25;24316;4562
20260320 143700;24315.75;24327;24301;24305.25;5728
20260320 143800;24304.75;24305.75;24278.5;24282;5965
20260320 143900;24281.75;24288;24265;24283;5468
20260320 144000;24283;24301;24279.75;24288.25;4221
20260320 144100;24288.25;24302.75;24276.5;24293.25;4459
20260320 144200;24293.5;24296.75;24278.75;24280.5;2664
20260320 144300;24280.75;24291;24275.25;24287.75;2681
20260320 144400;24287.5;24299.75;24279.25;24289.5;2674
20260320 144500;24289.75;24290.25;24277.75;24284.25;2594
20260320 144600;24284.75;24292;24276;24286.75;2639
20260320 144700;24286.25;24306;24284.25;24291;4311
20260320 144800;24291;24293.5;24274;24278.5;3139
20260320 144900;24280;24295;24279.75;24292;2513
20260320 145000;24290.5;24302;24281.5;24295;2731
20260320 145100;24294;24301;24278;24279;3332
20260320 145200;24279.25;24281;24265.5;24270;3990
20260320 145300;24271.25;24275.5;24246.75;24250;5248
20260320 145400;24249.25;24268.25;24249.25;24255.5;3559
20260320 145500;24256.75;24256.75;24231.5;24237;7131
20260320 145600;24236.5;24290.25;24235.75;24285.25;7533
20260320 145700;24285.75;24291;24258;24265;5440
20260320 145800;24266;24287.75;24265.25;24285.5;3894
20260320 145900;24285.5;24290;24267.75;24272;3038
20260320 150000;24271;24273.25;24263.25;24270.5;2052
20260320 150100;24270.5;24318.75;24270;24315.25;8886
20260320 150200;24314.5;24316.5;24287.75;24296;5053
20260320 150300;24295.5;24304.25;24262.25;24268.25;5195
20260320 150400;24268.5;24274.5;24250.75;24252.75;3747
20260320 150500;24253;24258.5;24238.25;24255.25;4823
20260320 150600;24255.25;24278.75;24252.75;24261;4499
20260320 150700;24261.5;24273.75;24256.25;24261;2786
20260320 150800;24260.75;24266.25;24252.5;24256.25;2291
20260320 150900;24256;24257;24236.75;24246.5;4024
20260320 151000;24246.25;24263.5;24243;24260.5;3092
20260320 151100;24260.5;24279;24258;24274.25;3454
20260320 151200;24274.5;24291;24262.75;24289.5;3854
20260320 151300;24289;24295;24274.75;24293.5;3220
20260320 151400;24293.5;24307;24286.5;24301;3739
20260320 151500;24300.5;24313.75;24296.25;24304.75;3225
20260320 151600;24305;24309.5;24296.75;24304;3126
20260320 151700;24304;24305;24269;24273.25;4465
20260320 151800;24272.75;24296.25;24272.75;24285.75;3313
20260320 151900;24286;24287.5;24272;24273.25;2436
20260320 152000;24273;24275.25;24258.75;24262.25;3175
20260320 152100;24262.5;24268.5;24251.5;24252.75;2792
20260320 152200;24252.25;24271.5;24250.75;24260.5;2841
20260320 152300;24260;24263;24250;24253;2133
20260320 152400;24252.75;24343.5;24249.75;24326.25;14396
20260320 152500;24326;24327.5;24273.5;24273.5;7407
20260320 152600;24273.5;24285.25;24262.25;24266;5726
20260320 152700;24267;24281.25;24252.5;24253;4281
20260320 152800;24253.75;24270.5;24252;24265.75;3114
20260320 152900;24266;24268.25;24247;24257;3373
20260320 153000;24257.25;24273.25;24257.25;24265;2463
20260320 153100;24265;24272.75;24254.75;24264.5;2831
20260320 153200;24264.75;24279.5;24262.5;24266;2761
20260320 153300;24266.75;24282.5;24262.5;24276;2175
20260320 153400;24276.25;24295.75;24272;24294.5;3462
20260320 153500;24294.25;24299.75;24286.75;24291;3044
20260320 153600;24291.5;24292;24268;24281.25;3360
20260320 153700;24281.25;24291.75;24266.5;24280.75;2760
20260320 153800;24281.25;24295.5;24278.75;24294.25;2092
20260320 153900;24294.25;24303.75;24284.75;24287.75;3041
20260320 154000;24288.25;24296.25;24276.75;24278;1938
20260320 154100;24277.75;24283;24266.5;24269.25;2481
20260320 154200;24270.25;24281.5;24268;24273;2296
20260320 154300;24272.25;24294;24271.75;24289.5;2193
20260320 154400;24289.75;24303.25;24287;24298.5;2497
20260320 154500;24298.5;24301.25;24288.75;24296.5;1822
20260320 154600;24296.25;24297;24279.25;24294;2330
20260320 154700;24293.5;24294.75;24271.5;24273.5;2172
20260320 154800;24273.75;24299.25;24273.25;24295.75;2581
20260320 154900;24295.75;24307.25;24290;24296.75;3056
20260320 155000;24296;24300.5;24286;24294;2381
20260320 155100;24295;24301.25;24275.25;24277.25;2404
20260320 155200;24276.75;24285;24273.25;24283.25;2242
20260320 155300;24282;24309.75;24280.75;24306.75;3790
20260320 155400;24306.5;24310.5;24297.5;24302;1996
20260320 155500;24302.25;24313.25;24297;24311;2227
20260320 155600;24311.25;24316.5;24306.5;24312.75;2022
20260320 155700;24312.25;24312.25;24297.75;24309.25;2761
20260320 155800;24308.5;24318.75;24307.75;24315;2210
20260320 155900;24315.25;24321.5;24304.5;24318.75;2108
20260320 160000;24318.5;24319.25;24310;24311.75;1602
20260320 160100;24313;24319.5;24301.75;24318.25;2638
20260320 160200;24318.5;24328.25;24316.75;24323;3124
20260320 160300;24323.5;24329.75;24315.75;24324.25;2433
20260320 160400;24324.25;24339;24322.25;24338.5;2697
20260320 160500;24338.5;24355.75;24333.5;24346.25;5267
20260320 160600;24345.5;24345.75;24328.5;24339.5;3851
20260320 160700;24338.75;24343.5;24325.25;24335;2487
20260320 160800;24335.5;24344;24324.5;24334.25;2747
20260320 160900;24334.5;24337.5;24312.5;24314.5;3205
20260320 161000;24314.5;24328.5;24311;24324;2625
20260320 161100;24324.5;24336;24321.25;24327.75;2235
20260320 161200;24327.25;24343.75;24326;24341;1996
20260320 161300;24341.25;24348.5;24334.25;24336.5;2714
20260320 161400;24336;24340.25;24329.25;24337.75;2027
20260320 161500;24337.75;24344.25;24328;24337;1983
20260320 161600;24337.75;24338.75;24322.75;24328.25;2190
20260320 161700;24328;24328;24313.5;24319.5;2974
20260320 161800;24319.5;24340.75;24318;24340;2466
20260320 161900;24339.5;24344.5;24332.5;24343;2537
20260320 162000;24342;24349.25;24338;24348.75;2010
20260320 162100;24349;24359;24341;24345.75;3289
20260320 162200;24345;24355;24335.25;24340.25;2878
20260320 162300;24340.75;24347.75;24331.5;24345;2527
20260320 162400;24345.25;24351;24338.25;24338.5;1786
20260320 162500;24338.75;24341.25;24332.25;24333.25;1449
20260320 162600;24333;24334.5;24321.5;24323.5;2592
20260320 162700;24322.75;24324.5;24302.75;24305.25;4085
20260320 162800;24306;24317;24301.5;24308.25;3044
20260320 162900;24308;24311.75;24301.75;24305.75;2095
20260320 163000;24306.25;24313.25;24303.25;24305.25;1656
20260320 163100;24305.75;24306.75;24282.5;24283.5;4244
20260320 163200;24284;24284.5;24262.5;24264;5425
20260320 163300;24263.5;24269.5;24254;24260.75;3795
20260320 163400;24260.25;24280.75;24259.25;24276.5;3819
20260320 163500;24276.5;24282.5;24266.25;24277.25;2551
20260320 163600;24277.25;24286;24263.5;24264;2911
20260320 163700;24263.5;24284.25;24261.5;24283;2786
20260320 163800;24283;24292.25;24274.25;24276.25;2591
20260320 163900;24277;24278.5;24262.25;24266;2299
20260320 164000;24265.5;24272.75;24258.25;24270.25;2000
20260320 164100;24269.75;24273.75;24260.75;24265.25;1500
20260320 164200;24265.75;24273.75;24259.5;24264.75;1542
20260320 164300;24264.5;24273.25;24259.25;24268.25;1352
20260320 164400;24267.75;24275.5;24263;24273.25;1425
20260320 164500;24273.25;24275.25;24264;24265.5;1324
20260320 164600;24265;24269.25;24259;24260;1538
20260320 164700;24260;24267.75;24259.25;24264.75;1538
20260320 164800;24264.75;24265.25;24246.25;24247.75;3217
20260320 164900;24247.75;24252.5;24242;24242.75;2354
20260320 165000;24243;24259.25;24241.25;24254.5;2482
20260320 165100;24255;24266;24254;24256.25;2803
20260320 165200;24256;24257.25;24238;24240.25;2718
20260320 165300;24240;24249.25;24235.25;24249;2411
20260320 165400;24248.75;24265.75;24247.75;24264;2837
20260320 165500;24263.5;24268.5;24258;24261.5;2139
20260320 165600;24261;24282.25;24259.5;24281;2821
20260320 165700;24280.75;24299.25;24279.75;24296.75;4212
20260320 165800;24296.25;24300;24281.75;24284.25;3236
20260320 165900;24284.75;24290.25;24280.25;24284.75;2339
20260320 170000;24285.5;24286.5;24262.25;24272.5;2913
20260320 170100;24272.25;24286.25;24272;24284;2172
20260320 170200;24284.25;24292.25;24278.75;24285.5;1768
20260320 170300;24286.25;24289.5;24280.25;24286;1352
20260320 170400;24286;24289.5;24276;24283.5;1468
20260320 170500;24283.75;24286.5;24280.5;24282.75;1150
20260320 170600;24282.5;24289.5;24225.5;24230.5;11297
20260320 170700;24231.5;24266.5;24230;24261.5;5618
20260320 170800;24261.75;24271.5;24253.75;24266.25;2786
20260320 170900;24266.5;24282;24256.5;24279.25;2811
20260320 171000;24279.75;24283;24266.5;24271.5;2262
20260320 171100;24271.5;24281.5;24258.25;24259;2517
20260320 171200;24259.5;24262;24251.75;24257.25;2516
20260320 171300;24258;24259.5;24248.75;24257;1811
20260320 171400;24256.75;24267.25;24249.5;24257.5;1842
20260320 171500;24257.25;24265;24247.25;24253.75;1712
20260320 171600;24253.5;24263.75;24249;24250.75;1956
20260320 171700;24250.75;24251.5;24239;24241;2451
20260320 171800;24240.5;24248.5;24237.25;24247.75;1837
20260320 171900;24247.25;24254.5;24240.5;24242.25;2083
20260320 172000;24242;24246;24236.75;24242.5;1519
20260320 172100;24243;24245;24238;24243.75;1360
20260320 172200;24243.25;24253.5;24242.75;24249;1932
20260320 172300;24248.75;24263;24248.25;24262.25;2063
20260320 172400;24262.25;24264.25;24252.5;24253.5;1956
20260320 172500;24253.5;24262.5;24245.75;24248.25;1818
20260320 172600;24248.5;24253;24239.75;24239.75;1977
20260320 172700;24240.25;24242.25;24229;24238.25;2619
20260320 172800;24238.25;24248;24232;24243.5;2155
20260320 172900;24243.5;24246.5;24228.5;24233.75;2170
20260320 173000;24233.5;24237.5;24228.75;24235;1488
20260320 173100;24236.5;24242.25;24234;24238.75;1764
20260320 173200;24240;24243;24226.25;24229.25;2221
20260320 173300;24228.75;24229.25;24210.25;24213;4716
20260320 173400;24213;24217.25;24204.25;24205;3420
20260320 173500;24205.5;24209.75;24200;24206.5;3486
20260320 173600;24206.5;24216;24192;24195.75;4299
20260320 173700;24195.25;24197.5;24170;24175;6267
20260320 173800;24175.25;24182;24168;24178.5;3544
20260320 173900;24179;24184;24173.5;24184;1947
20260320 174000;24183.25;24199.75;24182.75;24196.75;3152
20260320 174100;24196.5;24210.75;24188.5;24202;3541
20260320 174200;24202.5;24205.5;24191.5;24198.25;2113
20260320 174300;24198.25;24200;24183;24190.5;2228
20260320 174400;24190.75;24191.5;24180.75;24191;1712
20260320 174500;24190.5;24191.25;24179.5;24186.25;1938
20260320 174600;24186.5;24191.25;24178;24181.75;2175
20260320 174700;24181.75;24187.5;24172.25;24186.75;2461
20260320 174800;24186.5;24190;24169;24172.5;2771
20260320 174900;24172.25;24179.75;24164.5;24178.5;2904
20260320 175000;24179;24187.5;24176;24177;1911
20260320 175100;24177.25;24191.75;24172;24191.5;2146
20260320 175200;24191.75;24194.25;24184;24189;2047
20260320 175300;24188.75;24196;24188;24193;1453
20260320 175400;24192.5;24202.75;24189.25;24202.25;1925
20260320 175500;24202;24210.75;24196.75;24204.75;3349
20260320 175600;24204.5;24218;24204.5;24217;3064
20260320 175700;24217;24217.75;24207.75;24215.5;1942
20260320 175800;24214.75;24215.5;24208.75;24213;1381
20260320 175900;24214;24217.5;24205.25;24207.75;1644
20260320 180000;24208;24213.75;24203;24212.25;1606
20260320 180100;24211.75;24222.25;24208.5;24210.75;2989
20260320 180200;24211.25;24212.5;24199.75;24204;2545
20260320 180300;24204;24212.25;24199.25;24212;1466
20260320 180400;24211.5;24212.75;24196.75;24200.75;1892
20260320 180500;24200.5;24202.25;24190.5;24191.5;1879
20260320 180600;24192;24194.5;24182.75;24189.25;2591
20260320 180700;24188.75;24204.75;24185.75;24197.75;2788
20260320 180800;24198;24208;24192.5;24203.5;1996
20260320 180900;24203.5;24207.25;24190.5;24191.75;2446
20260320 181000;24191.75;24198.5;24180;24195.75;2778
20260320 181100;24195.25;24196;24175.5;24180.5;2756
20260320 181200;24180.75;24189.25;24178.75;24189;1782
20260320 181300;24189.25;24197.25;24183.5;24186.75;1856
20260320 181400;24186.25;24192;24182;24186;1032
20260320 181500;24186.75;24189;24181;24185.5;1104
20260320 181600;24185.5;24190;24178.25;24181.25;1626
20260320 181700;24180.5;24185;24174.5;24183.5;1468
20260320 181800;24183.5;24186;24171;24173;1862
20260320 181900;24172.75;24177.5;24169;24172.5;1920
20260320 182000;24172.75;24183;24171;24182.25;1738
20260320 182100;24182.25;24190.5;24159.25;24164;6010
20260320 182200;24163.75;24178.25;24148.5;24149.75;5606
20260320 182300;24150.5;24157.25;24118.75;24119.25;8182
20260320 182400;24119.25;24134.25;24113.5;24134;5866
20260320 182500;24133.5;24136;24115;24123.5;3245
20260320 182600;24123.75;24143;24123.25;24140.25;4054
20260320 182700;24140;24146.25;24135.25;24145;2625
20260320 182800;24146.25;24151;24138.5;24149;2763
20260320 182900;24149.25;24163.25;24136;24140.75;3692
20260320 183000;24140.5;24147;24136.25;24147;1580
20260320 183100;24146.25;24153.75;24136.25;24141.25;2499
20260320 183200;24140.25;24147;24126.5;24128;2314
20260320 183300;24127.75;24136.75;24125.75;24135.75;1976
20260320 183400;24136;24136.25;24127.25;24129.25;1541
20260320 183500;24129.75;24131.75;24119.75;24125;2287
20260320 183600;24125.5;24130.5;24117.5;24120.75;2337
20260320 183700;24121;24121.5;24105;24109;4330
20260320 183800;24108.5;24110;24100.25;24103.5;3010
20260320 183900;24103.75;24106.75;24096.25;24106.5;2988
20260320 184000;24106.5;24116;24101.25;24102;3722
20260320 184100;24102.5;24111;24096;24109;2897
20260320 184200;24109;24115.25;24096.5;24097.25;2673
20260320 184300;24097.75;24103.25;24088;24093.75;3347
20260320 184400;24093.75;24104.5;24088.75;24104;2395
20260320 184500;24103.75;24105;24089.5;24093.25;1979
20260320 184600;24093;24100.75;24088.5;24096.25;1821
20260320 184700;24096.5;24105.75;24090;24091.75;2111
20260320 184800;24091.75;24093.75;24086;24093.5;1801
20260320 184900;24093;24099.5;24082;24084;2515
20260320 185000;24084.5;24093.25;24079;24088.75;3087
20260320 185100;24088.75;24088.75;24077.75;24083.25;1957
20260320 185200;24083.25;24103.25;24080.75;24093.75;3363
20260320 185300;24093.5;24095;24086.75;24090;1710
20260320 185400;24090;24100;24090;24092;1547
20260320 185500;24091.75;24092;24082.25;24087.25;1452
20260320 185600;24086.25;24094.5;24079.5;24081.75;1978
20260320 185700;24082;24085;24078.5;24080.5;1258
20260320 185800;24079.5;24086.75;24073.25;24086;2854
20260320 185900;24086;24092;24080.25;24086;2472
20260320 190000;24087;24101.25;24087;24094.5;3098
20260320 190100;24094.75;24114.25;24094.25;24108.5;4475
20260320 190200;24108.5;24117;24104.75;24113.5;2998
20260320 190300;24113.5;24118.75;24106.5;24113.5;2244
20260320 190400;24114;24115.5;24101.25;24106.75;2077
20260320 190500;24106;24106.5;24092.75;24096.5;1972
20260320 190600;24096.5;24100.5;24085;24088.25;2180
20260320 190700;24087.75;24089.25;24072.5;24085.5;3490
20260320 190800;24085.5;24098.75;24082.5;24082.75;2890
20260320 190900;24083.25;24096.25;24082.75;24089;1452
20260320 191000;24088.75;24091;24084.25;24086;1298
20260320 191100;24085.75;24088;24077.25;24080.5;1669
20260320 191200;24080.5;24082;24065.5;24070.75;3860
20260320 191300;24071.5;24083;24070.5;24079;2558
20260320 191400;24079;24080.75;24071.25;24079;1387
20260320 191500;24079.25;24091.5;24075.75;24086.5;2797
20260320 191600;24086.25;24099;24081.25;24093;2443
20260320 191700;24092.25;24098;24082.75;24084.75;1954
20260320 191800;24085;24086.75;24078.75;24082.75;1984
20260320 191900;24082.75;24092.5;24078;24088.75;1823
20260320 192000;24088.5;24098;24086.75;24097.5;2067
20260320 192100;24097.25;24098;24078.25;24081.5;2326
20260320 192200;24081.75;24087.5;24069;24074;2671
20260320 192300;24074;24087.25;24073.75;24085.5;2112
20260320 192400;24085;24093.5;24080.5;24081;1426
20260320 192500;24081.5;24082.75;24048.25;24052;5897
20260320 192600;24052;24061.5;24048.75;24059.25;3131
20260320 192700;24059.25;24066.25;24056.5;24058.5;2314
20260320 192800;24058.5;24066;24057.75;24062.75;1878
20260320 192900;24062.5;24072;24058.25;24062.75;2343
20260320 193000;24062.5;24065.25;24050.5;24059;2389
20260320 193100;24060.25;24074.5;24059.75;24072.5;2163
20260320 193200;24073;24073;24051.25;24057;2478
20260320 193300;24057;24057.5;24042.75;24056.5;3347
20260320 193400;24056.75;24058.25;24039.5;24041.75;2695
20260320 193500;24041.5;24041.5;24026.75;24031.5;4329
20260320 193600;24031.25;24035.5;24011.75;24018.75;4624
20260320 193700;24018.75;24019;24001.5;24002.5;4129
20260320 193800;24002;24005;23981.5;23987.75;6949
20260320 193900;23987.75;23996.5;23970.75;23994.25;6269
20260320 194000;23994.25;24004.25;23989;24003.75;4752
20260320 194100;24003.25;24013;23997.75;24009.5;3469
20260320 194200;24009.5;24031.75;24007.75;24031;4148
20260320 194300;24030.5;24031.5;24012.75;24018.75;3926
20260320 194400;24018.75;24040.25;24016.25;24039;4485
20260320 194500;24039.25;24055.75;24029.75;24051.5;4656
20260320 194600;24051.25;24053.5;24033.75;24040.25;4417
20260320 194700;24040.5;24054.75;24033;24039.75;3451
20260320 194800;24040;24050.75;24033.25;24050;2359
20260320 194900;24050.25;24051;24028;24030.5;3071
20260320 195000;24030.25;24036.75;24016;24024.75;3408
20260320 195100;24024;24040.5;24016.25;24034.75;5045
20260320 195200;24035.25;24045.25;24027;24039.25;3374
20260320 195300;24039.75;24053.5;24033.75;24052.5;2883
20260320 195400;24053.5;24070;24046;24066.75;5758
20260320 195500;24067;24071.25;24052.25;24065;5209
20260320 195600;24064.75;24095;24062;24093.75;6742
20260320 195700;24094;24102;24087.25;24093.25;4579
20260320 195800;24093.5;24105.5;24089.75;24098;3382
20260320 195900;24098.5;24105;24094;24103.5;3105
20260320 200000;24103.75;24114.5;24089.25;24114.5;10035
20260320 200100;24114;24132.75;24095.5;24131.5;6652
20260320 200200;24131.5;24139.25;24126.25;24129.5;3621
20260320 200300;24130.5;24134;24124;24127.25;1902
20260320 200400;24127.25;24144.5;24125.5;24140.5;1884
20260320 200500;24140;24142.75;24128.5;24129.75;2110
20260320 200600;24129.25;24130;24113.75;24119.5;2540
20260320 200700;24119.25;24133;24118;24132.25;1320
20260320 200800;24132.25;24134.5;24125;24126.25;1234
20260320 200900;24126.25;24129.5;24123.25;24123.5;827
20260320 201000;24124;24128.25;24120;24121.25;1025
20260320 201100;24120.75;24141.25;24120;24138.5;1756
20260320 201200;24138.25;24141.5;24134.5;24137.75;819
20260320 201300;24138.25;24143.75;24136.5;24142.5;863
20260320 201400;24142.5;24150;24141;24145.5;1452
20260320 201500;24145.25;24151.25;24141.5;24144.5;1338
20260320 201600;24144.5;24147;24137.75;24137.75;1093
20260320 201700;24137.5;24142.25;24132.25;24141.25;867
20260320 201800;24141.75;24147;24140.25;24143;666
20260320 201900;24142.75;24142.75;24132;24132.75;674
20260320 202000;24132.5;24134.75;24127.5;24132.75;742
20260320 202100;24132;24133.5;24125.5;24131.5;958
20260320 202200;24131;24136;24129.25;24132.5;420
20260320 202300;24132.5;24135;24128.25;24133.5;408
20260320 202400;24133.75;24137.25;24133.25;24135.25;404
20260320 202500;24135.25;24135.75;24128;24129;363
20260320 202600;24129.25;24132.75;24127.5;24132;372
20260320 202700;24131.75;24139.25;24131;24135;993
20260320 202800;24135.75;24136.75;24129.75;24134.75;515
20260320 202900;24134;24134.75;24128;24131;558
20260320 203000;24131;24136.25;24130;24134.5;361
20260320 203100;24134.25;24135.25;24131.25;24131.75;273
20260320 203200;24132.25;24142.25;24132.25;24141.75;581
20260320 203300;24142.25;24150.5;24140.75;24149.25;646
20260320 203400;24149.5;24153.5;24147.5;24149.25;577
20260320 203500;24148.75;24152.25;24148.5;24151.5;349
20260320 203600;24152.25;24158.75;24150.25;24157;786
20260320 203700;24156.75;24157.75;24153.75;24157;448
20260320 203800;24157;24163.75;24153.25;24160.25;964
20260320 203900;24160;24175.5;24157.75;24169;1071
20260320 204000;24168.5;24173.25;24165;24171.25;606
20260320 204100;24171.25;24171.75;24166.5;24169.75;500
20260320 204200;24169.75;24171.25;24167.25;24169.75;369
20260320 204300;24170;24177.25;24169.5;24171.75;771
20260320 204400;24172.25;24174.75;24168.5;24171.25;481
20260320 204500;24171.5;24179.5;24169.75;24173.25;656
20260320 204600;24173.25;24189.25;24173;24180.25;1167
20260320 204700;24179.75;24192.25;24179.25;24187.75;846
20260320 204800;24187.25;24205.75;24187.25;24205;1174
20260320 204900;24204.75;24210;24198.25;24201.25;853
20260320 205000;24201.75;24207.5;24196.75;24207;777
20260320 205100;24207;24215.5;24205.25;24206.5;678
20260320 205200;24205.5;24211.25;24198;24205.25;824
20260320 205300;24205.5;24206.25;24196.5;24199.25;586
20260320 205400;24199.5;24203;24196.75;24200.75;518
20260320 205500;24201.5;24210.25;24200;24205.25;569
20260320 205600;24204.75;24215.75;24204.5;24213.25;865
20260320 205700;24213.25;24215;24204.5;24208.25;443
20260320 205800;24209;24211.75;24202.25;24211.25;456
20260320 205900;24210.25;24211.25;24204;24206.75;528
20260320 210000;24207;24219.75;24204.25;24217;728
20260322 220100;23914;23972.25;23888;23945.5;5319
20260322 220200;23947.5;23969;23925;23938.75;3395
20260322 220300;23939.25;23960;23921;23957.5;2259
20260322 220400;23957.5;23997;23950;23989;2762
20260322 220500;23988.25;23997;23966.5;23971.75;2050
20260322 220600;23972;23991.5;23964.5;23990.75;2012
20260322 220700;23991.25;23998.25;23966.75;23977.25;1724
20260322 220800;23978.75;23999;23978.25;23983;1316
20260322 220900;23981.75;24006.5;23972.5;23998.25;1999
20260322 221000;23999.25;24021.75;23997;24007.75;2221
20260322 221100;24007.75;24008;23978.75;23985.75;2200
20260322 221200;23985.75;23991;23962.75;23970.25;1893
20260322 221300;23969.25;23975;23956.25;23963.5;1300
20260322 221400;23963.5;23982.75;23957.25;23981;1190
20260322 221500;23980.75;23983;23963;23971.5;997
20260322 221600;23970.75;23985;23968.5;23982;1001
20260322 221700;23983.25;23989;23974.75;23978.5;918
20260322 221800;23977;24003.75;23975.75;23991;1569
20260322 221900;23990.75;24002.75;23981.25;23988.75;991
20260322 222000;23989;23999.25;23982;23990.5;916
20260322 222100;23989.75;23998;23977.5;23995.25;840
20260322 222200;23993.75;24010.5;23987.75;24008.25;1123
20260322 222300;24008.5;24026;24007.25;24016.75;1947
20260322 222400;24017;24041.75;24003.5;24035.5;1790
20260322 222500;24036.5;24059.25;24031;24042.25;2746
20260322 222600;24042.5;24062.25;24037.5;24053.75;1362
20260322 222700;24054.75;24076.75;24053.5;24069.75;1853
20260322 222800;24069.25;24075;24064.75;24066.5;1299
20260322 222900;24066.5;24095.75;24065.25;24087;1582
20260322 223000;24086;24086.25;24065.25;24067.75;1423
20260322 223100;24070.5;24090.5;24069.75;24086.25;944
20260322 223200;24086;24094.25;24084;24086;793
20260322 223300;24086;24086;24063.25;24071.25;1414
20260322 223400;24071;24075.5;24057.25;24066.75;1295
20260322 223500;24066.75;24070;24043.25;24046;1392
20260322 223600;24044.75;24076;24044.75;24055.25;1523
20260322 223700;24055.5;24056;24038;24049.25;924
20260322 223800;24049.5;24066.25;24049;24058.25;947
20260322 223900;24059;24060.75;24049.25;24049.25;432
20260322 224000;24049;24055.25;24038;24039;853
20260322 224100;24039.75;24057.75;24029.5;24054.75;1345
20260322 224200;24054.5;24055.25;24040;24042;522
20260322 224300;24042.5;24045;24033;24035.25;622
20260322 224400;24034.25;24035.5;24021;24029.25;1357
20260322 224500;24029;24033;24025;24029;504
20260322 224600;24029.25;24043;24028.75;24037.5;846
20260322 224700;24037.75;24046.5;24033.25;24045;680
20260322 224800;24045;24045;24030;24033.25;581
20260322 224900;24033.25;24036.5;24028.25;24036.25;490
20260322 225000;24036.75;24046.25;24033;24041.5;505
20260322 225100;24041.5;24067.75;24039;24060.75;1657
20260322 225200;24061.25;24061.25;24048.25;24055.75;563
20260322 225300;24055.25;24070;24054.75;24058;811
20260322 225400;24058.75;24063.25;24055.25;24058.75;428
20260322 225500;24058.25;24059;24040.75;24046.5;854
20260322 225600;24046.25;24055.5;24044.25;24053.75;427
20260322 225700;24055.25;24065.25;24053.75;24058.25;574
20260322 225800;24059;24060.75;24051;24060.25;405
20260322 225900;24057.25;24057.25;24038.25;24039.25;877
20260322 230000;24038;24048.75;24037.25;24044.25;633
20260322 230100;24045;24058.25;24043;24055.25;760
20260322 230200;24054.5;24070;24054;24062.75;993
20260322 230300;24062.5;24072;24053.5;24068;858
20260322 230400;24068;24078.5;24068;24071.25;924
20260322 230500;24070.25;24077.5;24068;24069;529
20260322 230600;24069;24077.5;24068;24072.5;461
20260322 230700;24073.25;24075.25;24064.5;24065;488
20260322 230800;24065;24073.5;24065;24072.25;322
20260322 230900;24071;24072.5;24061.25;24064;468
20260322 231000;24064;24071.5;24063.25;24071;355
20260322 231100;24071.25;24082.75;24069;24073.25;1233
20260322 231200;24073.25;24077;24068.75;24073.5;465
20260322 231300;24073.25;24084.25;24072.75;24080.5;478
20260322 231400;24080.25;24081.75;24077.25;24078.5;355
20260322 231500;24078.75;24082;24075;24077.5;448
20260322 231600;24077.75;24083.5;24077;24082.75;369
20260322 231700;24082.25;24082.75;24070;24071.75;643
20260322 231800;24072.25;24075.75;24068;24073.75;620
20260322 231900;24074;24076.25;24064.75;24067.5;440
20260322 232000;24067.25;24068;24044.5;24050.25;1643
20260322 232100;24049.75;24056.25;24045.5;24047.5;684
20260322 232200;24046.75;24054.75;24035.25;24040.75;1186
20260322 232300;24040.25;24049.5;24035.5;24048.75;861
20260322 232400;24048.25;24052.5;24042.25;24046.75;672
20260322 232500;24047.5;24048.5;24040;24045;428
20260322 232600;24046.25;24050.75;24043.75;24048;421
20260322 232700;24048.5;24048.5;24038.75;24042.5;364
20260322 232800;24042;24052.25;24040;24046.75;573
20260322 232900;24046.5;24047;24030.75;24032;701
20260322 233000;24032.75;24039.5;24032;24036.25;430
20260322 233100;24035.25;24041.25;24032.75;24038.5;589
20260322 233200;24039.5;24051.25;24038;24038;717
20260322 233300;24038.25;24042.25;24033.5;24034.75;521
20260322 233400;24035.5;24037.5;24025;24032.5;792
20260322 233500;24031.75;24033;24024.25;24027.75;694
20260322 233600;24028.75;24033;24025.75;24028.75;467
20260322 233700;24028.75;24038.75;24026.5;24036;638
20260322 233800;24035.75;24038.5;24029.25;24031.25;457
20260322 233900;24032.25;24040.75;24031;24039.5;568
20260322 234000;24039.25;24043;24032.25;24034;667
20260322 234100;24034;24037.75;24028.75;24037.75;500
20260322 234200;24037.75;24038.75;24030.25;24035.75;522
20260322 234300;24035.75;24044.25;24034.5;24039.75;470
20260322 234400;24040.5;24042.75;24036.75;24038;417
20260322 234500;24038.25;24044.25;24037.5;24038.25;327
20260322 234600;24038.25;24039.75;24005.5;24013;2792
20260322 234700;24013;24033.75;24011.5;24026.75;1669
20260322 234800;24027;24036;24019;24023.75;1003
20260322 234900;24023.25;24033.5;24023;24025.5;846
20260322 235000;24025.25;24025.25;24005.25;24007.5;1342
20260322 235100;24007.5;24019.5;24003.25;24007.5;1478
20260322 235200;24008.25;24011.75;24004;24009.75;640
20260322 235300;24010.25;24017.75;24007.5;24007.5;613
20260322 235400;24006.75;24006.75;23983.5;23985;2039
20260322 235500;23985.5;23989.25;23975;23980;1704
20260322 235600;23980;23994.75;23979.5;23988.25;1385
20260322 235700;23988.5;24002.25;23984;24001.25;996
20260322 235800;24002;24002.75;23982.75;23983.75;1068
20260322 235900;23984.25;23989.75;23979;23983.5;757
20260323 000000;23983;24009.5;23983;24006;1342
20260323 000100;24006.75;24025.5;24005;24009.25;2550
20260323 000200;24008.5;24018;24007.5;24010.5;1200
20260323 000300;24011.75;24012.5;23997.75;24002;1493
20260323 000400;24002;24004.75;23990;23996.5;1215
20260323 000500;23996.5;24015.75;23993.25;24005;1164
20260323 000600;24005.5;24007.75;23972;23973.75;1925
20260323 000700;23973.5;24013.5;23973.5;24011.25;2259
20260323 000800;24011;24022.25;24002;24018.25;1491
20260323 000900;24018.5;24036.5;24016.5;24022.25;1808
20260323 001000;24022.25;24031.75;24020.25;24023.75;937
20260323 001100;24024;24039.25;24021;24030.5;1260
20260323 001200;24031.75;24059.5;24031.5;24054.5;2348
20260323 001300;24055.25;24070.25;24048.25;24067.5;1678
20260323 001400;24066.5;24072.25;24063.5;24068.25;782
20260323 001500;24067.75;24069.25;24052.75;24056.25;1358
20260323 001600;24056;24061.5;24039.25;24042.75;1595
20260323 001700;24043;24058.25;24032.25;24051.5;1392
20260323 001800;24050.75;24059.5;24046.25;24050.5;820
20260323 001900;24049.75;24053;24045.75;24049;587
20260323 002000;24049;24059.5;24046.25;24046.25;858
20260323 002100;24046.5;24060.5;24043.5;24057.25;887
20260323 002200;24058;24084.25;24056.75;24079.75;2308
20260323 002300;24080;24086.75;24075.5;24083.75;1283
20260323 002400;24083.75;24090.25;24082.5;24085.25;1120
20260323 002500;24085.25;24086.5;24068;24073;1074
20260323 002600;24073.25;24080.75;24070;24072;666
20260323 002700;24072.25;24080;24064.75;24066.5;823
20260323 002800;24067.25;24068;24054;24056.5;1194
20260323 002900;24056;24064.25;24050.25;24051.5;889
20260323 003000;24052.75;24057.25;24045.25;24051;794
20260323 003100;24050.25;24052;24044.5;24048;462
20260323 003200;24047.5;24057;24043;24043.5;915
20260323 003300;24044.25;24044.75;24023.25;24027;1515
20260323 003400;24026;24026;24013.5;24014.5;1574
20260323 003500;24013.5;24019;23998.25;24001.25;1688
20260323 003600;24001;24007.5;23986.5;23988.75;1746
20260323 003700;23989;23995.75;23976.5;23978;1901
20260323 003800;23977.25;23986.75;23971;23973.25;1942
20260323 003900;23972.75;23981.5;23968;23974.5;1514
20260323 004000;23974.25;23977.25;23965;23966;1246
20260323 004100;23966.25;23968;23954.25;23961;1777
20260323 004200;23960.25;23972.25;23953.25;23963.25;1566
20260323 004300;23964;23969.25;23957.25;23959.75;922
20260323 004400;23959.5;23979.5;23958.25;23978.75;1148
20260323 004500;23978.5;23994.5;23978.5;23988.75;1928
20260323 004600;23989.5;23993.75;23983;23989.75;1153
20260323 004700;23989.75;23993.25;23973;23982.5;1418
20260323 004800;23982.75;23992.5;23978;23988.5;928
20260323 004900;23989.25;23992;23971.75;23978.75;924
20260323 005000;23976.25;23986.75;23967.5;23984.75;1343
20260323 005100;23983.75;23994;23979;23981.5;985
20260323 005200;23982.5;23993.75;23975.75;23978;939
20260323 005300;23978;23978;23958;23967;1574
20260323 005400;23967.75;23970.5;23959.75;23966.25;969
20260323 005500;23965.5;23966;23948;23953.5;1382
20260323 005600;23952.75;23964;23943.5;23945.5;1669
20260323 005700;23946.25;23962.75;23940.5;23957;1765
20260323 005800;23956.5;23960.5;23953.5;23958.5;668
20260323 005900;23958;23966;23958;23962;1139
20260323 010000;23961.75;23964.5;23949.5;23950;915
20260323 010100;23950;23962.5;23938;23946;1593
20260323 010200;23945.25;23961;23936;23952.75;1799
20260323 010300;23952.25;23959;23942;23949;1058
20260323 010400;23949.75;23957;23941.5;23954.25;1072
20260323 010500;23953.75;23974.75;23953.5;23968.5;1967
20260323 010600;23966.75;23973.5;23952;23969;1365
20260323 010700;23969;23990;23966.25;23989.5;1428
20260323 010800;23990;23997;23985.25;23995;1428
20260323 010900;23995.5;24006;23993;23995;1581
20260323 011000;23995.75;23997.25;23979;23982.5;1220
20260323 011100;23982.25;23986.5;23972.75;23979.5;1097
20260323 011200;23980;23987.5;23968.5;23985;1306
20260323 011300;23985.25;23993.25;23976.75;23989.75;676
20260323 011400;23989.5;23996;23977.5;23992.5;877
20260323 011500;23993.25;23998.25;23990;23993.75;578
20260323 011600;23993.75;24009.5;23988;24006;1413
20260323 011700;24006.25;24018.25;24005.5;24014.5;1436
20260323 011800;24014.75;24016;24008.5;24012.5;719
20260323 011900;24012.5;24014.5;24001.5;24009.75;941
20260323 012000;24009.75;24023.75;24008.25;24023.25;1064
20260323 012100;24023;24024;24010;24016.75;1007
20260323 012200;24016.5;24021;24012;24015.25;533
20260323 012300;24015;24032.75;24013.75;24027.5;876
20260323 012400;24028.5;24032.25;24021.75;24030;1254
20260323 012500;24029.5;24031.75;24024.25;24025.75;416
20260323 012600;24025;24028;24016.75;24028;674
20260323 012700;24028;24036.75;24025.25;24032.25;877
20260323 012800;24032.75;24035;24027;24029.5;670
20260323 012900;24029.25;24033;24026;24032.75;560
20260323 013000;24033.25;24034;24026.75;24028.25;468
20260323 013100;24028.75;24032.5;24012.75;24019;1267
20260323 013200;24018.75;24049;24015.5;24039.5;2072
20260323 013300;24038.25;24046;24033.75;24036;976
20260323 013400;24037;24043.5;24032.5;24036.25;846
20260323 013500;24036;24037.75;24027.5;24034.75;817
20260323 013600;24035.75;24044.25;24032;24040.25;737
20260323 013700;24040.25;24049.25;24028.75;24043.25;965
20260323 013800;24042;24060;24041.5;24054.75;1217
20260323 013900;24053.75;24072.75;24052.75;24065.25;1717
20260323 014000;24064.5;24069.25;24056.75;24064.25;1087
20260323 014100;24064;24070;24060.75;24063.5;691
20260323 014200;24063;24067.5;24057.25;24064;823
20260323 014300;24064;24064;24055.75;24058.75;878
20260323 014400;24057.75;24061.25;24055;24057.25;584
20260323 014500;24057.25;24065.25;24053;24064;668
20260323 014600;24064.25;24065.5;24055;24057.25;549
20260323 014700;24057.5;24071.75;24053.75;24068.25;963
20260323 014800;24069;24070.75;24050;24052.25;996
20260323 014900;24052.25;24054;24046.25;24047.75;868
20260323 015000;24048.25;24053.75;24043;24046.25;774
20260323 015100;24047;24049.5;24041.5;24043.5;588
20260323 015200;24044;24057.5;24044;24048;1103
20260323 015300;24048.25;24050.75;24035.25;24038.25;987
20260323 015400;24038.75;24052.5;24036.5;24047.75;1061
20260323 015500;24049;24052;24045.25;24047.25;457
20260323 015600;24048;24058.75;24048;24056.25;640
20260323 015700;24055;24061.5;24050.5;24058.5;653
20260323 015800;24058.75;24058.75;24042.5;24044.5;826
20260323 015900;24043.5;24051;24042.5;24045;832
20260323 020000;24045;24047.5;24041;24044;487
20260323 020100;24044.75;24049;24038.25;24046;773
20260323 020200;24046;24057;24043.5;24055.5;713
20260323 020300;24055.25;24059;24046;24049.75;650
20260323 020400;24049;24051.75;24039.75;24043.5;739
20260323 020500;24043.25;24051.25;24040.5;24048.5;417
20260323 020600;24048.25;24050.75;24043.75;24046;450
20260323 020700;24046.25;24057.25;24045.75;24055.5;629
20260323 020800;24056;24061.75;24051.75;24059.75;741
20260323 020900;24058.5;24062.5;24054.25;24061.25;755
20260323 021000;24061.25;24063;24053.25;24059.75;580
20260323 021100;24059.5;24065;24051.25;24057.25;692
20260323 021200;24057;24057;24048;24051;498
20260323 021300;24051.75;24052;24037.5;24039.5;789
20260323 021400;24039;24039.25;24027.5;24031.5;1244
20260323 021500;24032;24037;24027.75;24033.5;743
20260323 021600;24033.5;24036.5;24024.75;24026.5;878
20260323 021700;24025.5;24049;24022.25;24045;1400
20260323 021800;24045.5;24046.75;24032.5;24035;1033
20260323 021900;24035;24043.5;24030.75;24041;628
20260323 022000;24041.75;24043.75;24035.25;24039.5;459
20260323 022100;24039.5;24051.75;24037.25;24048.25;823
20260323 022200;24047.75;24057.25;24044.25;24054.25;1058
20260323 022300;24053.75;24055.75;24046.25;24047.75;579
20260323 022400;24047.75;24050.75;24044.5;24048.75;428
20260323 022500;24047.75;24050.25;24043.5;24046.5;367
20260323 022600;24045.25;24055;24044.75;24052.25;361
20260323 022700;24052;24068.5;24050;24062.25;1315
20260323 022800;24063;24064;24047.75;24048.75;717
20260323 022900;24050;24050;24037.5;24040.5;891
20260323 023000;24041.25;24047;24038;24044.5;471
20260323 023100;24043.5;24046.5;24039.25;24045;488
20260323 023200;24044;24046;24036.25;24041.75;584
20260323 023300;24041;24047;24037.5;24039.5;595
20260323 023400;24039.75;24039.75;24032.75;24034.75;577
20260323 023500;24035.5;24037.5;24032;24033.75;290
20260323 023600;24033.25;24037;24029.5;24031.25;556
20260323 023700;24030.5;24037.25;24030;24030;353
20260323 023800;24029.5;24029.75;24019.25;24022;1254
20260323 023900;24021.5;24023;24016.75;24020.25;745
20260323 024000;24021;24023.75;24015;24015;712
20260323 024100;24014.75;24024.5;24014;24019.5;876
20260323 024200;24019.25;24027;24011.25;24021.5;978
20260323 024300;24022;24029;24022;24026;678
20260323 024400;24026;24028.5;24019;24020.75;585
20260323 024500;24021.25;24022.75;24012.25;24014;424
20260323 024600;24014;24016.25;24010;24013;588
20260323 024700;24012.25;24013;24006.25;24006.75;776
20260323 024800;24007.5;24014;24005.75;24007.25;639
20260323 024900;24007.25;24011.25;23998.25;24001;874
20260323 025000;24000.75;24004.75;23999.5;24000;393
20260323 025100;23999.75;24005.5;23998.5;24000.5;660
20260323 025200;24000.25;24004.75;23997;23999.5;425
20260323 025300;24001.25;24005.5;23996.75;23999;648
20260323 025400;23998.25;24000;23989.25;23994.75;867
20260323 025500;23995;24002;23993;23999;745
20260323 025600;23998.75;24004;23998.5;24002.75;473
20260323 025700;24003;24010;24002;24004.25;920
20260323 025800;24004.5;24006.75;24003;24004.5;265
20260323 025900;24004;24015.75;24003.5;24012.5;766
20260323 030000;24013;24014.25;24008.75;24009.25;409
20260323 030100;24009.25;24019.5;24009;24018.25;626
20260323 030200;24017;24022.25;24010.75;24021.25;735
20260323 030300;24022.25;24027;24020.5;24027;703
20260323 030400;24026.5;24026.75;24018.75;24020.75;390
20260323 030500;24021.25;24024;24016.5;24022.5;470
20260323 030600;24021.75;24022.75;24007.75;24009.25;697
20260323 030700;24009.25;24016.5;24009.25;24012.75;555
20260323 030800;24012.5;24020.25;24010.25;24018.5;447
20260323 030900;24018;24018.75;24005.5;24006;632
20260323 031000;24006;24009.5;24004.5;24005.75;415
20260323 031100;24006;24010.25;24003;24004.25;364
20260323 031200;24003.75;24005.5;23997;23998.75;789
20260323 031300;23998;23998.25;23978.5;23982;1449
20260323 031400;23981.5;23988;23980.25;23984.25;946
20260323 031500;23984.25;23986.25;23976.75;23979.25;615
20260323 031600;23979.5;23983;23974.25;23975.25;718
20260323 031700;23975.75;23993.5;23975.75;23983.75;1082
20260323 031800;23983.75;23988;23982.5;23985.25;468
20260323 031900;23985;23985.5;23972;23975.75;1091
20260323 032000;23976.25;23984.75;23976.25;23983.75;681
20260323 032100;23983.25;23996;23982.75;23994.75;1379
20260323 032200;23993;23998.5;23991;23994.25;595
20260323 032300;23994.25;23996.75;23993;23995;269
20260323 032400;23995.25;23995.25;23987;23990.5;525
20260323 032500;23990;23994;23985;23988.5;497
20260323 032600;23989.25;23995.5;23988;23993.25;416
20260323 032700;23993;24004;23992.25;24002;769
20260323 032800;24002.25;24002.5;23990.25;23991.75;562
20260323 032900;23992.25;23995.25;23989;23992.25;483
20260323 033000;23992;23996;23991;23994;308
20260323 033100;23994.25;23997.25;23984.75;23988.75;625
20260323 033200;23988.5;23998.25;23988.5;23997.75;456
20260323 033300;23998.25;23998.25;23991;23991.75;376
20260323 033400;23991.25;23992.75;23979.75;23983.5;796
20260323 033500;23983.25;24001.5;23982.75;24000.75;733
20260323 033600;24000.25;24002.75;23991.5;23996.75;601
20260323 033700;23996.25;23996.25;23987.25;23991.25;437
20260323 033800;23991.25;23997.5;23989.25;23992.5;362
20260323 033900;23993.25;23997.5;23990.5;23996.25;264
20260323 034000;23997;23998.75;23988;23989.75;332
20260323 034100;23990.5;23995;23985;23986;349
20260323 034200;23986.75;23988.5;23982;23983;335
20260323 034300;23981.75;23983.5;23973;23979;777
20260323 034400;23979.25;23981.75;23973;23975.25;579
20260323 034500;23974.75;23988.75;23972.75;23986;606
20260323 034600;23986.25;23987.5;23974.5;23978;409
20260323 034700;23977.5;23992;23976.75;23983.75;629
20260323 034800;23983.5;23988;23979.25;23980.75;282
20260323 034900;23981;23983.5;23971.5;23976.25;490
20260323 035000;23975.75;23977.75;23969.25;23972.5;537
20260323 035100;23972.5;23974.25;23963;23967.75;632
20260323 035200;23967.75;23977;23966.25;23975.25;582
20260323 035300;23975.25;23977;23970;23970.75;342
20260323 035400;23971;23972;23957.5;23966.25;881
20260323 035500;23965.75;23966;23957;23958.25;499
20260323 035600;23959;23960;23953.25;23954.5;538
20260323 035700;23955;23961.5;23954;23955.5;520
20260323 035800;23956.5;23958;23953.25;23953.75;328
20260323 035900;23953.5;23955;23950;23954.25;525
20260323 040000;23954.5;23958;23949.75;23953.25;654
20260323 040100;23953.25;23967.5;23952.75;23967.5;992
20260323 040200;23967;23969.25;23957;23958.5;644
20260323 040300;23958.75;23961.25;23946;23950.25;646
20260323 040400;23951;23952.75;23945.75;23947;571
20260323 040500;23947.5;23953.75;23945.75;23952.25;453
20260323 040600;23951.75;23958.25;23949.75;23955.25;455
20260323 040700;23955.25;23968.75;23953.25;23967;728
20260323 040800;23966.5;23970.25;23959;23960.75;502
20260323 040900;23961.25;23962.5;23954;23960;376
20260323 041000;23959.25;23963.75;23956.25;23958;305
20260323 041100;23958;23963.25;23958;23960.25;192
20260323 041200;23960.25;23966.5;23959.5;23964.25;282
20260323 041300;23964.25;23966;23959;23963.25;267
20260323 041400;23963;23971.25;23962.5;23967.75;353
20260323 041500;23967.25;23969.75;23963.75;23968;291
20260323 041600;23969;23971;23965.5;23970;209
20260323 041700;23969.75;23981;23968.25;23980.5;758
20260323 041800;23981;23985.5;23977.25;23983.25;717
20260323 041900;23983;23983.25;23973.25;23974.25;390
20260323 042000;23974.5;23980;23970.25;23980;408
20260323 042100;23980;23981.25;23968.25;23970;447
20260323 042200;23971;23983.5;23970.75;23982.25;439
20260323 042300;23982.25;23984;23979.25;23982.75;284
20260323 042400;23982.5;23982.5;23974.5;23976.5;266
20260323 042500;23976.75;23984;23975.75;23983.25;321
20260323 042600;23982.5;23984.5;23979.25;23983.75;190
20260323 042700;23983.75;23992.75;23981.75;23991.5;711
20260323 042800;23992;23995.5;23983.75;23985.5;742
20260323 042900;23984.75;23993.75;23984.75;23987.75;387
20260323 043000;23988;23990.75;23986;23990.5;213
20260323 043100;23989.5;23990.25;23985;23987.25;346
20260323 043200;23987;23995.5;23987;23991.5;344
20260323 043300;23992.25;23993.75;23989.25;23992.75;226
20260323 043400;23992.75;23993.25;23987.75;23990.75;184
20260323 043500;23990.75;23993.75;23987.5;23992;283
20260323 043600;23993.25;23996;23991.5;23995;185
20260323 043700;23995;23999.75;23993.75;23999;338
20260323 043800;23999;24002.5;23997;23999.5;445
20260323 043900;23999.5;24003.5;23997.25;24002;383
20260323 044000;24002.25;24004.25;23998;24000.5;342
20260323 044100;24002;24002.25;23994.5;23996.5;389
20260323 044200;23996.5;24002;23996;23998.25;195
20260323 044300;23999.25;23999.25;23993;23995.25;276
20260323 044400;23995.25;23996.25;23989.5;23992;454
20260323 044500;23992.25;23992.25;23983.25;23985;491
20260323 044600;23985.5;23989.5;23985;23986.25;217
20260323 044700;23986.5;23989.75;23984;23984.75;333
20260323 044800;23984.5;23997.25;23983.25;23992.75;506
20260323 044900;23992.75;23993.75;23986.5;23989.25;250
20260323 045000;23988.25;23989;23976;23978.5;682
20260323 045100;23978.5;23983.25;23976.25;23979.5;413
20260323 045200;23980;23985;23977.5;23983.25;344
20260323 045300;23984;23987.25;23980;23986.25;295
20260323 045400;23987;23987.25;23981;23982;180
20260323 045500;23982;23986.25;23979.75;23983.75;288
20260323 045600;23982.75;23994.25;23982.75;23987.25;505
20260323 045700;23987.75;24003.5;23987.75;23998.75;800
20260323 045800;23999.25;24001.5;23996.5;24001;337
20260323 045900;24000.5;24002.5;23998.5;23998.75;208
20260323 050000;23998.5;23999.25;23993.25;23996.5;361
20260323 050100;23997;24008;23993.5;24001;783
20260323 050200;24001.25;24005.25;23999;24004.25;286
20260323 050300;24005;24007.25;24002.75;24005.5;363
20260323 050400;24005;24015.5;24003.75;24014;616
20260323 050500;24013.75;24017.25;24004.25;24004.5;697
20260323 050600;24004.75;24019.75;24004.75;24019.75;574
20260323 050700;24020;24031.5;24014.75;24030;925
20260323 050800;24030;24033.5;24027.25;24029.25;577
20260323 050900;24028.75;24028.75;24012;24012.5;771
20260323 051000;24012;24016.75;24007;24007;568
20260323 051100;24006.75;24008.75;23999.75;24002.5;666
20260323 051200;24002.75;24007.25;24000;24002.5;461
20260323 051300;24001.75;24011.75;24001.75;24010.5;534
20260323 051400;24010.5;24016.25;24008.75;24015.75;363
20260323 051500;24015.75;24017.25;24012.25;24014;271
20260323 051600;24013;24021.5;24012.5;24020.5;376
20260323 051700;24020.25;24022.25;24018.5;24021;291
20260323 051800;24020.5;24023.25;24017.5;24017.75;307
20260323 051900;24018.5;24021.75;24010.25;24011.25;500
20260323 052000;24011.75;24012.25;24006.5;24010.75;483
20260323 052100;24010.75;24010.75;23994;23995.75;1008
20260323 052200;23995.75;24001.25;23993.5;23998;457
20260323 052300;23998;24003.5;23988.25;23990.25;688
20260323 052400;23989.75;23992.25;23984.25;23988.75;458
20260323 052500;23988.75;23991;23981.5;23983;455
20260323 052600;23983.5;23985.75;23979.75;23981;381
20260323 052700;23981;23990;23978.75;23989.5;533
20260323 052800;23989.25;23990.5;23983;23985;280
20260323 052900;23984.5;23988.75;23983.75;23988.25;218
20260323 053000;23988;23989.25;23983.75;23984.75;246
20260323 053100;23984.75;23986.75;23959.75;23964;1601
20260323 053200;23963.5;23970;23957.5;23959.25;910
20260323 053300;23958.75;23964.5;23948.5;23951.25;927
20260323 053400;23951.5;23951.5;23937.5;23944.75;1303
20260323 053500;23944.5;23965.75;23943.25;23959.75;1016
20260323 053600;23959;23967;23956.75;23965.75;544
20260323 053700;23965.5;23983.25;23962.5;23982.5;975
20260323 053800;23982;24002.75;23980.75;23999.5;1067
20260323 053900;23999.25;24002.75;23987.75;23991;939
20260323 054000;23990.5;23992;23983.5;23988.25;488
20260323 054100;23988.25;23990.5;23976.5;23980;682
20260323 054200;23980.75;23986.5;23973.5;23985;663
20260323 054300;23985.5;23986.5;23972.75;23973.5;516
20260323 054400;23973.5;23977.5;23969.75;23972.25;451
20260323 054500;23972;23975;23961.75;23966.5;444
20260323 054600;23965;23966;23958;23958.75;572
20260323 054700;23959.25;23961;23952.5;23954.75;510
20260323 054800;23955.5;23958.75;23949.75;23950;450
20260323 054900;23949.75;23950.5;23944.75;23947.25;522
20260323 055000;23946.75;23951.75;23944.75;23944.75;434
20260323 055100;23945;23951.5;23943.75;23946.75;497
20260323 055200;23946.25;23958.75;23943.75;23955;728
20260323 055300;23955;23955.5;23933.75;23939.5;1391
20260323 055400;23940.5;23947.75;23935.25;23946.5;569
20260323 055500;23946.25;23952.5;23946.25;23951;425
20260323 055600;23951;23964.75;23947.75;23963;726
20260323 055700;23963;23978.5;23960.25;23978.5;954
20260323 055800;23978.5;23979.5;23972.5;23976;605
20260323 055900;23976.25;23976.25;23964.5;23967.5;790
20260323 060000;23968;23978.5;23967;23973.5;422
20260323 060100;23973.5;23976.5;23955.25;23955.5;970
20260323 060200;23955.5;23964;23955.5;23960.25;328
20260323 060300;23960.75;23965.75;23953;23960.75;452
20260323 060400;23961;23962.25;23953;23955.75;446
20260323 060500;23956.5;23962;23949.75;23955.75;492
20260323 060600;23953.25;23955.25;23939;23941.75;765
20260323 060700;23942.75;23951;23942.75;23945.25;542
20260323 060800;23945.25;23953.25;23945.25;23950.75;355
20260323 060900;23951.25;23952.75;23942.25;23945.5;401
20260323 061000;23944.25;23951.75;23942;23949;408
20260323 061100;23948.25;23956.5;23945;23945;417
20260323 061200;23945;23954.25;23942.5;23951;322
20260323 061300;23953.5;23954.25;23936;23940.25;682
20260323 061400;23939.5;23939.75;23915.75;23917.5;1749
20260323 061500;23917.5;23937;23917.5;23935.5;812
20260323 061600;23934.75;23949;23932.25;23944.25;1056
20260323 061700;23944.25;23947.25;23931;23934.5;670
20260323 061800;23934.25;23938.25;23925.5;23927.5;514
20260323 061900;23927.75;23942;23924;23932;773
20260323 062000;23931.75;23935.25;23924.75;23931.25;483
20260323 062100;23931.5;23933.25;23922;23928.5;512
20260323 062200;23928.25;23946;23927.5;23940.75;706
20260323 062300;23941.25;23944.25;23935.75;23935.75;349
20260323 062400;23936.5;23940.5;23933.25;23934;504
20260323 062500;23934;23943;23929.75;23937.25;437
20260323 062600;23938.5;23947.5;23936;23941;569
20260323 062700;23941.25;23941.25;23926.75;23928.75;599
20260323 062800;23928.25;23933.25;23927.5;23931.25;350
20260323 062900;23931.25;23936.5;23926.25;23934.75;492
20260323 063000;23934.25;23939.5;23923;23926.75;701
20260323 063100;23928.75;23929;23909;23910;1324
20260323 063200;23909;23924.5;23905.5;23923.25;970
20260323 063300;23923;23924.25;23913.25;23921.75;647
20260323 063400;23921.25;23927.5;23913.75;23914;659
20260323 063500;23914.5;23921.5;23906.75;23908.25;603
20260323 063600;23907.75;23916.75;23905.25;23910.75;734
20260323 063700;23911.5;23911.75;23897.25;23899;1059
20260323 063800;23899.75;23903.75;23895.25;23898.5;794
20260323 063900;23898.75;23905.5;23894;23904.25;1019
20260323 064000;23904.5;23906;23896;23900.5;494
20260323 064100;23900;23912.5;23898.75;23908.5;788
20260323 064200;23908;23913.75;23906.75;23910.5;364
20260323 064300;23910.25;23911;23884;23886.75;1496
20260323 064400;23886.5;23887.75;23875;23880.5;1138
20260323 064500;23880.25;23883.5;23871.25;23872;968
20260323 064600;23871.75;23879.25;23870;23878.5;1097
20260323 064700;23878.5;23879.25;23871.25;23877.25;580
20260323 064800;23877.5;23880.5;23870.75;23871.75;695
20260323 064900;23872.75;23873.25;23865.75;23868;762
20260323 065000;23868.75;23877;23867;23874.5;615
20260323 065100;23874.5;23879;23872;23874.75;426
20260323 065200;23874.25;23880.25;23872.25;23877.25;498
20260323 065300;23878;23879.75;23875.75;23879.5;377
20260323 065400;23879.5;23885.25;23862;23867.5;1259
20260323 065500;23866.75;23869.25;23863.5;23867.5;428
20260323 065600;23867.75;23868.5;23850.75;23854.5;1238
20260323 065700;23854;23854.75;23828;23835;2389
20260323 065800;23835.5;23837.25;23826.5;23827.5;1624
20260323 065900;23827.25;23845.25;23827;23844;1071
20260323 070000;23844.5;23857;23844.5;23855;895
20260323 070100;23856;23859.75;23848;23853.5;922
20260323 070200;23852.5;23854.75;23838.5;23848.75;844
20260323 070300;23849.75;23851;23833;23837.75;924
20260323 070400;23836.75;23855.5;23834.75;23847.25;1204
20260323 070500;23847.25;23865.25;23847.25;23861.5;957
20260323 070600;23860.75;23874.5;23859.75;23872;1150
20260323 070700;23872.75;23879;23864.5;23874.75;1202
20260323 070800;23875;23903.75;23874.75;23897.75;1603
20260323 070900;23898.5;23900;23886.75;23889.5;1288
20260323 071000;23890;23891.5;23879.75;23882.75;799
20260323 071100;23883.75;23898.5;23882;23895.5;705
20260323 071200;23896;23915.25;23893.75;23910;1442
20260323 071300;23910;23911.5;23900.5;23902.25;864
20260323 071400;23902.5;23903.25;23888;23889;916
20260323 071500;23889;23899;23888.75;23893.5;635
20260323 071600;23893.75;23897.75;23877.25;23881.25;1075
20260323 071700;23881;23885;23873;23877;867
20260323 071800;23878;23890.25;23878;23884;690
20260323 071900;23885;23887.5;23875;23879;682
20260323 072000;23879.5;23883.5;23875.75;23877;831
20260323 072100;23877.25;23878.75;23851.25;23857.75;1533
20260323 072200;23858;23861.75;23851.5;23854.75;807
20260323 072300;23855.25;23855.5;23816.25;23819.25;1918
20260323 072400;23819.5;23820.75;23797;23808.5;2301
20260323 072500;23808.75;23814.5;23791.5;23794;1552
20260323 072600;23793.25;23805;23788;23804.25;1601
20260323 072700;23805;23814;23801;23806.75;1220
20260323 072800;23806.25;23821.25;23796.5;23802;1675
20260323 072900;23802.75;23804.75;23772.75;23800.25;2617
20260323 073000;23801.25;23806;23789.25;23800.25;1326
20260323 073100;23800.5;23816.75;23790.5;23812;1229
20260323 073200;23811.5;23829.5;23808;23827;1499
20260323 073300;23826.5;23827.5;23804.25;23808.5;1062
20260323 073400;23809.25;23810.5;23799;23803.25;840
20260323 073500;23802.75;23813.75;23802.75;23803;746
20260323 073600;23802.25;23806.75;23790.5;23803;998
20260323 073700;23802.75;23818.5;23798.25;23810.5;1060
20260323 073800;23810.25;23817.5;23807.75;23813.25;628
20260323 073900;23814;23826.75;23812.5;23826.75;832
20260323 074000;23826.25;23832.75;23810;23811.5;1284
20260323 074100;23811.25;23817;23805.25;23807.75;655
20260323 074200;23807.75;23811;23801;23809;703
20260323 074300;23809.75;23812.25;23802;23803.5;605
20260323 074400;23803;23824;23800.75;23815;1040
20260323 074500;23815;23837.25;23814;23835;926
20260323 074600;23834.75;23860.5;23834.25;23858.5;1756
20260323 074700;23858.5;23873.5;23856.75;23868.75;1398
20260323 074800;23868.25;23871.5;23856.75;23867.5;832
20260323 074900;23867.25;23879;23863.25;23871.5;796
20260323 075000;23871.5;23872.75;23858.5;23860.75;780
20260323 075100;23860.75;23861.75;23844.75;23847.25;1082
20260323 075200;23847;23855.75;23842.25;23852.75;649
20260323 075300;23853.5;23853.5;23839.5;23841;683
20260323 075400;23840.25;23841;23828.25;23831;777
20260323 075500;23831.5;23839.75;23830;23835.75;655
20260323 075600;23835.25;23836.75;23825;23835.25;714
20260323 075700;23834.75;23851.75;23832.5;23847;1252
20260323 075800;23846.5;23853.75;23824.25;23828.25;858
20260323 075900;23828;23835;23823;23829.25;674
20260323 080000;23830;23845.5;23829;23841.25;825
20260323 080100;23841.5;23883;23839.75;23872;2335
20260323 080200;23872;23872.75;23850.5;23855.75;1327
20260323 080300;23856.5;23881.5;23849.75;23877.5;1064
20260323 080400;23877.25;23882.25;23857.75;23873.25;1097
20260323 080500;23873.25;23879.25;23859.75;23872;1138
20260323 080600;23872.5;23886.25;23862.75;23871.75;1575
20260323 080700;23871.75;23890.5;23862.25;23887.25;1152
20260323 080800;23888;23901.5;23885.75;23893.75;1286
20260323 080900;23893.5;23898.5;23883.75;23885.75;705
20260323 081000;23886.25;23886.5;23874.75;23879.25;953
20260323 081100;23880;23884;23870.75;23872.75;1059
20260323 081200;23871.75;23884.5;23863.25;23883.5;1181
20260323 081300;23882.5;23903.5;23882.25;23890.25;1415
20260323 081400;23890;23908.75;23882.25;23900.5;1276
20260323 081500;23901.75;23926;23901.75;23917.75;1910
20260323 081600;23917.25;23922.75;23907.5;23918;1290
20260323 081700;23917.5;23917.5;23900;23901.75;1270
20260323 081800;23902;23902;23890;23897;1083
20260323 081900;23896.5;23908.5;23889.25;23892.25;1113
20260323 082000;23892;23907.5;23882.75;23906.25;1096
20260323 082100;23906;23917;23901;23911;1281
20260323 082200;23911.75;23912.25;23895.25;23899.5;761
20260323 082300;23900;23924.5;23895.5;23923.75;1169
20260323 082400;23924.25;23927.5;23908.25;23915;1167
20260323 082500;23915.25;23920.5;23902.25;23903.25;884
20260323 082600;23904.25;23913.75;23899;23907.75;745
20260323 082700;23907.5;23920;23906.5;23915.25;805
20260323 082800;23915.75;23922;23907.25;23919;893
20260323 082900;23919.75;23920.75;23897.5;23908.5;1162
20260323 083000;23908.75;23911.5;23893.75;23897;927
20260323 083100;23897;23913;23891;23907.75;982
20260323 083200;23909;23938;23904;23930;1649
20260323 083300;23930.5;23951.75;23927;23940.75;1648
20260323 083400;23940.5;23946.25;23933.25;23938.25;986
20260323 083500;23938.5;23940;23927.5;23933.25;940
20260323 083600;23933;23935.25;23921;23922.75;957
20260323 083700;23923.25;23938.25;23921;23933;920
20260323 083800;23932.25;23934.25;23918.25;23929.25;845
20260323 083900;23929.25;23929.75;23913.75;23917.5;706
20260323 084000;23917;23929.25;23916;23927.25;736
20260323 084100;23926.5;23944.5;23925.5;23938.25;1108
20260323 084200;23937.75;23938.25;23927.25;23933.25;753
20260323 084300;23932.75;23944;23921.5;23921.5;994
20260323 084400;23921.25;23928.5;23914.5;23915.5;1126
20260323 084500;23916;23927.5;23913.75;23916.75;709
20260323 084600;23917.5;23927.75;23913.25;23924.5;721
20260323 084700;23924.75;23942.5;23918;23932.75;980
20260323 084800;23933;23950.25;23932.5;23946.25;1055
20260323 084900;23946.25;23951.75;23942.75;23948.25;834
20260323 085000;23948.75;23952.75;23936.5;23938.25;1368
20260323 085100;23937.75;23941.25;23929.75;23934.25;824
20260323 085200;23934;23945.5;23929.5;23941.5;710
20260323 085300;23940.75;23944;23934.5;23937.25;691
20260323 085400;23937.25;23948.5;23932.75;23947.75;672
20260323 085500;23948.25;23955.5;23935.75;23937.5;1227
20260323 085600;23937.75;23939.75;23917.25;23918.5;1259
20260323 085700;23919;23930;23915.25;23926.75;1000
20260323 085800;23927.25;23945;23925;23942.5;921
20260323 085900;23941.75;23943.5;23935.75;23938.25;617
20260323 090000;23939;23946;23929;23931.25;780
20260323 090100;23932.25;23937.5;23924;23925.25;1138
20260323 090200;23924.75;23927;23909;23911;1423
20260323 090300;23912;23915;23901.75;23907;992
20260323 090400;23907.5;23911.75;23896.25;23901.5;1303
20260323 090500;23901.25;23925.25;23900;23914.5;1247
20260323 090600;23915.5;23919.5;23909;23912.25;688
20260323 090700;23913.5;23934.25;23911.75;23931;947
20260323 090800;23931.25;23948;23928.25;23945;1078
20260323 090900;23944.75;23946.25;23926.25;23926.5;992
20260323 091000;23927.75;23938.75;23922;23935;761
20260323 091100;23935.5;23946.25;23930.75;23935.75;1003
20260323 091200;23936.5;23944;23929.25;23942.25;594
20260323 091300;23942.5;23947.25;23931.5;23939.25;796
20260323 091400;23938.75;23939.75;23928;23935.75;472
20260323 091500;23936.5;23943.5;23932.75;23937;430
20260323 091600;23935.5;23942.25;23931;23932.25;472
20260323 091700;23931.75;23945;23929.5;23942.25;865
20260323 091800;23941.75;23951.5;23938;23938;836
20260323 091900;23939.25;23939.25;23926;23933.5;594
20260323 092000;23933.5;23939.5;23930.25;23934;390
20260323 092100;23935;23954.25;23934.5;23950;916
20260323 092200;23950;23969.5;23943;23968.5;1430
20260323 092300;23968.25;23971.25;23958.25;23966;969
20260323 092400;23965;23968;23954;23956.5;837
20260323 092500;23955.75;23956.25;23931.75;23932.5;1003
20260323 092600;23932.75;23933.25;23917;23924.5;1148
20260323 092700;23925;23936.25;23920.75;23932.5;896
20260323 092800;23931.25;23942;23928;23937;788
20260323 092900;23937.25;23942;23932;23933.75;805
20260323 093000;23933.5;23934.25;23926.25;23933.5;487
20260323 093100;23932.5;23935.75;23922.75;23924.25;1053
20260323 093200;23923;23923.5;23907;23920;1165
20260323 093300;23920.75;23920.75;23911;23917.5;585
20260323 093400;23916.25;23916.5;23894.5;23894.5;873
20260323 093500;23894.5;23894.5;23872;23873;1639
20260323 093600;23873;23876.25;23854.25;23855.5;1510
20260323 093700;23855;23859.75;23851.25;23853.75;1182
20260323 093800;23854;23856.5;23844.75;23850.25;880
20260323 093900;23849.75;23866.5;23849.25;23861.5;1180
20260323 094000;23860.5;23881.25;23860.25;23867;1138
20260323 094100;23867;23877.75;23863.75;23873;835
20260323 094200;23872.75;23887.5;23871.5;23886;839
20260323 094300;23886.25;23892;23873.75;23874.25;1027
20260323 094400;23874.5;23876.25;23859.25;23863.25;965
20260323 094500;23863;23872;23860.5;23872;740
20260323 094600;23870.75;23878.5;23867;23872.5;824
20260323 094700;23872.75;23884.25;23868.75;23881;659
20260323 094800;23881.75;23888.75;23879.5;23883.25;656
20260323 094900;23883.5;23892.25;23874.5;23874.5;681
20260323 095000;23874.75;23879;23865.25;23872;882
20260323 095100;23872.5;23880.5;23863;23868.25;903
20260323 095200;23867.5;23868.25;23860.25;23864.75;635
20260323 095300;23865;23867.25;23855.75;23862;607
20260323 095400;23862.75;23876;23861.75;23866.25;593
20260323 095500;23866;23866.25;23858.5;23859.75;497
20260323 095600;23860.5;23866;23858.5;23859.75;371
20260323 095700;23859.75;23869.25;23857.25;23866.5;599
20260323 095800;23866.25;23869;23860;23867;443
20260323 095900;23866.25;23874;23865.75;23871;497
20260323 100000;23870.5;23890;23869;23883;950
20260323 100100;23883.25;23894.75;23880.5;23883.5;955
20260323 100200;23883;23884.75;23874.25;23882;797
20260323 100300;23881.75;23902.5;23880.75;23898.75;976
20260323 100400;23899.25;23900.75;23877.75;23887.75;1045
20260323 100500;23888.25;23903.75;23887.75;23898.5;652
20260323 100600;23898.25;23902.25;23890;23899.75;899
20260323 100700;23900.75;23902.5;23893.5;23897.25;525
20260323 100800;23896.5;23901.25;23886;23897.75;686
20260323 100900;23897.75;23902.25;23894;23901.75;573
20260323 101000;23902;23928.5;23901;23916.25;1725
20260323 101100;23915.5;23922.75;23912.25;23918.75;658
20260323 101200;23918;23926.5;23910;23926.25;822
20260323 101300;23926;23929.25;23913.25;23914.5;640
20260323 101400;23915.5;23917;23902.25;23904;735
20260323 101500;23904.5;23906.5;23896.5;23899.25;882
20260323 101600;23898.5;23899.25;23889.25;23891;572
20260323 101700;23891;23893;23875;23889.5;986
20260323 101800;23890;23897.5;23884;23896;585
20260323 101900;23895.75;23907.25;23889.75;23901.25;890
20260323 102000;23900;23906.5;23885;23887.25;741
20260323 102100;23886.25;23887.75;23865.75;23867;1619
20260323 102200;23867;23870.5;23853.5;23855.25;1015
20260323 102300;23855.25;23864;23852.75;23855.25;713
20260323 102400;23854.25;23860.5;23848.75;23849.75;683
20260323 102500;23850.25;23861.25;23850.25;23856;551
20260323 102600;23856.75;23860.25;23849.25;23859.25;566
20260323 102700;23860.25;23866.75;23848;23863.75;837
20260323 102800;23863;23864;23847.75;23854.5;714
20260323 102900;23854;23854.5;23843.25;23848.5;805
20260323 103000;23848;23860.5;23847.75;23852.5;542
20260323 103100;23852.5;23856.25;23846.75;23849.25;511
20260323 103200;23849.5;23867.5;23847.25;23862.5;865
20260323 103300;23862.25;23872.5;23860.5;23871.25;757
20260323 103400;23872;23875;23866.5;23867;617
20260323 103500;23866.5;23871.5;23858.25;23864.75;765
20260323 103600;23865.5;23877.75;23863;23876.75;545
20260323 103700;23877.5;23887.25;23872.25;23883.25;838
20260323 103800;23883;23886;23869.75;23869.75;541
20260323 103900;23869.5;23876.5;23860.75;23861.75;754
20260323 104000;23861.5;23863.5;23840.5;23842.75;1134
20260323 104100;23843;23844.75;23835.25;23839;907
20260323 104200;23838.75;23844.25;23834.75;23837.25;689
20260323 104300;23837.5;23854.25;23834;23852.25;905
20260323 104400;23852.25;23853.5;23846;23847.75;693
20260323 104500;23846.5;23857;23838.5;23855.5;928
20260323 104600;23854.5;23856.5;23838.25;23846;681
20260323 104700;23845.75;23854;23840;23847.75;696
20260323 104800;23848;23852.5;23839.5;23843.75;511
20260323 104900;23844.25;23846.25;23827.25;23832.5;858
20260323 105000;23832.25;23833;23815.75;23830.5;1641
20260323 105100;23830.75;23926;23827;23896.25;5726
20260323 105200;23897;23898.25;23866.5;23875.25;1934
20260323 105300;23874.5;23876.25;23864.25;23872.75;1055
20260323 105400;23873.5;23877.5;23856.75;23874;1158
20260323 105500;23875;23878.25;23863.5;23865;640
20260323 105600;23865.75;23869.75;23855.5;23858;745
20260323 105700;23859;23870;23853.25;23864.75;783
20260323 105800;23863.75;23870.25;23859.5;23869.75;699
20260323 105900;23869.25;23877.5;23865.75;23869.25;759
20260323 110000;23868.75;23882.75;23868.5;23881;712
20260323 110100;23881;23904.5;23881;23901;1399
20260323 110200;23900;23902.75;23888.75;23898.5;956
20260323 110300;23897.25;23898;23886.5;23889;814
20260323 110400;23888.75;23890.25;23876.25;23887.75;905
20260323 110500;23887.25;23898.25;23886.75;23894.75;759
20260323 110600;23893.5;24260;23889.75;24260;5742
20260323 110700;24265.75;24561;24265;24507;3548
20260323 110800;24507;24644.75;24464;24566.5;5213
20260323 110900;24581;24600;24463;24585.5;3555
20260323 111000;24580.5;24737;24572;24689.5;5715
20260323 111100;24688.5;24709.75;24580;24614.75;5134
20260323 111200;24617;24681.25;24585;24602;4381
20260323 111300;24601;24655.75;24560;24655.25;3765
20260323 111400;24655.25;24754.75;24650.25;24742.25;4967
20260323 111500;24741.25;24763.5;24720;24721.75;3984
20260323 111600;24720.75;24744;24672;24689;3540
20260323 111700;24689;24704.25;24605.25;24605.25;3093
20260323 111800;24607.75;24706.25;24605;24690;3170
20260323 111900;24689;24702.5;24645;24660.75;3139
20260323 112000;24662;24663.5;24618;24637.5;3014
20260323 112100;24639.25;24656.5;24558.25;24560.5;3706
20260323 112200;24563.75;24586.75;24530.75;24586.75;3687
20260323 112300;24585;24641.25;24561;24626;3436
20260323 112400;24625.25;24630.5;24566.75;24584.75;3046
20260323 112500;24584.25;24588.25;24505;24569.25;4211
20260323 112600;24569.5;24615.25;24560.75;24590.5;3260
20260323 112700;24590.75;24604.25;24561;24563;2255
20260323 112800;24563.25;24579.75;24519.25;24526.5;2522
20260323 112900;24528.75;24539.25;24455.75;24516.75;3597
20260323 113000;24519.25;24533;24472.75;24515.5;1981
20260323 113100;24514.5;24589.25;24511;24589;2087
20260323 113200;24586.75;24614;24580.75;24597.5;1863
20260323 113300;24596.5;24615;24588;24614.5;1700
20260323 113400;24615;24680.5;24615;24668;2770
20260323 113500;24664.75;24694.5;24655.5;24668.75;1875
20260323 113600;24667.5;24687.5;24659.75;24664;1850
20260323 113700;24662.75;24666;24619.75;24632;2327
20260323 113800;24631.75;24649.25;24620.25;24624.5;1785
20260323 113900;24624;24626;24596;24611.25;1676
20260323 114000;24610.75;24638.75;24603.75;24610;1593
20260323 114100;24609;24614.75;24566.25;24575;1652
20260323 114200;24575.25;24585;24555.25;24575.25;1422
20260323 114300;24575;24575;24529.25;24547;1954
20260323 114400;24546.75;24588;24536.75;24568.25;2067
20260323 114500;24566.75;24580;24510;24526.5;2202
20260323 114600;24528.25;24544;24487.25;24518.75;2089
20260323 114700;24518.5;24524;24430;24436;3403
20260323 114800;24435;24486.75;24416.5;24463.5;3839
20260323 114900;24462.25;24494.5;24449.5;24485.75;2379
20260323 115000;24484.5;24498.25;24451.25;24496.75;1870
20260323 115100;24495.25;24497.25;24435.25;24457.25;2494
20260323 115200;24456.75;24466.75;24409.5;24464.75;2778
20260323 115300;24465.75;24472.25;24440;24458.5;2191
20260323 115400;24457.75;24490;24453.75;24473.25;1527
20260323 115500;24472.75;24496.5;24468.75;24487;1704
20260323 115600;24486;24489.25;24423.25;24428;2658
20260323 115700;24426;24429.75;24401.25;24419.75;2392
20260323 115800;24420.75;24439.25;24382;24382;2786
20260323 115900;24385.25;24411.75;24378.25;24390.25;2274
20260323 120000;24389.5;24398.25;24369.75;24392.5;1930
20260323 120100;24391.75;24403.25;24359.5;24368.5;2477
20260323 120200;24367.75;24390.75;24344.5;24381.75;2730
20260323 120300;24381.75;24404.25;24369.5;24379.75;1767
20260323 120400;24378.75;24431;24377.25;24405.5;2505
20260323 120500;24407;24442;24404.25;24432.5;1730
20260323 120600;24432.5;24444.5;24395.75;24402.5;1657
20260323 120700;24402.5;24431.25;24399.5;24412.25;1238
20260323 120800;24410.75;24420;24394.75;24397;1111
20260323 120900;24396.75;24437.5;24390.75;24433.25;1675
20260323 121000;24433.5;24479.75;24427.25;24477.75;2229
20260323 121100;24475.25;24481.75;24453.75;24475.75;2248
20260323 121200;24474.5;24476.5;24426.25;24440.5;1868
20260323 121300;24440;24454;24436.25;24443;1001
20260323 121400;24443.5;24450.5;24428;24431;1243
20260323 121500;24429.25;24440.25;24398.25;24399.75;1501
20260323 121600;24398.5;24423.5;24395.5;24416.5;1522
20260323 121700;24416.75;24454.75;24412.25;24449;1469
20260323 121800;24448;24477.75;24445.25;24472;1528
20260323 121900;24472.25;24485.25;24463.75;24482.5;1435
20260323 122000;24482.75;24521.75;24480.5;24521.5;2010
20260323 122100;24518.25;24520.5;24495.25;24513.25;1758
20260323 122200;24512.25;24522.25;24502.25;24502.5;1795
20260323 122300;24502.25;24510.75;24493.25;24496.75;1325
20260323 122400;24497.25;24512.25;24494.25;24501.75;1089
20260323 122500;24501.25;24513.75;24482.75;24489.75;1560
20260323 122600;24488.75;24507.5;24486.75;24489.25;1031
20260323 122700;24488;24509.75;24487;24504;960
20260323 122800;24502.75;24515;24495;24506.5;945
20260323 122900;24506.25;24521.75;24505;24518;1022
20260323 123000;24518.25;24519.75;24495;24498;1016
20260323 123100;24496.75;24498;24456.25;24486.25;2366
20260323 123200;24485;24498;24479;24489.25;1395
20260323 123300;24490.75;24492.75;24462.5;24481.25;1379
20260323 123400;24479.5;24510.25;24478.25;24482.25;1700
20260323 123500;24482;24493.5;24471.5;24480.25;1064
20260323 123600;24479.75;24488.25;24460.5;24479.75;1585
20260323 123700;24478.75;24497;24475;24495;1014
20260323 123800;24494.75;24514.75;24480;24481.25;2152
20260323 123900;24480.25;24481;24453.5;24470.25;1701
20260323 124000;24469.75;24484;24462.75;24476.5;1008
20260323 124100;24478;24491.25;24452.75;24469;1558
20260323 124200;24469.25;24564.25;24460.5;24492;4922
20260323 124300;24493;24555.25;24492;24547.25;3653
20260323 124400;24546;24567.25;24529.25;24560.75;3424
20260323 124500;24560.75;24574.5;24534;24567.5;3257
20260323 124600;24567.5;24573.25;24540.5;24549.5;2045
20260323 124700;24549.25;24568.5;24527;24565.75;2403
20260323 124800;24565.75;24576.5;24552.5;24564.75;2082
20260323 124900;24564.5;24587.25;24561.5;24583;2705
20260323 125000;24581.75;24583.75;24570;24578;2247
20260323 125100;24578.5;24593;24563.75;24573.5;2834
20260323 125200;24574;24598.75;24570.25;24592.75;2529
20260323 125300;24592.5;24620;24591.75;24619.75;3640
20260323 125400;24620;24621;24594.5;24604;3165
20260323 125500;24603.25;24609;24574.5;24589.75;2934
20260323 125600;24589.75;24601.75;24581.75;24590.75;2429
20260323 125700;24590.75;24607.75;24578.5;24592;2698
20260323 125800;24591.75;24605;24585.25;24597;1965
20260323 125900;24596.5;24612.75;24588.75;24607.5;2285
20260323 130000;24607.5;24615.5;24601.75;24609;2189
20260323 130100;24609.5;24643;24609.5;24633.5;5216
20260323 130200;24634;24641.75;24606;24607.5;3570
20260323 130300;24607.5;24608.25;24582.5;24592.75;3640
20260323 130400;24592.75;24602;24579.75;24599.5;2088
20260323 130500;24599.25;24601;24580.75;24581.5;2388
20260323 130600;24581.75;24581.75;24540.5;24553.75;3723
20260323 130700;24554.25;24566.25;24551;24553.75;2535
20260323 130800;24553.75;24559.75;24546.25;24552;2151
20260323 130900;24551.25;24576;24543;24572;2531
20260323 131000;24573.25;24586.25;24569.25;24582.75;2077
20260323 131100;24582.25;24587.75;24565;24570.75;2120
20260323 131200;24570.5;24575.5;24562;24571;1432
20260323 131300;24570;24571;24554.25;24558;1795
20260323 131400;24558;24569.75;24550;24555.75;2251
20260323 131500;24556.75;24578;24551.5;24552;2132
20260323 131600;24552.25;24565.5;24550.5;24555.75;1635
20260323 131700;24556.5;24568.5;24554.75;24559.5;1424
20260323 131800;24559.75;24562;24544.5;24556;2109
20260323 131900;24556.5;24557.5;24544.25;24554.75;1523
20260323 132000;24554.75;24556.75;24537.75;24539;1551
20260323 132100;24539;24555.75;24536.25;24555.25;1696
20260323 132200;24555.75;24561.75;24540.75;24542.75;1524
20260323 132300;24543.5;24551;24536;24544.25;1825
20260323 132400;24543.75;24553;24530;24530.75;2036
20260323 132500;24530.25;24544.25;24528.75;24542.25;1681
20260323 132600;24542.75;24542.75;24517;24520.25;2571
20260323 132700;24520.25;24528;24503.5;24514;2572
20260323 132800;24514.5;24532.25;24507;24514.75;2363
20260323 132900;24514.75;24527;24497.75;24510;3388
20260323 133000;24511;24514.5;24477.25;24493.5;3849
20260323 133100;24494;24521.75;24432.5;24471.75;13225
20260323 133200;24470.75;24507.5;24454.75;24492.5;7685
20260323 133300;24493;24504;24455;24465.25;6803
20260323 133400;24465.25;24502;24463.25;24495.25;5117
20260323 133500;24493.75;24494.75;24459;24477.75;5063
20260323 133600;24477;24487.5;24443.75;24452.5;6783
20260323 133700;24451.5;24497.5;24447;24491.75;6950
20260323 133800;24493.5;24535;24488.25;24493.75;10200
20260323 133900;24493.5;24542.25;24490.75;24528.75;6563
20260323 134000;24528.25;24541.75;24515;24539.25;5138
20260323 134100;24539.5;24545;24510;24515.75;5514
20260323 134200;24516.25;24536;24471.75;24522;9924
20260323 134300;24521.25;24568.5;24513;24552.5;9631
20260323 134400;24553.75;24559;24510.25;24541.25;7321
20260323 134500;24541.25;24552;24495.5;24497.25;5651
20260323 134600;24498;24544.75;24487;24542;6464
20260323 134700;24541.25;24549.25;24522.25;24544.75;4829
20260323 134800;24545.25;24551.5;24512.5;24521.25;5325
20260323 134900;24521.25;24559;24519;24558;4524
20260323 135000;24559;24578.75;24541.25;24575.25;6048
20260323 135100;24576.5;24591.25;24567;24574.75;5945
20260323 135200;24574;24579.75;24545;24569;6186
20260323 135300;24568.5;24597;24560.25;24594.5;5679
20260323 135400;24594;24608.25;24587.5;24603.25;4772
20260323 135500;24603;24604.5;24580;24580;4484
20260323 135600;24580;24587.25;24538.75;24557.75;8145
20260323 135700;24557;24570;24547.25;24559.75;3816
20260323 135800;24560;24583;24541.75;24580.25;4730
20260323 135900;24580.5;24594.5;24572.25;24586;3811
20260323 140000;24587.25;24602.5;24578.25;24600;4025
20260323 140100;24600.25;24606.25;24580.25;24590.25;5575
20260323 140200;24590.5;24600.25;24570.75;24597;4514
20260323 140300;24597.25;24615.5;24583;24609.75;4248
20260323 140400;24609.5;24610.25;24577;24579.75;5460
20260323 140500;24581.5;24586.75;24543.75;24549.75;7481
20260323 140600;24550.25;24564.25;24527;24556.75;7626
20260323 140700;24556.5;24569.75;24535.75;24537.5;4838
20260323 140800;24538.25;24586;24538.25;24581.75;5929
20260323 140900;24581.25;24585.75;24555.25;24561;4550
20260323 141000;24561.5;24573.5;24548.5;24570;4904
20260323 141100;24570.5;24580;24559.75;24564.5;3487
20260323 141200;24564;24604.5;24556.25;24584.75;6582
20260323 141300;24585;24603.5;24580;24595.25;4488
20260323 141400;24595;24623.75;24590.5;24620.5;5159
20260323 141500;24620;24624;24583;24605.5;5431
20260323 141600;24605.25;24630.25;24602.75;24628.25;4762
20260323 141700;24628.25;24631.75;24617.5;24624.25;3638
20260323 141800;24624.25;24635.5;24610.75;24631.25;4525
20260323 141900;24631.25;24645.5;24630.5;24637;5649
20260323 142000;24637;24643.75;24630.5;24643.75;2598
20260323 142100;24642.75;24644.5;24628;24642.75;3120
20260323 142200;24642.75;24656;24635;24654.5;4746
20260323 142300;24654.75;24669.75;24651.75;24668;4739
20260323 142400;24668.25;24685;24658;24684.5;6539
20260323 142500;24684.25;24690;24668.25;24671.75;6051
20260323 142600;24671.75;24676.25;24655.75;24661.75;4510
20260323 142700;24662.25;24671.25;24645.75;24652.5;5096
20260323 142800;24653;24654.25;24630;24636;5267
20260323 142900;24635.5;24638.75;24617.5;24621.75;4894
20260323 143000;24621.75;24644;24616;24636.75;4112
20260323 143100;24637.25;24637.25;24609.5;24613;5790
20260323 143200;24613;24626.75;24612.75;24624;3896
20260323 143300;24624.5;24638.25;24618.75;24635.75;3863
20260323 143400;24635.75;24654.75;24634.75;24654;5059
20260323 143500;24654.75;24655;24625.75;24635.25;5182
20260323 143600;24635.5;24650.75;24626.25;24645.5;3659
20260323 143700;24645;24650;24605;24608.75;6357
20260323 143800;24608.5;24624.5;24602;24613.75;4556
20260323 143900;24613.75;24629.75;24604.75;24627.25;3949
20260323 144000;24626.75;24627;24602.75;24618;4388
20260323 144100;24617.5;24623.25;24605;24609;3125
20260323 144200;24609.5;24612.5;24598.25;24605.75;3244
20260323 144300;24606.5;24625.5;24605;24620.5;3515
20260323 144400;24620.75;24624.5;24595.75;24617.25;4339
20260323 144500;24617.5;24618;24597.25;24602.75;3329
20260323 144600;24602.5;24610;24578.75;24603;6795
20260323 144700;24603.25;24626.25;24595.5;24611.5;6094
20260323 144800;24611.25;24647.5;24609.5;24638.75;6870
20260323 144900;24639.5;24641.25;24622.75;24627.5;4666
20260323 145000;24627.25;24631.25;24618;24630.75;3347
20260323 145100;24630.5;24630.5;24586.5;24598;6412
20260323 145200;24598.5;24609;24592.5;24602;3670
20260323 145300;24602;24625;24598.5;24620;4080
20260323 145400;24620;24624.75;24599.5;24609.75;3807
20260323 145500;24610;24620.75;24596;24604.5;3551
20260323 145600;24603.5;24611;24590.75;24593.25;3442
20260323 145700;24593.5;24616;24588.5;24613;3666
20260323 145800;24613.25;24617.25;24594.75;24605.75;2638
20260323 145900;24605.5;24619.75;24598.25;24615.5;3188
20260323 150000;24615.25;24624.5;24607.5;24610.75;3214
20260323 150100;24611;24627.25;24600.75;24622.5;4426
20260323 150200;24622.5;24648.75;24618.25;24646.5;5142
20260323 150300;24646.25;24678;24639.5;24675.5;6974
20260323 150400;24676;24681.25;24666;24668.75;4926
20260323 150500;24668;24678.75;24655;24673.25;4716
20260323 150600;24673.5;24680.75;24656.25;24660.25;3693
20260323 150700;24660;24669.75;24648.5;24659.5;3431
20260323 150800;24659.25;24674;24649.5;24673.25;3363
20260323 150900;24673.25;24680.5;24661.25;24667.75;3566
20260323 151000;24667.75;24683.5;24667;24675.5;3415
20260323 151100;24675.5;24686;24666.5;24676.75;3481
20260323 151200;24676.75;24689;24672;24680;3152
20260323 151300;24680;24680;24664.25;24666.5;3203
20260323 151400;24666;24673;24658.25;24664.5;3193
20260323 151500;24664.75;24667;24651;24663.5;3574
20260323 151600;24663;24669.5;24655.75;24664;2301
20260323 151700;24664.75;24665.75;24647.25;24654;2941
20260323 151800;24653.75;24659.5;24644.75;24649.5;3201
20260323 151900;24648.75;24655;24633;24643.5;4719
20260323 152000;24643.5;24646.75;24632.5;24636.75;3077
20260323 152100;24637.25;24637.25;24612.75;24615.25;4385
20260323 152200;24615.25;24628.75;24605.5;24628.75;4794
20260323 152300;24628.5;24652;24627.75;24650.5;4514
20260323 152400;24650.25;24658.75;24636.75;24654;4989
20260323 152500;24653.5;24658.75;24642;24651.25;2554
20260323 152600;24651;24651;24638.25;24645.25;2223
20260323 152700;24645.5;24645.75;24614.5;24616.75;3580
20260323 152800;24617.25;24617.75;24598.25;24606;3741
20260323 152900;24606;24612;24597.25;24604.75;3099
20260323 153000;24604.5;24612.25;24602.25;24612;1921
20260323 153100;24611.75;24631.25;24611.75;24619;4245
20260323 153200;24619.25;24630.5;24616.25;24624.5;2431
20260323 153300;24625;24629;24610.75;24621.5;2070
20260323 153400;24621.75;24622;24606.5;24609.75;2583
20260323 153500;24609.25;24615.75;24597;24603.75;2548
20260323 153600;24603;24605;24581.25;24586.25;4382
20260323 153700;24586.25;24595;24562;24562.75;5809
20260323 153800;24563.5;24571.75;24551.5;24555.75;5058
20260323 153900;24556;24568.5;24538.5;24543.25;5133
20260323 154000;24543.5;24551.5;24535.25;24539.25;3916
20260323 154100;24539.25;24550;24530.75;24534.5;3899
20260323 154200;24535;24561.5;24524.5;24544.75;6116
20260323 154300;24544;24545.75;24524.5;24526;3328
20260323 154400;24526;24534.25;24517.75;24524;4110
20260323 154500;24524.75;24547.75;24524.5;24537.75;3629
20260323 154600;24537.75;24538.5;24509.5;24510.25;4668
20260323 154700;24510.5;24511.25;24490;24500.5;5715
20260323 154800;24500.75;24511.5;24483.25;24500.5;4878
20260323 154900;24500;24513.25;24496.5;24499.5;3014
20260323 155000;24499.5;24519.5;24499.5;24504.5;3248
20260323 155100;24504.25;24514.5;24495.75;24501.5;2926
20260323 155200;24501.5;24514;24488.5;24497.25;3351
20260323 155300;24497;24504.5;24428.25;24458.75;12301
20260323 155400;24459;24472;24442.5;24466;4516
20260323 155500;24465.75;24468;24438;24441.25;4124
20260323 155600;24440.5;24443;24407.75;24434;8164
20260323 155700;24433.75;24435.5;24401;24405.25;5594
20260323 155800;24405;24418;24396;24404.5;5297
20260323 155900;24404.25;24412;24373.25;24373.25;6004
20260323 160000;24373.75;24388.5;24370.75;24381.5;4524
20260323 160100;24381.75;24411;24378.25;24390.5;6195
20260323 160200;24391;24412.75;24388;24406.75;4768
20260323 160300;24407.75;24426.5;24405.75;24419.25;5863
20260323 160400;24420.5;24426;24383.25;24393.25;4888
20260323 160500;24394.25;24410;24391;24394.5;3289
20260323 160600;24395;24416.5;24385.5;24403;3448
20260323 160700;24403;24416.5;24386.25;24409.75;3478
20260323 160800;24410.75;24433.75;24410.75;24428.75;4355
20260323 160900;24428.25;24454.5;24428;24452.75;4723
20260323 161000;24451.25;24453.25;24434;24436.5;3253
20260323 161100;24436.5;24439;24420.5;24434.5;3764
20260323 161200;24434.25;24451.25;24433.25;24443.75;2623
20260323 161300;24444.25;24466.5;24440;24446.75;3645
20260323 161400;24447.25;24453.5;24433.75;24443;2531
20260323 161500;24442.75;24450.75;24435;24448.5;2471
20260323 161600;24448.25;24455.75;24429.5;24431.5;2443
20260323 161700;24431.25;24439.5;24417;24430;3643
20260323 161800;24429;24431.5;24404.75;24408.75;3549
20260323 161900;24409;24420;24399.75;24412;3286
20260323 162000;24412.75;24417;24405;24408.5;1715
20260323 162100;24408.5;24418.75;24389.5;24390.75;2777
20260323 162200;24391.75;24413.75;24391.5;24404;2804
20260323 162300;24404.5;24414.5;24381;24383;3565
20260323 162400;24383.5;24404;24372;24379.5;4252
20260323 162500;24380;24397.25;24378.25;24387.5;2280
20260323 162600;24387;24387.75;24345.5;24363;6112
20260323 162700;24362.5;24379.5;24348.5;24353.75;3921
20260323 162800;24353.75;24358.75;24345.25;24351;2862
20260323 162900;24351.75;24373;24344;24361.25;4161
20260323 163000;24361.25;24361.75;24305;24318;7105
20260323 163100;24318.5;24335.5;24311.5;24323.5;4536
20260323 163200;24324;24350.5;24316.5;24348.75;4123
20260323 163300;24348.75;24370;24342.5;24349.5;5446
20260323 163400;24349.75;24361.25;24343.5;24350.5;2290
20260323 163500;24351.25;24376.75;24349.5;24376.25;3477
20260323 163600;24375.75;24403.75;24374.25;24386.5;5285
20260323 163700;24387.25;24394;24382;24390.75;2245
20260323 163800;24390.75;24404;24386.75;24390.25;3131
20260323 163900;24390.5;24396;24377;24378.5;2851
20260323 164000;24378.25;24381.5;24365;24372.75;3097
20260323 164100;24371.75;24392.5;24370.75;24384.25;2369
20260323 164200;24384.75;24389.5;24377.5;24387.5;1526
20260323 164300;24387.25;24390.75;24373.75;24390.25;1825
20260323 164400;24389.75;24394.25;24379.25;24386;2108
20260323 164500;24386.5;24401.5;24372.25;24395;3497
20260323 164600;24394.75;24425.75;24385.5;24420;4406
20260323 164700;24419.75;24421.5;24390.25;24400.75;3631
20260323 164800;24400.75;24411.25;24390;24400.25;2753
20260323 164900;24400;24408.5;24390;24403.75;2072
20260323 165000;24404.75;24415.75;24398.5;24407.75;1788
20260323 165100;24407.75;24425.5;24402;24402.25;2780
20260323 165200;24403.25;24404.5;24378.75;24383.5;3410
20260323 165300;24382.75;24400.5;24375;24384.5;2475
20260323 165400;24384.75;24399;24378.5;24395.5;1580
20260323 165500;24394.75;24398.25;24375.25;24385.5;2021
20260323 165600;24385.75;24394;24376.75;24382;1581
20260323 165700;24382.5;24389.25;24371.5;24380.5;1493
20260323 165800;24380.25;24388;24350.75;24362.25;3199
20260323 165900;24362.5;24372;24349;24371.5;2530
20260323 170000;24370.75;24373.25;24361.75;24368.5;1761
20260323 170100;24368.75;24393.25;24368.75;24381.25;3287
20260323 170200;24380;24387.5;24368;24379.25;1989
20260323 170300;24378.5;24384;24352.75;24358.5;1877
20260323 170400;24358;24366.5;24352.25;24361.5;1910
20260323 170500;24361;24371.25;24347.25;24349.75;1973
20260323 170600;24350.25;24361.75;24343;24353.5;2814
20260323 170700;24353;24357.25;24341.25;24352.75;1749
20260323 170800;24353.5;24375;24352.25;24371.25;2077
20260323 170900;24371.25;24379.75;24356.75;24375.25;2199
20260323 171000;24375;24392.75;24372.75;24387;2297
20260323 171100;24388;24390;24372.5;24376.5;1907
20260323 171200;24377;24389.5;24372.25;24380.5;1527
20260323 171300;24380.75;24387.25;24374.5;24378.75;1251
20260323 171400;24379;24386.25;24375;24382.5;1163
20260323 171500;24382.5;24382.5;24353;24355.25;2422
20260323 171600;24355;24362.5;24350.75;24356;1911
20260323 171700;24355.25;24356.5;24326.5;24345.5;3540
20260323 171800;24346.5;24367;24341.25;24357.25;2395
20260323 171900;24357.75;24364.75;24349.75;24353;1752
20260323 172000;24352.75;24357;24346.25;24349;1259
20260323 172100;24348.25;24349.25;24311.5;24315.5;3506
20260323 172200;24315.75;24331;24312.5;24326;2898
20260323 172300;24326;24343;24323;24332.75;2627
20260323 172400;24332.75;24340.25;24323.5;24336.5;2100
20260323 172500;24335.5;24341;24329.25;24331.25;1182
20260323 172600;24330.75;24368.75;24326.75;24355.75;3613
20260323 172700;24356;24369;24351;24365.5;1941
20260323 172800;24366.25;24372.25;24354.25;24362.25;1969
20260323 172900;24361.5;24369.25;24353.75;24354.75;1673
20260323 173000;24355.75;24365.75;24355;24355;1089
20260323 173100;24355.25;24384.5;24354.25;24369.25;2802
20260323 173200;24370.5;24382.25;24369.5;24380.5;1530
20260323 173300;24380.5;24383;24366.5;24371.25;1548
20260323 173400;24370.25;24434.25;24367.25;24421.25;6803
20260323 173500;24422.25;24426.5;24405.75;24423.5;2608
20260323 173600;24424.5;24457.5;24422.75;24453.75;5693
20260323 173700;24454.5;24466;24447;24463.75;3625
20260323 173800;24464.25;24472.75;24459;24459.75;3288
20260323 173900;24458.5;24462.25;24442.75;24446;3357
20260323 174000;24446.25;24452;24436.75;24450;3015
20260323 174100;24449.5;24451.25;24434.5;24447;2039
20260323 174200;24446.75;24447.25;24427.25;24431.25;2307
20260323 174300;24430.5;24444;24429.25;24430.75;2063
20260323 174400;24429.5;24438;24403.75;24411.5;4247
20260323 174500;24411.5;24420.5;24407.5;24414.75;1873
20260323 174600;24416;24421.5;24400.5;24407.75;2177
20260323 174700;24407.75;24409.25;24397;24405;1806
20260323 174800;24405.5;24405.75;24388.75;24401;1996
20260323 174900;24400.75;24412.25;24398.25;24410.5;1696
20260323 175000;24410.25;24413.25;24402.25;24411.25;1053
20260323 175100;24411.25;24426;24404.5;24422;2518
20260323 175200;24421.75;24433.5;24417.5;24426.75;1939
20260323 175300;24426.5;24434;24422;24426.25;1440
20260323 175400;24426.75;24441.5;24425;24434;1923
20260323 175500;24433.25;24441.5;24431.75;24439.75;1500
20260323 175600;24439.75;24446.75;24428;24446.25;2445
20260323 175700;24446.75;24456.25;24443.75;24453.5;2117
20260323 175800;24453.25;24457.75;24447;24454.75;1304
20260323 175900;24454.75;24467.75;24453.75;24464.75;1722
20260323 180000;24465;24474.25;24456.75;24467.75;2506
20260323 180100;24468.25;24472.5;24461;24464;2056
20260323 180200;24464;24471.5;24458.75;24463.75;1728
20260323 180300;24464.25;24472;24457.75;24466;1567
20260323 180400;24466;24478;24464;24477.25;1524
20260323 180500;24476.75;24489;24473.5;24481.5;2949
20260323 180600;24482;24485.75;24472.75;24479.75;1581
20260323 180700;24479.25;24481;24465;24469.5;1880
20260323 180800;24470;24477;24416.5;24424.5;7249
20260323 180900;24424.75;24455.75;24420.5;24449.25;3428
20260323 181000;24449.5;24456.5;24442.75;24449.25;1404
20260323 181100;24448;24475;24448;24461.5;2586
20260323 181200;24462;24475.25;24455.75;24472.75;1981
20260323 181300;24472.25;24472.25;24455;24459;1677
20260323 181400;24459.25;24473.75;24455.25;24466;2053
20260323 181500;24465.5;24470.75;24452.5;24456.5;1691
20260323 181600;24456.75;24464.5;24450.25;24463.5;1639
20260323 181700;24463.75;24464.25;24438;24438.5;2592
20260323 181800;24439;24447.75;24433.25;24443.5;1794
20260323 181900;24444;24458.5;24440.25;24455;1521
20260323 182000;24455.75;24459;24444.5;24449.25;1291
20260323 182100;24448.75;24455;24446;24450;961
20260323 182200;24449.75;24458.25;24447.25;24457.75;1336
20260323 182300;24457.5;24457.5;24440;24443.75;1598
20260323 182400;24443.5;24455.75;24443;24450.5;1280
20260323 182500;24448.5;24454;24447;24453.25;910
20260323 182600;24453;24468;24451;24457.25;2439
20260323 182700;24457.25;24460.5;24449.75;24459.5;1356
20260323 182800;24459;24465;24453.25;24454;1535
20260323 182900;24454;24459.75;24446.25;24451.25;1694
20260323 183000;24451;24451.25;24440.5;24446.25;1714
20260323 183100;24445.75;24471.75;24445.75;24464.25;2455
20260323 183200;24465;24471.5;24458.5;24467.75;1555
20260323 183300;24468;24468.25;24456.25;24467.75;1335
20260323 183400;24468.25;24501.25;24466.75;24493.25;4437
20260323 183500;24493.5;24511.75;24487.25;24510;3551
20260323 183600;24509.5;24531.5;24509.5;24515.25;4809
20260323 183700;24515;24531.25;24514.5;24524.25;2792
20260323 183800;24524.5;24537;24522.75;24528.5;2559
20260323 183900;24528;24530.5;24515.75;24525.25;2931
20260323 184000;24525;24525;24483.5;24508.75;6216
20260323 184100;24508.75;24518.5;24501;24507.5;2364
20260323 184200;24507.5;24507.75;24491.5;24497.75;2336
20260323 184300;24497.75;24510;24495;24506;1732
20260323 184400;24506.25;24518;24502.25;24511;1686
20260323 184500;24510.75;24515.25;24500.75;24505.75;1494
20260323 184600;24505.5;24514.25;24497.5;24512.5;1588
20260323 184700;24513;24521;24510;24519.75;1279
20260323 184800;24519.5;24521;24509.25;24519.5;1157
20260323 184900;24519;24524;24512.5;24515.25;1341
20260323 185000;24515.5;24528;24509.25;24522.5;2824
20260323 185100;24522.5;24526;24507;24508;1553
20260323 185200;24507.75;24519.5;24502;24517;1390
20260323 185300;24516.75;24518;24506;24507.25;880
20260323 185400;24507.5;24514;24501.75;24510.25;1465
20260323 185500;24510.25;24513.5;24504.25;24510.5;1049
20260323 185600;24510.75;24518;24507;24509.75;1043
20260323 185700;24510.25;24516.75;24507.25;24507.5;727
20260323 185800;24507.5;24511;24500.25;24509.75;1150
20260323 185900;24509.5;24521.75;24508.25;24520.5;1202
20260323 190000;24520.25;24522.25;24512.75;24514.75;1075
20260323 190100;24514.5;24517.5;24495.75;24499.25;2186
20260323 190200;24498.75;24503.5;24494;24501.75;1489
20260323 190300;24501.75;24509.75;24500.5;24506.5;1208
20260323 190400;24506.25;24509.5;24492;24495.5;1392
20260323 190500;24496;24505;24492.75;24499.5;1217
20260323 190600;24499;24505.25;24497.5;24500.5;1170
20260323 190700;24500.5;24511.75;24498.5;24503.5;1274
20260323 190800;24503.25;24508.5;24499;24504.75;883
20260323 190900;24505;24509.5;24500.5;24507.5;824
20260323 191000;24507.25;24516;24504;24511;1315
20260323 191100;24511;24515.25;24495.75;24499.75;1492
20260323 191200;24500.75;24505.5;24498;24502;893
20260323 191300;24501.5;24506.5;24496;24500.25;1091
20260323 191400;24500.5;24503.25;24494.25;24496.25;1102
20260323 191500;24496.5;24502;24493;24493.75;992
20260323 191600;24494.25;24502.5;24485.5;24488;2218
20260323 191700;24488;24489.75;24469.5;24472;2934
20260323 191800;24472.25;24487.75;24472;24476.5;2032
20260323 191900;24476.25;24480;24473;24476;1325
20260323 192000;24476.25;24484.5;24473.5;24484;1160
20260323 192100;24484;24488;24472.75;24480.25;1505
20260323 192200;24480.75;24485;24471.75;24477.25;1302
20260323 192300;24477.25;24479;24466;24473;1559
20260323 192400;24473.25;24480.5;24469.75;24474.5;1258
20260323 192500;24474;24478.75;24470.25;24476.25;837
20260323 192600;24476;24485.25;24473.5;24476;2267
20260323 192700;24476.25;24482.5;24459.25;24469.25;2858
20260323 192800;24469.75;24477.5;24467.75;24471.75;1183
20260323 192900;24472.25;24486;24470;24482;1738
20260323 193000;24482.25;24483.25;24471.25;24474.25;1449
20260323 193100;24473.75;24485;24471;24476.5;1638
20260323 193200;24477.25;24479.5;24468.75;24472.25;1116
20260323 193300;24472.75;24478.75;24470.75;24475;729
20260323 193400;24475.5;24482.75;24475.5;24478.75;932
20260323 193500;24478.75;24479.5;24470.25;24474.5;787
20260323 193600;24474.75;24483;24469.5;24471;1178
20260323 193700;24471.25;24475.75;24466.5;24472.75;1043
20260323 193800;24472.75;24475.25;24466.75;24472.5;974
20260323 193900;24472.25;24490.25;24471;24487.25;2382
20260323 194000;24487;24488;24479.75;24483;1097
20260323 194100;24482.5;24487;24480;24486;702
20260323 194200;24485.75;24495.25;24478;24480;2228
20260323 194300;24479.75;24486;24475.25;24478.75;1257
20260323 194400;24478.5;24483.25;24475.75;24481;682
20260323 194500;24480.75;24496.5;24480.25;24495.5;1507
20260323 194600;24495.75;24502.75;24493.25;24502.25;2584
20260323 194700;24502.5;24514.25;24502;24510.75;2568
20260323 194800;24511;24511;24496.25;24497.25;2466
20260323 194900;24496.75;24496.75;24481;24489.75;2888
20260323 195000;24489;24496.25;24488.75;24491.25;990
20260323 195100;24491;24496.25;24460.5;24468.5;4328
20260323 195200;24468.5;24473.5;24455.25;24457.5;2227
20260323 195300;24456.75;24465;24456.5;24462.5;1390
20260323 195400;24463;24465;24449.25;24461.5;2752
20260323 195500;24461.75;24463.75;24446.5;24447.5;2472
20260323 195600;24447;24453.25;24432.5;24435.25;3566
20260323 195700;24435;24436;24421.75;24424.25;2992
20260323 195800;24424.75;24426.5;24403;24419.75;3897
20260323 195900;24419.75;24422.25;24406.5;24409.25;2348
20260323 200000;24409;24420.5;24398.5;24399.5;8159
20260323 200100;24399.75;24410.5;24379.25;24381.5;5371
20260323 200200;24381.25;24387.75;24357.75;24367;3249
20260323 200300;24367.75;24379.5;24366.25;24373.5;2044
20260323 200400;24373.5;24381;24367.75;24377.75;1336
20260323 200500;24378.25;24382.5;24362.75;24367.5;1391
20260323 200600;24367.25;24376;24364.5;24375.75;1025
20260323 200700;24375.75;24383.25;24372.25;24382.25;1128
20260323 200800;24382.5;24390.75;24380.25;24389;1442
20260323 200900;24388.5;24396;24386.25;24394;1082
20260323 201000;24394.5;24405.75;24394;24405;1173
20260323 201100;24405.25;24410;24404;24408.75;1278
20260323 201200;24408.5;24415.75;24397.25;24398.75;1402
20260323 201300;24398.25;24406;24396.75;24404.5;767
20260323 201400;24404;24408;24400.25;24407.25;578
20260323 201500;24406.75;24414.75;24403.75;24412.5;897
20260323 201600;24413.25;24423.5;24412;24422.5;1042
20260323 201700;24422;24424;24417.25;24418;542
20260323 201800;24418.25;24418.75;24409;24411.25;642
20260323 201900;24411;24411.75;24404.75;24407.75;643
20260323 202000;24408.5;24409.25;24397.75;24400.75;837
20260323 202100;24400.75;24407.5;24400;24405.25;591
20260323 202200;24405;24416.75;24404;24416;677
20260323 202300;24415.75;24416.25;24409.25;24413.25;391
20260323 202400;24413.25;24418.5;24413;24415.25;380
20260323 202500;24414.5;24416;24412.25;24414.75;213
20260323 202600;24414.25;24418;24412;24417.5;217
20260323 202700;24417.75;24421.25;24413;24413;444
20260323 202800;24413.25;24415.5;24410;24413.25;303
20260323 202900;24413.5;24418;24411.25;24411.5;259
20260323 203000;24413;24414.25;24410.75;24412.5;226
20260323 203100;24412.75;24413;24407.75;24408.5;348
20260323 203200;24408.25;24410;24404;24404;457
20260323 203300;24405.25;24405.25;24401;24401.5;374
20260323 203400;24401.25;24406.5;24399.5;24402.5;271
20260323 203500;24403.25;24410.25;24403.25;24408.5;256
20260323 203600;24408.75;24414.25;24406.5;24414;337
20260323 203700;24414;24421.75;24413.75;24420.5;388
20260323 203800;24420.25;24430;24420.25;24428.5;579
20260323 203900;24428.75;24430.25;24425;24428;330
20260323 204000;24427.75;24429.25;24425.25;24427;221
20260323 204100;24427.25;24430.25;24425.75;24429.25;161
20260323 204200;24429.25;24434.25;24426;24431;433
20260323 204300;24430.75;24431;24423;24426.5;300
20260323 204400;24426.5;24428.75;24424.5;24428;165
20260323 204500;24428.25;24430;24423.75;24425;284
20260323 204600;24425.25;24427;24418;24424.25;500
20260323 204700;24425.25;24426.25;24421.5;24422.75;246
20260323 204800;24422.25;24425;24419;24421.25;283
20260323 204900;24421.25;24424.5;24420.75;24422.25;148
20260323 205000;24422;24422;24414.5;24417.5;380
20260323 205100;24417.75;24422.5;24416.25;24416.75;262
20260323 205200;24416.5;24424;24416.25;24419.5;229
20260323 205300;24419.5;24420;24407.75;24409.25;258
20260323 205400;24409.5;24412;24404.25;24404.25;303
20260323 205500;24404.25;24408;24402.75;24405.5;202
20260323 205600;24407.75;24409.5;24403.75;24405.25;170
20260323 205700;24405.75;24409.25;24404.75;24409;86
20260323 205800;24409;24409.5;24405;24405.25;101
20260323 205900;24406.75;24407.25;24401.75;24403.25;107
20260323 210000;24404;24404.25;24392.25;24400.25;454
20260323 220100;24408.25;24412;24387.25;24400.25;908
20260323 220200;24398.25;24418.5;24397.25;24406.25;902
20260323 220300;24407.5;24407.5;24396;24401;568
20260323 220400;24400.75;24402.25;24384;24385.5;688
20260323 220500;24385.5;24399;24385;24391.25;548
20260323 220600;24392;24393;24383.5;24392.25;562
20260323 220700;24391.75;24401.75;24377;24386.5;957
20260323 220800;24385.5;24395.75;24383.25;24392.75;367
20260323 220900;24394;24429.75;24390.75;24417.75;1380
20260323 221000;24417.5;24428.5;24416;24419.75;757
20260323 221100;24419.25;24434;24410.75;24422.5;893
20260323 221200;24423;24425.5;24415.25;24417;298
20260323 221300;24417.75;24424.5;24417;24422;271
20260323 221400;24421.75;24430;24418.5;24426.25;440
20260323 221500;24426.75;24433;24423.5;24425.5;448
20260323 221600;24425.25;24425.75;24416.25;24422.5;350
20260323 221700;24421.5;24428;24416.75;24423.5;402
20260323 221800;24424;24425;24420;24421.75;138
20260323 221900;24421.25;24421.75;24418.25;24420;137
20260323 222000;24419.75;24427.25;24419.75;24425;239
20260323 222100;24425;24427.5;24422.5;24423.75;153
20260323 222200;24424.5;24424.75;24417.75;24418.75;297
20260323 222300;24418;24423.75;24417.75;24420.5;147
20260323 222400;24421;24431;24418.5;24429;367
20260323 222500;24428.25;24432;24425.75;24429.25;322
20260323 222600;24429.25;24442.25;24426;24431.75;617
20260323 222700;24432;24434.75;24428.5;24429.5;302
20260323 222800;24430;24435.75;24429.25;24435;214
20260323 222900;24435.25;24436.5;24422;24427.25;624
20260323 223000;24428.25;24435;24427;24432.75;279
20260323 223100;24431;24433.5;24426;24427.5;294
20260323 223200;24427.75;24428.25;24422;24423.5;292
20260323 223300;24423.5;24424.75;24416;24417;387
20260323 223400;24416.25;24421;24413.5;24417;395
20260323 223500;24417.75;24427.25;24416.75;24425.5;478
20260323 223600;24425.5;24436.5;24424.5;24433.25;557
20260323 223700;24433.25;24447.75;24430.75;24436.75;1123
20260323 223800;24436.75;24443.25;24435.25;24442.25;348
20260323 223900;24442;24443.75;24437.5;24438.75;241
20260323 224000;24438.75;24439;24433;24433.25;242
20260323 224100;24434.25;24442.25;24432.75;24438.5;352
20260323 224200;24438.5;24439.75;24435.25;24437.5;149
20260323 224300;24437.75;24440.75;24433.75;24436;255
20260323 224400;24436;24442.25;24435.25;24442.25;155
20260323 224500;24442.25;24443.5;24440;24443.25;192
20260323 224600;24443.5;24447.75;24443.25;24446;406
20260323 224700;24445.75;24446.5;24439;24443;260
20260323 224800;24441.75;24450.5;24439.5;24450.25;361
20260323 224900;24450.25;24453.5;24446.5;24451;742
20260323 225000;24450.5;24455;24447.75;24448;320
20260323 225100;24449;24453.25;24448.75;24453;246
20260323 225200;24453.25;24459.25;24451.75;24459;511
20260323 225300;24459.25;24468.5;24459;24463.75;969
20260323 225400;24463.5;24473;24461;24472.5;617
20260323 225500;24471.75;24482.75;24471;24478;1026
20260323 225600;24477.75;24487.25;24475.25;24480.5;646
20260323 225700;24480;24482.5;24475.5;24477.75;421
20260323 225800;24477.75;24485;24476.5;24483;344
20260323 225900;24483.5;24490;24480;24487.5;553
20260323 230000;24486.75;24486.75;24480;24482;362
20260323 230100;24482.25;24483.5;24468.5;24470;1008
20260323 230200;24470.25;24480.75;24469.75;24475.25;447
20260323 230300;24476;24477.5;24471.5;24474.5;284
20260323 230400;24474.5;24477.5;24472.25;24473.5;153
20260323 230500;24472.25;24474.5;24464.75;24467.25;437
20260323 230600;24468;24471;24463.75;24464.75;339
20260323 230700;24464.75;24466;24461;24461.75;379
20260323 230800;24462.5;24467.75;24461.75;24465.5;323
20260323 230900;24465.5;24467;24463.75;24464.75;165
20260323 231000;24466.5;24470;24465.75;24467.5;248
20260323 231100;24467.5;24475;24466;24470;467
20260323 231200;24469.75;24470.5;24460.25;24462.5;439
20260323 231300;24462;24466;24461;24464;151
20260323 231400;24464;24478;24462.75;24474.75;522
20260323 231500;24475;24475.75;24469.25;24470.25;225
20260323 231600;24470.25;24475;24469.75;24470.25;260
20260323 231700;24470;24477.5;24468.25;24472;338
20260323 231800;24471.75;24476;24470.5;24474.25;186
20260323 231900;24474.25;24477.25;24472;24474.25;305
20260323 232000;24474.5;24478;24472.75;24474.5;275
20260323 232100;24473.75;24474.25;24466.25;24467.75;445
20260323 232200;24467.5;24476.25;24465.25;24475.25;213
20260323 232300;24476;24477;24469.5;24473;222
20260323 232400;24473.75;24473.75;24469.25;24470.25;182
20260323 232500;24469.75;24476.25;24469.25;24476.25;174
20260323 232600;24475.5;24477.5;24472.25;24473.5;283
20260323 232700;24473;24475.75;24472.25;24474.75;82
20260323 232800;24474;24476.75;24471.75;24473.75;133
20260323 232900;24473.75;24475.75;24465.75;24466.5;268
20260323 233000;24466.5;24469.5;24462.5;24466;378
20260323 233100;24465.25;24465.25;24450;24457.5;933
20260323 233200;24458.25;24461.75;24456;24459.75;301
20260323 233300;24459.5;24461.5;24455;24458.25;216
20260323 233400;24458.25;24461.25;24457.25;24460.5;127
20260323 233500;24460;24461;24456;24459.25;160
20260323 233600;24458.5;24460.5;24453.25;24455;214
20260323 233700;24454.75;24457;24452;24455.75;262
20260323 233800;24455;24459.75;24454;24456;230
20260323 233900;24456;24458.5;24453.5;24456;261
20260323 234000;24456;24463.5;24454.25;24463.25;257
20260323 234100;24462.5;24471;24461;24464.25;755
20260323 234200;24463.25;24467.5;24461.5;24463.25;212
20260323 234300;24462.75;24473;24462;24469.25;350
20260323 234400;24469;24472.25;24467.5;24468.5;180
20260323 234500;24468.5;24475;24468.5;24473;291
20260323 234600;24472.25;24475;24436.5;24444.5;1985
20260323 234700;24444.75;24451.25;24439.5;24447.25;915
20260323 234800;24447.75;24449.25;24437.5;24438.5;551
20260323 234900;24437.75;24444.5;24436.75;24439;566
20260323 235000;24439;24441.5;24426;24439.5;1325
20260323 235100;24439.5;24439.5;24431.75;24439;534
20260323 235200;24438.5;24443.5;24432;24432;521
20260323 235300;24433.25;24441.5;24432;24434.5;299
20260323 235400;24435.25;24447.5;24434.5;24446;345
20260323 235500;24445;24445.25;24430.75;24431.75;628
20260323 235600;24432.5;24439.75;24432.5;24439;289
20260323 235700;24438.5;24440.75;24432.75;24434.25;267
20260323 235800;24434.5;24441.75;24432.5;24434.75;256
20260323 235900;24435.5;24455;24435.5;24453.75;935
20260324 000000;24453.75;24459.75;24448;24456.25;853
20260324 000100;24454.75;24457.75;24444.75;24447;877
20260324 000200;24446.5;24447.5;24407.75;24413.25;1930
20260324 000300;24413.75;24427.5;24408;24411.25;1543
20260324 000400;24411.25;24420.5;24394;24404.5;1714
20260324 000500;24404;24411;24396.75;24396.75;915
20260324 000600;24397;24408.75;24394.5;24400.25;906
20260324 000700;24400.5;24406;24396;24398.5;775
20260324 000800;24397.25;24409.25;24393;24407.25;903
20260324 000900;24407.75;24410;24390.75;24390.75;761
20260324 001000;24391.5;24403.25;24390;24394.25;590
20260324 001100;24394.75;24406.25;24388.5;24403.25;999
20260324 001200;24403.25;24406;24389;24390;531
20260324 001300;24388.75;24393.25;24371.75;24381.5;1491
20260324 001400;24381.5;24386.75;24374;24377.25;918
20260324 001500;24377.25;24377.25;24368.5;24368.5;637
20260324 001600;24369.75;24371.25;24336.25;24342;2609
20260324 001700;24341.75;24349.75;24339;24339.75;1015
20260324 001800;24339.75;24339.75;24318.75;24322.5;1953
20260324 001900;24321.5;24328;24311.5;24324.5;1421
20260324 002000;24323.5;24337.75;24319.5;24334.5;1208
20260324 002100;24334.5;24335.25;24301.75;24319.5;2338
20260324 002200;24319.5;24351.25;24319;24350;1713
20260324 002300;24349.5;24368.75;24347.5;24367.5;1750
20260324 002400;24368;24371.25;24362;24369;928
20260324 002500;24368.25;24382.75;24368;24379;1075
20260324 002600;24379.5;24397.25;24374.25;24393.5;1201
20260324 002700;24394.25;24399;24378.25;24380.25;1100
20260324 002800;24380.5;24393.75;24378.25;24381.75;876
20260324 002900;24382;24391.75;24373;24391.25;968
20260324 003000;24390.5;24393.5;24378.5;24388.75;763
20260324 003100;24389;24400;24387;24394.25;933
20260324 003200;24393.75;24399;24378.75;24379.25;989
20260324 003300;24380;24381;24365.5;24366.25;1201
20260324 003400;24366.5;24372.75;24362;24365.5;830
20260324 003500;24366.5;24391.25;24365.5;24386.5;974
20260324 003600;24386;24386.5;24366.5;24369;781
20260324 003700;24369.5;24378.75;24369.5;24372.5;414
20260324 003800;24372.5;24373.5;24364;24370.25;676
20260324 003900;24371;24371.75;24320;24325;2297
20260324 004000;24325;24337.25;24267.5;24311.25;5888
20260324 004100;24312.25;24326.25;24301.75;24322.75;1706
20260324 004200;24323.5;24339.5;24322.25;24334.25;1349
20260324 004300;24334.75;24335;24308.75;24324;1312
20260324 004400;24324.25;24324.5;24313.5;24322.75;753
20260324 004500;24322;24326.5;24312.5;24319.75;541
20260324 004600;24320;24339.25;24318;24331;1117
20260324 004700;24330.75;24337.5;24323;24328.75;613
20260324 004800;24328.5;24338.5;24328.25;24330.25;588
20260324 004900;24329.25;24335.25;24324.5;24325.25;558
20260324 005000;24326.25;24327.75;24312.75;24321;990
20260324 005100;24322;24332.25;24312.25;24317.25;1044
20260324 005200;24316.5;24329.75;24314.5;24321.25;608
20260324 005300;24321.75;24330.25;24319.5;24327.75;511
20260324 005400;24327.5;24342.5;24324.75;24337.75;903
20260324 005500;24338;24338.25;24317.75;24323;882
20260324 005600;24323.5;24337;24322.75;24332.5;618
20260324 005700;24333;24333.5;24313;24320;743
20260324 005800;24319.75;24324;24316.25;24317;453
20260324 005900;24316.75;24338.75;24314.75;24329.75;1250
20260324 010000;24331;24331.75;24322;24324.25;411
20260324 010100;24325;24326.75;24308.75;24311.75;988
20260324 010200;24312.5;24319.5;24311;24318;461
20260324 010300;24318;24318.75;24297;24298;1397
20260324 010400;24298.75;24303;24284.75;24286;1110
20260324 010500;24286.75;24298.5;24285.5;24292;838
20260324 010600;24292.75;24300.5;24280;24291.75;1412
20260324 010700;24291.75;24294.5;24257.75;24269.75;1991
20260324 010800;24270.75;24280.75;24269.75;24273;1273
20260324 010900;24273.75;24283.25;24273;24277;802
20260324 011000;24276.75;24289;24272;24281;807
20260324 011100;24281;24300;24274.25;24294.5;1235
20260324 011200;24292.75;24300.5;24289.25;24290.75;801
20260324 011300;24290;24290.75;24283.25;24286.25;793
20260324 011400;24286.25;24294.5;24279;24284.5;672
20260324 011500;24284.5;24288.75;24275.75;24282;743
20260324 011600;24281.25;24290;24268.25;24275.75;967
20260324 011700;24275.5;24279.25;24262.75;24268.25;796
20260324 011800;24268;24273.75;24256.25;24263;1075
20260324 011900;24263.75;24274;24261.5;24267.5;748
20260324 012000;24266.75;24275.75;24263.5;24273;660
20260324 012100;24273;24285.75;24273;24283.75;1042
20260324 012200;24284;24288;24274.75;24278.5;551
20260324 012300;24278.5;24304.5;24274.25;24298.5;1281
20260324 012400;24298.5;24305;24288.5;24295.25;1043
20260324 012500;24296.5;24305;24293.5;24302.25;712
20260324 012600;24302;24311.25;24300.25;24308.5;1041
20260324 012700;24309;24310.5;24291.25;24300.75;863
20260324 012800;24301.5;24311.5;24297.75;24310.5;900
20260324 012900;24309.75;24316;24304.75;24307;1006
20260324 013000;24306;24312.5;24300;24303.25;662
20260324 013100;24303;24303.5;24288;24294;1170
20260324 013200;24294.5;24295;24282;24285.75;765
20260324 013300;24286.25;24290;24272.75;24277.5;933
20260324 013400;24276.75;24284.25;24274.25;24281.25;738
20260324 013500;24281;24289;24275.5;24283.75;706
20260324 013600;24284;24290.25;24280.5;24283.5;590
20260324 013700;24282.75;24288.5;24279;24282.75;555
20260324 013800;24282;24287.25;24265.5;24267.75;1075
20260324 013900;24269.25;24272.75;24262.25;24265.75;611
20260324 014000;24265.25;24270.25;24263.25;24265.75;588
20260324 014100;24265.5;24273.75;24265.5;24267.25;570
20260324 014200;24266.5;24267.75;24243.75;24247.75;1918
20260324 014300;24247.75;24257;24246.5;24253.25;1044
20260324 014400;24252.5;24257.25;24248.75;24250;620
20260324 014500;24250.5;24252;24238;24242.5;1450
20260324 014600;24243.25;24249.75;24239.75;24240;753
20260324 014700;24240;24244.5;24236.75;24238.75;538
20260324 014800;24238.5;24242.25;24225.5;24236.25;1346
20260324 014900;24235.5;24247.25;24233.75;24240.75;939
20260324 015000;24241;24249.5;24235;24244.5;892
20260324 015100;24244.75;24265;24243.5;24257;1461
20260324 015200;24256.25;24262.5;24251.75;24254.5;873
20260324 015300;24255;24262;24251.75;24258.5;568
20260324 015400;24258.5;24264;24253;24257.75;484
20260324 015500;24258.5;24260.25;24243.5;24249.5;741
20260324 015600;24249.5;24259.25;24247.75;24254;634
20260324 015700;24251.75;24262.5;24251.5;24258.5;368
20260324 015800;24258.5;24259;24252;24255.75;217
20260324 015900;24256.25;24263;24255.5;24260.75;399
20260324 020000;24261;24266.25;24254.5;24264;664
20260324 020100;24263;24265.75;24246;24252;898
20260324 020200;24251.25;24267.25;24250.5;24263.25;744
20260324 020300;24263.75;24264.25;24253.25;24261;576
20260324 020400;24261.25;24266.75;24252.75;24263;561
20260324 020500;24262.5;24267.25;24258.75;24263.5;485
20260324 020600;24263.5;24266.75;24248.5;24252.5;833
20260324 020700;24252;24259.25;24251.25;24256.75;401
20260324 020800;24256.5;24259.25;24251;24257.5;404
20260324 020900;24258;24260.75;24241.25;24245.5;772
20260324 021000;24245;24255.25;24244.25;24252.75;411
20260324 021100;24252;24254.25;24233;24235;844
20260324 021200;24234.75;24239.25;24223.25;24223.75;1278
20260324 021300;24223.25;24245.5;24222.75;24239.25;1245
20260324 021400;24238.75;24251.75;24237;24246.75;733
20260324 021500;24247;24250;24235.25;24239.5;584
20260324 021600;24239.25;24247.75;24238.75;24241.25;499
20260324 021700;24241.5;24255.5;24240;24254.5;566
20260324 021800;24254.75;24258.25;24238.25;24244;681
20260324 021900;24242.5;24251.75;24241;24244;440
20260324 022000;24243;24261.5;24242.5;24258.25;612
20260324 022100;24258.5;24269.5;24256.25;24264;1102
20260324 022200;24263.25;24279;24257;24273;1015
20260324 022300;24272.25;24288;24271;24280;1492
20260324 022400;24279.75;24291.5;24277.75;24284.25;1042
20260324 022500;24285.25;24293;24283.75;24288.5;736
20260324 022600;24288.25;24294.5;24281.5;24292.5;669
20260324 022700;24293;24293.5;24264.75;24268.75;1175
20260324 022800;24267.25;24271.75;24262.75;24270;764
20260324 022900;24269.25;24278;24268.5;24268.75;598
20260324 023000;24269.25;24279;24267.5;24275.5;548
20260324 023100;24275;24277.25;24266.75;24267;496
20260324 023200;24267;24269.25;24257.75;24263;692
20260324 023300;24263.25;24270;24263.25;24265.75;491
20260324 023400;24265.25;24268.75;24257.25;24261.5;552
20260324 023500;24262;24265;24259.25;24261;382
20260324 023600;24260.5;24274;24256;24273.25;742
20260324 023700;24273.5;24277;24263.75;24272.5;532
20260324 023800;24271.5;24282.5;24270.5;24280.5;640
20260324 023900;24280;24283.25;24269.75;24271;376
20260324 024000;24271.25;24273;24257.25;24259;636
20260324 024100;24258.5;24264.25;24257.75;24261;370
20260324 024200;24261.5;24274.75;24261;24273.5;495
20260324 024300;24273.75;24274;24268.5;24270.25;272
20260324 024400;24270.25;24278;24269;24276;323
20260324 024500;24276.25;24282.25;24275;24279.25;372
20260324 024600;24279;24281.75;24271.5;24279;510
20260324 024700;24279.25;24290.5;24279.25;24289;745
20260324 024800;24289.25;24290;24283;24283.25;357
20260324 024900;24282.75;24285;24278;24284.75;419
20260324 025000;24284.75;24285.25;24271;24272.5;604
20260324 025100;24272.5;24272.75;24248.5;24252.5;1308
20260324 025200;24251.5;24259.75;24249.25;24256;693
20260324 025300;24255.25;24259.5;24248.5;24248.5;552
20260324 025400;24249;24255.5;24247.5;24254.5;472
20260324 025500;24254.75;24261.25;24250.75;24259.75;358
20260324 025600;24259.5;24263;24253.75;24256.75;468
20260324 025700;24257.5;24260.75;24248;24249.5;350
20260324 025800;24249.25;24253.5;24247.5;24251.5;411
20260324 025900;24251.75;24257.5;24249.25;24256.5;275
20260324 030000;24257;24258;24245.75;24249.25;363
20260324 030100;24249.75;24255;24241.5;24242.5;659
20260324 030200;24242.25;24248.75;24240;24243.75;429
20260324 030300;24242.75;24248.75;24241.25;24247.25;258
20260324 030400;24247.75;24250;24242.75;24247.25;349
20260324 030500;24247.75;24248.25;24241.5;24244.25;235
20260324 030600;24244;24255;24243.5;24249.75;526
20260324 030700;24249;24254.75;24246.5;24246.75;401
20260324 030800;24246.5;24247.25;24236.5;24244.5;824
20260324 030900;24244.25;24248;24239.25;24241.5;306
20260324 031000;24241.75;24243.5;24234;24243;464
20260324 031100;24243.25;24250.25;24240.5;24246.75;514
20260324 031200;24246;24247.5;24243;24244.5;179
20260324 031300;24245.75;24246.75;24239.25;24246.5;193
20260324 031400;24246.25;24247.5;24242;24247.25;200
20260324 031500;24247.75;24258.5;24247.75;24249.25;620
20260324 031600;24248.75;24256;24248;24254.25;248
20260324 031700;24255;24260.5;24253.25;24260;417
20260324 031800;24259.5;24261.25;24255.5;24258.5;284
20260324 031900;24259;24260.75;24252;24255.75;300
20260324 032000;24256.5;24258;24252.5;24254.5;224
20260324 032100;24255;24264.5;24252.5;24263;334
20260324 032200;24262.75;24264.75;24254.5;24261;452
20260324 032300;24261;24271.5;24261;24265;602
20260324 032400;24265.5;24268.75;24264.25;24264.75;194
20260324 032500;24265;24267;24262.25;24264.25;242
20260324 032600;24264.5;24265.5;24259;24261.25;367
20260324 032700;24260.5;24269;24257.25;24266.5;398
20260324 032800;24266.75;24273.5;24265;24271.75;494
20260324 032900;24272;24281;24268.75;24280.5;466
20260324 033000;24280.75;24282.25;24272.25;24274.25;658
20260324 033100;24273.25;24274.25;24250.75;24252.75;1019
20260324 033200;24252.5;24257.25;24241.5;24241.5;740
20260324 033300;24242;24250;24239.25;24244.25;603
20260324 033400;24244.5;24245.5;24238;24243.75;554
20260324 033500;24243.5;24250.25;24238.75;24238.75;498
20260324 033600;24238.5;24245;24230.75;24231.5;769
20260324 033700;24232;24240.5;24231.5;24235.25;441
20260324 033800;24234.75;24242.75;24234.5;24240;317
20260324 033900;24239.5;24255.5;24239.5;24250.25;710
20260324 034000;24250.5;24266;24249.5;24261.75;838
20260324 034100;24262;24271.75;24257.5;24271.25;822
20260324 034200;24271.5;24272.5;24265.5;24272;303
20260324 034300;24272.25;24272.25;24263;24265.5;294
20260324 034400;24264.25;24267.5;24257.75;24260.75;373
20260324 034500;24260.25;24264.5;24260.25;24262.25;178
20260324 034600;24262;24266.75;24258;24260.25;348
20260324 034700;24260.5;24267.25;24257.25;24263.5;290
20260324 034800;24263.5;24272;24262.25;24271;276
20260324 034900;24271.5;24271.75;24263;24264.25;191
20260324 035000;24263.75;24266.25;24260.75;24264.5;184
20260324 035100;24264.75;24265.5;24257.25;24260;292
20260324 035200;24260;24264;24253.25;24256.25;440
20260324 035300;24255.25;24262;24254.25;24261;320
20260324 035400;24262;24264.75;24258.75;24264;195
20260324 035500;24263.25;24271;24260.75;24269;224
20260324 035600;24269.25;24270;24263.75;24270;180
20260324 035700;24270.25;24278.5;24268.75;24275;622
20260324 035800;24274.75;24276;24269;24271;394
20260324 035900;24271;24274.75;24267.75;24274.75;224
20260324 040000;24274.5;24277.25;24271.25;24276;209
20260324 040100;24276.75;24284.5;24275;24281.75;774
20260324 040200;24281.5;24287.25;24280.5;24285.25;484
20260324 040300;24285.5;24287.75;24278;24285;514
20260324 040400;24285.25;24288.75;24281.5;24287.75;255
20260324 040500;24287.5;24292.5;24284;24288.25;460
20260324 040600;24289;24298.25;24287.25;24295.75;688
20260324 040700;24295.75;24298.75;24286.75;24289;557
20260324 040800;24289;24291;24285.25;24289.25;260
20260324 040900;24288.25;24294;24287.5;24293;234
20260324 041000;24291.75;24298;24291;24296.5;253
20260324 041100;24296.5;24307.25;24294.5;24301.5;2411
20260324 041200;24301.75;24303.5;24296.75;24299.25;334
20260324 041300;24299.25;24299.5;24286;24288.75;604
20260324 041400;24288.75;24293;24284.75;24291.25;326
20260324 041500;24291.25;24296.25;24288.5;24295.25;194
20260324 041600;24294.5;24295.75;24283.25;24286.5;414
20260324 041700;24287;24287.25;24277.5;24279.25;470
20260324 041800;24280;24280.5;24274.5;24276.75;236
20260324 041900;24276.25;24280.5;24275.5;24277;201
20260324 042000;24276.5;24280.75;24276.25;24278.5;205
20260324 042100;24278.5;24283;24276.75;24279.25;245
20260324 042200;24279.5;24280;24271;24274;340
20260324 042300;24274.25;24274.75;24265;24265;539
20260324 042400;24265;24271.75;24264.5;24270.5;428
20260324 042500;24270.5;24271.25;24266;24266.25;214
20260324 042600;24265.25;24267;24260;24260;377
20260324 042700;24260;24265.75;24258.5;24259.5;357
20260324 042800;24259.75;24261.75;24257;24258.75;207
20260324 042900;24258.75;24265;24258.25;24260.5;240
20260324 043000;24259.75;24266.25;24258;24259.75;203
20260324 043100;24259;24265.5;24256.25;24260;378
20260324 043200;24260.5;24261.75;24243.5;24248.5;902
20260324 043300;24248.25;24252.5;24246.75;24250.75;314
20260324 043400;24249.75;24255;24247.75;24248.25;294
20260324 043500;24248.75;24255.25;24247.75;24253.25;232
20260324 043600;24252.75;24253.5;24247.25;24248.5;285
20260324 043700;24248.75;24255.5;24247;24252.25;323
20260324 043800;24252;24254;24250;24250;191
20260324 043900;24251;24254;24247.5;24249.5;160
20260324 044000;24248.75;24251.75;24247.5;24248;199
20260324 044100;24248;24251.25;24242.25;24245.25;320
20260324 044200;24245;24254;24244.75;24246.25;375
20260324 044300;24245.75;24247.75;24240.5;24246.75;278
20260324 044400;24246.25;24250.75;24245.75;24250.75;227
20260324 044500;24250;24250;24244.25;24245.75;167
20260324 044600;24245.25;24254;24243.5;24253.5;266
20260324 044700;24252.75;24254;24249.5;24253;298
20260324 044800;24252.75;24263.5;24252.25;24260.75;561
20260324 044900;24260.75;24266.75;24260.25;24264.75;437
20260324 045000;24264.75;24265.25;24259.75;24261.25;267
20260324 045100;24262;24263;24255;24260;344
20260324 045200;24260;24267.5;24257.5;24267.5;234
20260324 045300;24267.25;24271.5;24263.5;24270.75;409
20260324 045400;24270;24272.5;24265.5;24267.25;332
20260324 045500;24268.25;24268.5;24264;24265.5;121
20260324 045600;24265.5;24267.5;24261.75;24265.25;197
20260324 045700;24264.25;24265;24253.25;24253.75;448
20260324 045800;24253.25;24259.25;24252.75;24254;260
20260324 045900;24254.75;24257;24252;24253.75;205
20260324 050000;24254.5;24258;24251.5;24257.25;208
20260324 050100;24258;24261.5;24248;24252;636
20260324 050200;24250.5;24252.5;24237.25;24237.5;846
20260324 050300;24237.25;24245.25;24234;24245;753
20260324 050400;24245.5;24246.25;24232.25;24232.75;367
20260324 050500;24233.25;24235.25;24227.25;24228.25;629
20260324 050600;24228.25;24229.75;24220;24222;856
20260324 050700;24221.75;24228;24212.25;24222.75;1043
20260324 050800;24222;24226.5;24216.75;24225.5;595
20260324 050900;24225.25;24227.75;24217;24222.5;492
20260324 051000;24222.25;24223;24206.5;24211;946
20260324 051100;24211.25;24216;24203.25;24209;783
20260324 051200;24208.5;24218.5;24207.5;24214.25;563
20260324 051300;24214.25;24235.75;24211;24235;757
20260324 051400;24235.25;24241;24233.25;24237.75;846
20260324 051500;24236.5;24243.5;24232.25;24233.25;426
20260324 051600;24233.5;24239.25;24230.5;24231;359
20260324 051700;24231.25;24240.5;24231.25;24238.5;249
20260324 051800;24239;24240.75;24234;24238;190
20260324 051900;24238;24305.5;24237.25;24303;3427
20260324 052000;24303;24304;24260.5;24262.75;2061
20260324 052100;24262.25;24268;24256.25;24267.5;1055
20260324 052200;24267.75;24272.75;24246.75;24250;1070
20260324 052300;24249.5;24258;24219.5;24226;1445
20260324 052400;24225.25;24246.25;24221.5;24245.75;1079
20260324 052500;24244.75;24246.75;24232.25;24233.5;436
20260324 052600;24235;24241;24231;24232.25;328
20260324 052700;24233;24234;24227.25;24228.75;320
20260324 052800;24229;24230.5;24220.25;24221.5;306
20260324 052900;24222.5;24224.25;24193.5;24196;1736
20260324 053000;24196.5;24207.5;24195.5;24197.75;704
20260324 053100;24198.75;24206.5;24194.25;24199;576
20260324 053200;24199.5;24218.5;24199.25;24216.25;674
20260324 053300;24216.5;24217;24205.25;24208.5;318
20260324 053400;24208.5;24218.75;24208.5;24212.25;408
20260324 053500;24211.75;24223.75;24210;24219.75;431
20260324 053600;24220.5;24223.75;24214;24221.25;350
20260324 053700;24221.75;24223.75;24216.75;24219.5;274
20260324 053800;24220.75;24228;24220.25;24226;359
20260324 053900;24226;24236.25;24226;24235.5;392
20260324 054000;24236.25;24236.75;24227.5;24235.75;522
20260324 054100;24235.5;24253.5;24235;24252.25;815
20260324 054200;24253;24262;24251.75;24261.5;645
20260324 054300;24261.75;24265;24256.75;24262.75;442
20260324 054400;24263.5;24267.75;24255.25;24257.5;512
20260324 054500;24257.5;24258.25;24249.25;24253.25;394
20260324 054600;24253;24260.75;24245.75;24260.75;504
20260324 054700;24260.75;24268.75;24259.75;24265;497
20260324 054800;24265;24265.5;24258.25;24262.25;275
20260324 054900;24262.5;24262.75;24256.25;24259.75;199
20260324 055000;24259.5;24267;24253.25;24257;451
20260324 055100;24257.5;24262.75;24254.25;24262;322
20260324 055200;24261.75;24262.75;24253;24256.5;265
20260324 055300;24257.5;24266;24255.25;24265;381
20260324 055400;24265.5;24270;24260.5;24261.5;460
20260324 055500;24261.75;24265.25;24258;24261.75;267
20260324 055600;24261;24261;24251;24259.25;357
20260324 055700;24259.5;24260.25;24256.25;24258;194
20260324 055800;24257.25;24262.25;24255;24261.75;212
20260324 055900;24261.5;24263.25;24256.75;24259.25;153
20260324 060000;24259.25;24263.25;24257;24262;174
20260324 060100;24262.25;24272;24260;24268.25;739
20260324 060200;24268.25;24272.25;24259.25;24272.25;333
20260324 060300;24271.75;24296;24271.75;24291.75;1367
20260324 060400;24292.5;24292.5;24278.5;24282.5;540
20260324 060500;24281.25;24287;24278;24283.75;462
20260324 060600;24283.75;24298.5;24281.5;24296.5;696
20260324 060700;24295.75;24295.75;24285.25;24289.75;385
20260324 060800;24290;24291.25;24282.25;24285.5;282
20260324 060900;24283.5;24293.5;24283.5;24287.5;361
20260324 061000;24287.25;24296.25;24285.25;24295;344
20260324 061100;24295.5;24296.5;24290.75;24295.5;395
20260324 061200;24296;24297.5;24280.25;24288.5;496
20260324 061300;24289.25;24290.25;24282;24284.25;250
20260324 061400;24282.25;24287.25;24280.25;24281;243
20260324 061500;24281.25;24293.5;24280.75;24292.75;382
20260324 061600;24292.75;24295.5;24287.5;24295;284
20260324 061700;24294.75;24314.25;24293.75;24301.25;1149
20260324 061800;24301.75;24310;24296.75;24304.5;509
20260324 061900;24304.75;24308.25;24299.75;24307.5;363
20260324 062000;24307.5;24311;24302.25;24303.75;432
20260324 062100;24303.75;24310;24294.5;24307.75;593
20260324 062200;24308;24319.25;24305;24309.5;546
20260324 062300;24309.25;24323.5;24307;24320.75;626
20260324 062400;24320.75;24325.5;24316.75;24319.25;674
20260324 062500;24318.75;24321;24314;24317.75;341
20260324 062600;24317.25;24345;24314.75;24344.25;1277
20260324 062700;24344.25;24344.25;24330.75;24332.75;739
20260324 062800;24333;24337.5;24328.5;24334.5;440
20260324 062900;24334.25;24335;24320.25;24322;459
20260324 063000;24323;24326.75;24320.5;24323.25;406
20260324 063100;24323;24338.5;24323;24334.5;818
20260324 063200;24334.75;24336.75;24324;24329.25;629
20260324 063300;24330.25;24341.75;24327.75;24339.5;492
20260324 063400;24339;24340.25;24330.75;24338.75;685
20260324 063500;24339.25;24339.5;24332.5;24335.25;353
20260324 063600;24335.25;24343.75;24335.25;24339.5;465
20260324 063700;24338.75;24341.5;24333.5;24339.5;374
20260324 063800;24337.75;24358.75;24337.5;24352.75;1109
20260324 063900;24353.25;24353.25;24343.5;24346;548
20260324 064000;24345.25;24351.25;24344.5;24350.5;296
20260324 064100;24350.5;24354.5;24343;24345.5;399
20260324 064200;24346.25;24361;24345.5;24360.5;518
20260324 064300;24360.5;24363;24355.75;24357;527
20260324 064400;24356.75;24357;24351;24352.5;300
20260324 064500;24351.75;24357;24351.5;24354.25;285
20260324 064600;24354.25;24356;24341.25;24343.5;745
20260324 064700;24344.25;24367.75;24343.5;24360.25;862
20260324 064800;24360;24362.5;24354.25;24359;367
20260324 064900;24360;24367.5;24357.5;24359.5;410
20260324 065000;24360.5;24361.75;24353.75;24361.75;270
20260324 065100;24361.25;24364.5;24356.75;24362.25;300
20260324 065200;24362.25;24362.25;24353.25;24358.75;410
20260324 065300;24358.75;24362.25;24357.25;24359.75;248
20260324 065400;24359.5;24384.25;24355.75;24382.25;1319
20260324 065500;24382;24395.5;24375.5;24394.25;1305
20260324 065600;24394.5;24394.5;24379.75;24382.25;943
20260324 065700;24381.5;24383.25;24376;24383.25;598
20260324 065800;24382.5;24387.75;24375.75;24375.75;533
20260324 065900;24376;24382.75;24373.75;24381;500
20260324 070000;24380.5;24380.75;24375.5;24377.5;294
20260324 070100;24377;24390.25;24371.5;24388.5;975
20260324 070200;24388;24394;24378.5;24385.5;940
20260324 070300;24385.25;24403.75;24383;24401.5;1274
20260324 070400;24401.25;24409.25;24396.25;24406.25;1567
20260324 070500;24404.5;24412;24402.75;24409.5;932
20260324 070600;24410.25;24444;24404.5;24435.25;2208
20260324 070700;24435.25;24450.75;24434.5;24443;2326
20260324 070800;24442.5;24451.5;24435;24440.75;1200
20260324 070900;24440.25;24445.5;24434.5;24438.25;950
20260324 071000;24437.75;24448.75;24431.25;24448;964
20260324 071100;24447.5;24471.25;24447.5;24470.75;1742
20260324 071200;24470.5;24470.5;24458;24464.5;993
20260324 071300;24464.25;24491.5;24458.25;24489.75;1771
20260324 071400;24489;24500;24479.25;24482.75;2497
20260324 071500;24482.75;24486.5;24475.75;24483.25;1022
20260324 071600;24483;24494.5;24474;24492.25;1174
20260324 071700;24492.75;24503.75;24487.75;24496.75;1583
20260324 071800;24496;24507;24484.75;24485;1467
20260324 071900;24485;24485;24472.25;24478.25;1414
20260324 072000;24479.25;24484.25;24470.75;24482.25;1044
20260324 072100;24481.75;24487;24467.75;24472.25;1202
20260324 072200;24471.75;24482.5;24466.5;24477;738
20260324 072300;24477.25;24490.5;24474.25;24478.5;1110
20260324 072400;24479.25;24485;24469.75;24473.25;852
20260324 072500;24474;24478;24463.5;24470;722
20260324 072600;24469;24471.25;24462.5;24464.25;554
20260324 072700;24464.5;24464.5;24456;24460.25;981
20260324 072800;24459.75;24468;24454.75;24463;746
20260324 072900;24462.75;24478.5;24462.5;24468;783
20260324 073000;24468;24473.25;24465;24467.5;562
20260324 073100;24467.25;24473;24458;24459.75;906
20260324 073200;24460.5;24466.5;24451.5;24455.5;782
20260324 073300;24456;24456.75;24444.75;24449.75;1073
20260324 073400;24450;24451.25;24438.5;24445.25;924
20260324 073500;24445.75;24446.25;24435.75;24441.25;743
20260324 073600;24442.5;24444.75;24433.75;24435.5;865
20260324 073700;24436.25;24448.5;24435.25;24446;887
20260324 073800;24448.25;24451;24440.5;24444.5;544
20260324 073900;24444.5;24456.75;24443;24456.25;644
20260324 074000;24456.5;24460;24449.75;24450.5;628
20260324 074100;24450.5;24451;24444.75;24446.75;474
20260324 074200;24447;24461.75;24446.5;24459.75;498
20260324 074300;24460.5;24460.75;24448;24452;405
20260324 074400;24452.25;24459;24446;24452.5;387
20260324 074500;24453.25;24464.75;24453;24458;413
20260324 074600;24457.5;24458.5;24442.75;24445.75;571
20260324 074700;24445.75;24456.75;24445.5;24448.75;426
20260324 074800;24447.75;24451;24440.75;24449.5;492
20260324 074900;24450.5;24457;24446.25;24446.5;506
20260324 075000;24446.75;24456.25;24446.75;24453;467
20260324 075100;24452;24461.75;24442.5;24459;771
20260324 075200;24459.5;24471.5;24457.5;24463.25;846
20260324 075300;24462.5;24471;24462;24468.75;472
20260324 075400;24469;24470;24456.75;24460.25;474
20260324 075500;24460.25;24464.25;24452.5;24454.75;537
20260324 075600;24454.5;24463;24449.5;24462.25;601
20260324 075700;24462.25;24465.75;24456.75;24461.5;416
20260324 075800;24460.75;24469;24456.75;24465.25;616
20260324 075900;24466.25;24473.75;24464;24469;671
20260324 080000;24469;24473.25;24463.5;24467.25;657
20260324 080100;24466.5;24483;24450;24476.75;2069
20260324 080200;24477;24483.75;24454;24455.75;1134
20260324 080300;24455.25;24473.75;24454.25;24470.75;821
20260324 080400;24473.75;24474.75;24460;24463;935
20260324 080500;24462.75;24476.5;24457.5;24471.25;920
20260324 080600;24472.75;24490.25;24471.25;24487;1070
20260324 080700;24487.25;24491.25;24478.75;24487.5;962
20260324 080800;24486.75;24490.75;24479.5;24482;703
20260324 080900;24482.5;24485;24467.5;24467.5;788
20260324 081000;24467;24483.75;24463.25;24480;978
20260324 081100;24479.25;24482.25;24463;24468.25;762
20260324 081200;24466.75;24472;24462;24468.75;866
20260324 081300;24468.25;24479.5;24465.75;24477;624
20260324 081400;24478;24483;24471.25;24479;576
20260324 081500;24476.75;24480.5;24466.75;24473;428
20260324 081600;24472;24486.5;24470;24479.75;939
20260324 081700;24478.75;24490.5;24475;24480.5;1020
20260324 081800;24479;24483;24467;24468.5;765
20260324 081900;24470.5;24471.5;24443.5;24445;1086
20260324 082000;24444.5;24447.5;24417;24419.75;1979
20260324 082100;24420;24428.75;24411.25;24414.75;2010
20260324 082200;24413;24425;24410.25;24422.5;1089
20260324 082300;24423.25;24432.25;24420;24428.5;920
20260324 082400;24428.5;24436.25;24423.75;24425;1090
20260324 082500;24424.5;24427.75;24409;24416.25;1319
20260324 082600;24415.75;24417;24398;24403.5;1721
20260324 082700;24404;24418;24400.5;24401;1033
20260324 082800;24401.75;24405.5;24391.75;24405;1160
20260324 082900;24405;24406.5;24393.5;24400.25;680
20260324 083000;24400.75;24412.75;24395.5;24396.75;838
20260324 083100;24397.5;24400.25;24381.5;24392;1560
20260324 083200;24392.75;24405.5;24389.75;24396.25;930
20260324 083300;24395.75;24407.25;24394.5;24399.25;916
20260324 083400;24398.75;24405.25;24385.5;24386.75;989
20260324 083500;24386.75;24399;24386.5;24395.25;612
20260324 083600;24394.75;24415.5;24392;24413.75;906
20260324 083700;24413.75;24420.25;24410.25;24420;953
20260324 083800;24419.25;24421.75;24408.25;24413.25;645
20260324 083900;24413.75;24416.25;24399.5;24400.75;805
20260324 084000;24400.5;24410.25;24393.75;24408;650
20260324 084100;24407;24423.75;24404.25;24420.5;881
20260324 084200;24420;24423.75;24412;24416;616
20260324 084300;24416.25;24417;24392.5;24396.25;931
20260324 084400;24396.75;24400.5;24387.5;24391;748
20260324 084500;24390.75;24400.25;24386;24391;617
20260324 084600;24391;24406.5;24389.75;24399.75;797
20260324 084700;24400.25;24418.75;24399.25;24406.25;813
20260324 084800;24407;24422.25;24401;24416.75;727
20260324 084900;24417;24417.5;24410;24416.25;674
20260324 085000;24416.5;24417.25;24402.5;24405.25;587
20260324 085100;24405.5;24421.75;24382.25;24382.25;2459
20260324 085200;24383.5;24396.25;24369.25;24378;2074
20260324 085300;24378.5;24400.75;24377;24399.5;985
20260324 085400;24400.75;24404.5;24384;24387.5;946
20260324 085500;24386.5;24400.5;24385;24388;706
20260324 085600;24387.5;24397.75;24385.5;24389.75;448
20260324 085700;24389;24391.25;24361.75;24364.5;1090
20260324 085800;24365;24374.5;24363;24365.75;749
20260324 085900;24366;24384.25;24362.5;24379.5;796
20260324 090000;24380.5;24388;24372.75;24377;721
20260324 090100;24378.75;24380.75;24365.75;24371.5;917
20260324 090200;24372;24391.75;24372;24376.5;1114
20260324 090300;24376.75;24388;24368.25;24386;770
20260324 090400;24386;24391;24379.75;24385.25;601
20260324 090500;24385.5;24400;24385.5;24396;964
20260324 090600;24395.5;24399;24381.25;24385;833
20260324 090700;24384.75;24387.5;24365.75;24370.5;901
20260324 090800;24370;24375.75;24356.25;24362;1425
20260324 090900;24362.25;24366;24349.25;24352.75;1434
20260324 091000;24352.75;24357.5;24344;24346.5;973
20260324 091100;24345.75;24358.75;24342.75;24355.75;1311
20260324 091200;24356.25;24359.75;24336.75;24339;1442
20260324 091300;24338.75;24339.75;24330;24331;1080
20260324 091400;24331;24343.75;24324.25;24326.5;1341
20260324 091500;24327.25;24327.75;24305;24306.75;1690
20260324 091600;24306.75;24323.25;24304.5;24313.25;1184
20260324 091700;24313.75;24328.5;24308;24327.5;1119
20260324 091800;24328.25;24344.25;24328;24343;1005
20260324 091900;24343.75;24344.5;24334.5;24337.25;871
20260324 092000;24337.75;24342.75;24335.25;24341.75;804
20260324 092100;24341.5;24341.75;24325.75;24327.5;857
20260324 092200;24327.75;24334.5;24321.25;24324.25;730
20260324 092300;24325;24326;24314;24320.5;869
20260324 092400;24321.25;24335.25;24319.75;24329;686
20260324 092500;24330.5;24340.5;24324.5;24335.25;619
20260324 092600;24334.75;24349;24333.25;24341.75;944
20260324 092700;24342.5;24348;24331;24337.25;997
20260324 092800;24338;24348.75;24337;24347.25;408
20260324 092900;24346;24361.25;24342.75;24360.5;832
20260324 093000;24360.5;24366.75;24358.25;24358.75;704
20260324 093100;24358.25;24363.75;24352.25;24361.25;793
20260324 093200;24362.75;24365.5;24342.5;24354.75;806
20260324 093300;24356.75;24369.5;24354;24365.25;841
20260324 093400;24366.25;24371.25;24355.5;24355.75;790
20260324 093500;24356;24366.25;24354.5;24358;700
20260324 093600;24358.25;24369.5;24350.75;24367.75;852
20260324 093700;24368.25;24370;24356;24362.25;511
20260324 093800;24362;24368;24361;24367;372
20260324 093900;24367;24367.75;24355.75;24357.5;550
20260324 094000;24357.75;24367;24356.25;24365.75;520
20260324 094100;24365.75;24393.75;24365.25;24390.5;1565
20260324 094200;24389.75;24389.75;24377.5;24386.5;908
20260324 094300;24386;24395.25;24382.25;24388;895
20260324 094400;24387.25;24391.5;24384.5;24389.25;477
20260324 094500;24389;24396.25;24386;24389.75;667
20260324 094600;24390.5;24397;24385;24391.75;531
20260324 094700;24391.25;24391.25;24371;24374.5;934
20260324 094800;24374.25;24383.75;24369.75;24381.5;720
20260324 094900;24382;24393.25;24381.25;24390.75;518
20260324 095000;24390.25;24390.75;24376;24384.25;577
20260324 095100;24383.25;24384.75;24374.5;24378.25;571
20260324 095200;24378.5;24381;24364;24368.75;825
20260324 095300;24368.75;24376.75;24364.5;24374.5;532
20260324 095400;24374;24392.5;24372.5;24392.25;744
20260324 095500;24392.25;24399.75;24390.75;24397.75;804
20260324 095600;24398;24409.75;24398;24408.25;1012
20260324 095700;24408.25;24422.75;24408.25;24408.75;1501
20260324 095800;24409;24428.5;24405;24425.25;805
20260324 095900;24425.75;24430;24422.25;24426.75;617
20260324 100000;24426.75;24428.25;24418.5;24420.5;681
20260324 100100;24421;24422.75;24410.75;24411;1113
20260324 100200;24410.5;24410.75;24388.5;24389.25;1118
20260324 100300;24389.75;24392.5;24374.5;24382;1134
20260324 100400;24382;24390.5;24378.75;24386.25;657
20260324 100500;24386.25;24404.75;24386.25;24403;910
20260324 100600;24402.75;24414;24401.25;24408.25;550
20260324 100700;24408.75;24415.75;24406.5;24410.25;440
20260324 100800;24409.25;24426;24407.5;24425.5;713
20260324 100900;24426.5;24434.25;24422;24422;870
20260324 101000;24422;24429.75;24418;24426.25;617
20260324 101100;24427.5;24431.25;24422;24424.25;561
20260324 101200;24424;24429.75;24421.25;24423.75;337
20260324 101300;24424;24424.25;24414;24423.5;618
20260324 101400;24422.75;24430.5;24422.5;24428.5;557
20260324 101500;24427.75;24433.25;24421.75;24424.25;638
20260324 101600;24424.25;24428.25;24419.5;24425;458
20260324 101700;24426.5;24429;24420.5;24424;431
20260324 101800;24423.5;24430.5;24419.25;24425.25;457
20260324 101900;24426;24431;24415.75;24426.25;681
20260324 102000;24426.5;24427.25;24420;24420.5;234
20260324 102100;24420.5;24424.25;24408.5;24423;888
20260324 102200;24423;24426.5;24415;24422.25;614
20260324 102300;24421.5;24426.25;24417.5;24426.25;320
20260324 102400;24426.5;24426.75;24421.25;24423.75;183
20260324 102500;24426;24429.75;24410.75;24411.25;639
20260324 102600;24412.75;24416.25;24408.5;24410.5;552
20260324 102700;24410.75;24416.5;24405;24411.75;512
20260324 102800;24412.25;24416.75;24406.5;24414;342
20260324 102900;24413.25;24413.25;24390.5;24393;924
20260324 103000;24393;24394;24384;24389;737
20260324 103100;24390;24396.5;24378.5;24393.75;892
20260324 103200;24394.75;24401;24391.25;24392.5;665
20260324 103300;24393.25;24405;24393.25;24402.25;414
20260324 103400;24401.25;24401.25;24380;24388.25;787
20260324 103500;24388.75;24389.5;24368.5;24373.25;890
20260324 103600;24374.25;24391.25;24372.75;24390.75;724
20260324 103700;24390.5;24391;24382.25;24387.25;735
20260324 103800;24388.25;24403;24381.25;24398.25;771
20260324 103900;24398;24404;24395;24397.75;565
20260324 104000;24397.75;24415.25;24395.25;24413.75;772
20260324 104100;24414;24422.25;24393.75;24394.5;1045
20260324 104200;24394.5;24415.25;24394.5;24415.25;688
20260324 104300;24415;24415.75;24399;24403.25;511
20260324 104400;24404.5;24420.75;24403.75;24418;454
20260324 104500;24417.25;24430.75;24405.75;24417.5;1173
20260324 104600;24418;24428.75;24413.5;24428.25;452
20260324 104700;24427.25;24427.75;24409.75;24409.75;570
20260324 104800;24410.75;24412.25;24400.25;24405;677
20260324 104900;24404;24406.5;24380.5;24384;830
20260324 105000;24383;24394;24382.25;24387.25;640
20260324 105100;24388.75;24403.5;24387.75;24402.75;551
20260324 105200;24403.5;24411.5;24401.25;24407.5;473
20260324 105300;24408;24412.25;24397.25;24400;481
20260324 105400;24400;24409.25;24399.5;24407.5;376
20260324 105500;24408;24408.5;24400.25;24400.25;331
20260324 105600;24401.25;24405.25;24393.25;24403.5;466
20260324 105700;24403.25;24407.5;24398.75;24399.25;264
20260324 105800;24399.75;24407.25;24397.25;24398.5;468
20260324 105900;24398.75;24405.25;24396.75;24402.75;292
20260324 110000;24401.5;24409.75;24401.25;24407;269
20260324 110100;24406.5;24416;24400.25;24415;783
20260324 110200;24415.25;24416.5;24376;24376;1312
20260324 110300;24377;24390;24375;24384.75;1023
20260324 110400;24384.5;24405;24383.25;24405;850
20260324 110500;24406;24407.25;24391.75;24401;612
20260324 110600;24400.75;24407;24396.75;24399.75;546
20260324 110700;24401.5;24406.5;24398.75;24402.25;346
20260324 110800;24402.75;24422.75;24402.5;24420.25;824
20260324 110900;24418.75;24423.25;24413.75;24416;517
20260324 111000;24415.25;24417.5;24409.25;24412.5;555
20260324 111100;24411.5;24423.5;24409.75;24421;443
20260324 111200;24420.75;24424.5;24414.25;24422.25;332
20260324 111300;24422.25;24423;24414.5;24417;383
20260324 111400;24418;24418.5;24408.25;24410;433
20260324 111500;24411.25;24418.75;24408.5;24411;422
20260324 111600;24411.25;24412.25;24386.75;24390;1023
20260324 111700;24390;24392;24373.5;24377.25;914
20260324 111800;24376;24380.5;24367;24371;1122
20260324 111900;24371.25;24387;24370.5;24383.25;1016
20260324 112000;24383.75;24401.25;24380.25;24400.75;881
20260324 112100;24400;24401.75;24383.5;24383.5;532
20260324 112200;24384;24390.25;24382.75;24389;385
20260324 112300;24389.5;24395;24383.5;24390;344
20260324 112400;24390;24393.5;24385.25;24389.25;299
20260324 112500;24389.25;24396.5;24388;24395;375
20260324 112600;24395;24395;24370.5;24377.5;876
20260324 112700;24378.25;24383.25;24374.75;24380.25;446
20260324 112800;24380;24389;24377.25;24385.25;413
20260324 112900;24385;24394;24385;24393.75;594
20260324 113000;24392.75;24397.75;24383.25;24384.5;573
20260324 113100;24384.5;24387;24370.5;24371;861
20260324 113200;24371.25;24375.25;24367.5;24372;748
20260324 113300;24372.5;24379.75;24367.25;24375;681
20260324 113400;24374.75;24378.25;24370.75;24373.5;428
20260324 113500;24373.25;24385;24371.75;24385;655
20260324 113600;24385;24392;24368.5;24368.75;937
20260324 113700;24368.75;24383.5;24368.25;24375.75;566
20260324 113800;24376.5;24387.5;24374.25;24381.75;469
20260324 113900;24381.75;24390;24377.5;24389;536
20260324 114000;24389;24392.25;24381.75;24388.75;420
20260324 114100;24389;24390.25;24383;24388.25;417
20260324 114200;24388.25;24388.25;24373.25;24378.5;427
20260324 114300;24379.5;24386.75;24374.25;24381;446
20260324 114400;24380.75;24381.5;24365.25;24369.75;631
20260324 114500;24368.5;24379.25;24366.75;24371;843
20260324 114600;24370.5;24386.25;24370.5;24381.25;866
20260324 114700;24381;24398.25;24380.5;24396;1216
20260324 114800;24395.75;24411.25;24393.25;24408.25;1042
20260324 114900;24409.25;24415.75;24406;24411.75;778
20260324 115000;24412.75;24415.75;24399;24399.5;913
20260324 115100;24399.5;24402.25;24394.75;24400;513
20260324 115200;24400;24400.25;24370.25;24371.5;1218
20260324 115300;24371;24373.75;24339.75;24340.5;2309
20260324 115400;24340.5;24344;24296.5;24307.75;4753
20260324 115500;24308.75;24343.25;24305.5;24336.75;2463
20260324 115600;24337;24352.5;24332.75;24346.25;1644
20260324 115700;24346;24353.5;24342.5;24352;1037
20260324 115800;24352.5;24360.5;24346.75;24357.75;922
20260324 115900;24358;24363.5;24351.25;24356.25;825
20260324 120000;24358;24388.5;24356.5;24383.25;1742
20260324 120100;24383.25;24398;24383.25;24391.75;1550
20260324 120200;24393;24393.5;24379.5;24380;947
20260324 120300;24380.5;24385.25;24376;24381;673
20260324 120400;24381;24381.25;24373;24378.5;658
20260324 120500;24377.25;24378.5;24353.25;24354;1049
20260324 120600;24353.75;24356.5;24341.25;24344;1154
20260324 120700;24343.75;24353.75;24340.5;24349.25;976
20260324 120800;24348.5;24353;24342.5;24343.75;587
20260324 120900;24343.5;24345.75;24329;24337.5;1123
20260324 121000;24338.25;24343.25;24333.75;24341.5;680
20260324 121100;24342;24345;24332;24333;643
20260324 121200;24332.25;24337.5;24320;24328.25;993
20260324 121300;24328.75;24335.25;24325.5;24332.5;635
20260324 121400;24333.25;24356.25;24332.25;24354.25;1163
20260324 121500;24354.75;24355;24341.25;24344.25;586
20260324 121600;24344;24345.5;24333;24335;684
20260324 121700;24335.75;24340.25;24329;24331.75;632
20260324 121800;24333.5;24336.25;24328.25;24331.25;577
20260324 121900;24331;24346;24328.5;24342;717
20260324 122000;24341.75;24343.5;24332;24337.25;693
20260324 122100;24336.75;24339;24330.5;24333;407
20260324 122200;24332.75;24339.75;24329;24336.25;617
20260324 122300;24336.5;24343.25;24328.75;24329.5;537
20260324 122400;24328.75;24339.5;24328.25;24334.25;427
20260324 122500;24335;24351.5;24333;24345.5;828
20260324 122600;24344.75;24352.25;24341.5;24352;587
20260324 122700;24351.25;24367.5;24349.75;24367.5;1379
20260324 122800;24366.5;24375.5;24365.5;24369.25;742
20260324 122900;24369.5;24370.75;24361;24364.5;553
20260324 123000;24363.25;24363.25;24350;24355.75;718
20260324 123100;24356.25;24359.5;24338.5;24346.5;1339
20260324 123200;24347.5;24348.25;24327;24333.25;1173
20260324 123300;24333.75;24339;24317.25;24319;1205
20260324 123400;24319.5;24319.5;24295;24297;2096
20260324 123500;24296.25;24304.75;24290.75;24303.25;1791
20260324 123600;24302.5;24309.25;24290;24297.75;2145
20260324 123700;24297.75;24308.25;24296.25;24298.25;1142
20260324 123800;24297.75;24297.75;24275;24278.5;2456
20260324 123900;24279;24284.75;24269;24280.5;1564
20260324 124000;24280.25;24284;24273.25;24277.75;1028
20260324 124100;24278;24290;24277.5;24287.25;1474
20260324 124200;24287.75;24302.25;24284.75;24288;1735
20260324 124300;24287.75;24296.25;24284.75;24284.75;1017
20260324 124400;24284.75;24291;24266.25;24271;1608
20260324 124500;24270.25;24284;24267;24271;1478
20260324 124600;24270.75;24279.5;24269.75;24275.25;1176
20260324 124700;24276;24287;24272.25;24274;1543
20260324 124800;24275;24279.75;24268.25;24277.5;987
20260324 124900;24278.25;24278.5;24264.75;24276;1504
20260324 125000;24276.5;24277.25;24264.75;24271.25;1235
20260324 125100;24271.75;24283.5;24270.25;24273.75;1487
20260324 125200;24274.5;24284.25;24272.25;24273.5;893
20260324 125300;24273.25;24305.5;24273.25;24303.75;2442
20260324 125400;24304;24307.75;24290.75;24299.5;1875
20260324 125500;24298.5;24300.75;24290.5;24298.5;912
20260324 125600;24298.25;24299;24285.75;24288.75;1018
20260324 125700;24288.25;24293.5;24277.5;24278;1053
20260324 125800;24278;24285.5;24277.75;24282.75;936
20260324 125900;24282;24283;24274.5;24277.5;1018
20260324 130000;24278.25;24283.5;24269.25;24279.75;1294
20260324 130100;24279.5;24281.5;24270.5;24274;1669
20260324 130200;24273.75;24284;24271.5;24278.25;1157
20260324 130300;24279;24295;24271.75;24290.75;1585
20260324 130400;24290.5;24294.5;24284;24288;943
20260324 130500;24288.5;24289;24271;24273.75;1405
20260324 130600;24274.25;24278.75;24272.25;24276.25;954
20260324 130700;24276.25;24284;24266.75;24267.5;1455
20260324 130800;24268;24275.25;24243.75;24257.5;5174
20260324 130900;24256.75;24265.5;24235.5;24240.25;3591
20260324 131000;24240.5;24241;24205;24231.75;5168
20260324 131100;24231.25;24244.75;24224.25;24239;2475
20260324 131200;24238.25;24257.5;24238;24255.75;2169
20260324 131300;24256;24263;24252.25;24252.25;1419
20260324 131400;24252.75;24266.5;24251.5;24253.5;1498
20260324 131500;24254;24258.25;24245.25;24254.25;1351
20260324 131600;24254.75;24271;24253.25;24254.5;1937
20260324 131700;24254.75;24262.5;24251;24256.5;1027
20260324 131800;24257;24259.25;24242;24253.75;1706
20260324 131900;24253.75;24254;24238.5;24239.25;1395
20260324 132000;24238.75;24248.75;24236.75;24243.75;1242
20260324 132100;24243.75;24244;24236.75;24240.5;1051
20260324 132200;24240.75;24245.25;24233;24244.75;1320
20260324 132300;24245.5;24253.5;24238;24246.75;1368
20260324 132400;24247.75;24262;24242.75;24257.25;1119
20260324 132500;24258;24260.75;24247.5;24248.5;1141
20260324 132600;24249.25;24270.5;24246;24268.5;2245
20260324 132700;24269.25;24270.5;24250;24253.25;1420
20260324 132800;24253;24257.75;24233.25;24234.75;2187
20260324 132900;24234.5;24241.25;24223.75;24239.25;2485
20260324 133000;24238.5;24266;24237.5;24255.25;3000
20260324 133100;24255.5;24284.75;24225.75;24263.75;9882
20260324 133200;24263.25;24317;24243;24312.5;10922
20260324 133300;24312.5;24313.75;24284.5;24288.75;5924
20260324 133400;24290.5;24300;24272.25;24286.5;5747
20260324 133500;24286.25;24306.5;24279.25;24304.25;4302
20260324 133600;24304.25;24314;24257;24271.5;8907
20260324 133700;24272.5;24283.25;24238;24247.75;7444
20260324 133800;24247.25;24266;24228.5;24236.75;6054
20260324 133900;24237.25;24259.5;24236.75;24249;4764
20260324 134000;24248.5;24251.25;24203.25;24208.75;7935
20260324 134100;24209.75;24213.5;24173.25;24178.5;10761
20260324 134200;24179;24183;24140.25;24141;8801
20260324 134300;24141.75;24206.75;24141.25;24198;9725
20260324 134400;24198;24198.5;24169.5;24173.25;4392
20260324 134500;24174.25;24183.25;24169.75;24173.75;2647
20260324 134600;24179;24203.75;24161;24188.5;6730
20260324 134700;24189;24229;24186.5;24223.25;7595
20260324 134800;24223;24225.5;24201;24205.5;5188
20260324 134900;24206.5;24217.5;24162.5;24172.5;7266
20260324 135000;24172.5;24181.5;24152.75;24155.5;6251
20260324 135100;24155.75;24174.5;24143.75;24146.25;6918
20260324 135200;24146.75;24167.5;24136;24142.75;7087
20260324 135300;24142.75;24185.25;24134.75;24177.5;7918
20260324 135400;24178;24191.75;24172.5;24185;6286
20260324 135500;24184.75;24187.75;24157.5;24165.25;5186
20260324 135600;24164.25;24180.25;24160.5;24173.75;3903
20260324 135700;24173.25;24195.25;24172.5;24184.75;5378
20260324 135800;24184.75;24226.5;24181.75;24206.25;8159
20260324 135900;24206.75;24211.5;24180;24209.25;5075
20260324 140000;24208.5;24217.75;24198;24216;3878
20260324 140100;24215.75;24256;24207.25;24242.25;12401
20260324 140200;24241.5;24246.75;24224;24224;4458
20260324 140300;24224.25;24237.5;24200;24231;7715
20260324 140400;24231.25;24239;24214.25;24219;4092
20260324 140500;24220;24239.75;24217.5;24235.75;3270
20260324 140600;24235.5;24243.5;24208;24211;5608
20260324 140700;24211;24236;24202.75;24233;4540
20260324 140800;24232.25;24280;24229.75;24266;10265
20260324 140900;24265.5;24265.5;24245.75;24259.75;4721
20260324 141000;24259.75;24275.75;24252;24275.5;4296
20260324 141100;24275.5;24281.75;24258.5;24260;5380
20260324 141200;24260.25;24262.25;24234.5;24245;5587
20260324 141300;24244.5;24248.5;24215.75;24220;6269
20260324 141400;24220.25;24224.5;24175.75;24194;9917
20260324 141500;24194.5;24228.25;24189;24221.5;6878
20260324 141600;24222;24229.25;24210;24212.75;4360
20260324 141700;24213.5;24218.75;24188.25;24192.25;5618
20260324 141800;24192;24218;24191.75;24213.25;4215
20260324 141900;24213.5;24235;24199.75;24223.25;5727
20260324 142000;24223.75;24236.75;24222;24226.5;3317
20260324 142100;24226.25;24237;24216;24225;4022
20260324 142200;24224.75;24242;24219.75;24229.75;3858
20260324 142300;24229.25;24240.25;24182.25;24187;6709
20260324 142400;24187;24209;24186.25;24199.25;4105
20260324 142500;24198.5;24211;24196.5;24203;3192
20260324 142600;24202.5;24203.75;24181;24186.25;4823
20260324 142700;24186;24217.5;24183.75;24205.75;4704
20260324 142800;24205.25;24254;24201.25;24237;6728
20260324 142900;24237.75;24247.5;24229.5;24234;4945
20260324 143000;24234.25;24235.5;24197.25;24203.75;5218
20260324 143100;24204.5;24220.25;24196.5;24210.5;4623
20260324 143200;24210;24224;24205;24214.75;3339
20260324 143300;24215.25;24218.25;24192.75;24216.75;3742
20260324 143400;24216.75;24235;24210.5;24227.25;4727
20260324 143500;24227;24237;24220.5;24232.25;2670
20260324 143600;24232.25;24239.5;24220.5;24224.5;3511
20260324 143700;24225.25;24225.5;24192.5;24197.75;5894
20260324 143800;24197.5;24218.5;24190.75;24196;4432
20260324 143900;24196;24206.25;24183;24201.25;4782
20260324 144000;24201.5;24211.75;24193;24204.5;3784
20260324 144100;24205;24228.75;24195;24225;4112
20260324 144200;24225.25;24241.75;24217.75;24226.25;4580
20260324 144300;24226.25;24245.5;24223.25;24240;3689
20260324 144400;24240.25;24247.25;24221.75;24229;4418
20260324 144500;24228.5;24252;24224.25;24250.75;4084
20260324 144600;24250.75;24251.5;24210;24212;4862
20260324 144700;24212.5;24273.75;24211.25;24266.5;7851
20260324 144800;24266.5;24272.5;24241.25;24247.5;6519
20260324 144900;24247.75;24259;24242.75;24253.5;3556
20260324 145000;24253.5;24253.5;24219.25;24219.5;4532
20260324 145100;24220;24221.5;24192;24196.75;7123
20260324 145200;24197.25;24298.5;24196.25;24290.25;11767
20260324 145300;24290;24343.5;24284.25;24295.75;21074
20260324 145400;24295.5;24314.75;24265.25;24314.5;9822
20260324 145500;24314.5;24322.75;24273.5;24280.75;8788
20260324 145600;24281.25;24311.25;24266;24301;9474
20260324 145700;24301.25;24333.25;24290.5;24320;9947
20260324 145800;24319.5;24324;24304;24318;5944
20260324 145900;24318;24318;24266.25;24278;8795
20260324 150000;24277.5;24280;24184;24244;16884
20260324 150100;24244;24311;24240.25;24292.25;11490
20260324 150200;24292;24307.25;24284.5;24302.75;5303
20260324 150300;24302.75;24306.5;24277;24298.75;6413
20260324 150400;24299;24307;24285.75;24304.25;3987
20260324 150500;24304;24305.5;24283.25;24291.75;4467
20260324 150600;24291.5;24297.25;24280;24290;3545
20260324 150700;24291.25;24300;24283.25;24295.75;2931
20260324 150800;24296;24307.5;24291;24304.25;3339
20260324 150900;24304;24310;24283;24292.5;4143
20260324 151000;24292.75;24302.5;24288;24295;2443
20260324 151100;24295;24296;24273;24292;4481
20260324 151200;24291.5;24319;24290.75;24307.75;6346
20260324 151300;24308;24317;24301.5;24309.25;3049
20260324 151400;24308.5;24311.75;24294.75;24299;2737
20260324 151500;24298.75;24314.25;24293.5;24311.5;2793
20260324 151600;24311.5;24329;24306.75;24326.25;3899
20260324 151700;24326;24347.5;24320.25;24342;4929
20260324 151800;24342;24344;24310.25;24315.5;4158
20260324 151900;24316;24338.75;24315.75;24334.75;3357
20260324 152000;24334.75;24341.25;24327.75;24333.5;2908
20260324 152100;24333.25;24338;24313.25;24332.75;4716
20260324 152200;24332.25;24350;24327;24342.75;5024
20260324 152300;24343.25;24355.75;24338;24353;4347
20260324 152400;24352.25;24354.25;24334;24346.5;3257
20260324 152500;24346.25;24369.75;24345.75;24366.75;5044
20260324 152600;24366.75;24384.75;24359;24384;6298
20260324 152700;24384.25;24384.75;24369.5;24371.25;3140
20260324 152800;24371.5;24372.25;24349.25;24352.25;4894
20260324 152900;24353;24358;24342.5;24346.25;3113
20260324 153000;24346.5;24346.5;24331.25;24341.25;3651
20260324 153100;24341.25;24355;24336;24336.75;4153
20260324 153200;24337;24356.25;24323.75;24326.25;4401
20260324 153300;24326.25;24328.5;24303.5;24313.75;4866
20260324 153400;24314;24315.75;24300.75;24306.5;2942
20260324 153500;24306.75;24330.75;24305.5;24325.25;4029
20260324 153600;24326;24337.5;24322.25;24331;3569
20260324 153700;24330.75;24344.25;24328.75;24342;2778
20260324 153800;24341.5;24353.25;24335.75;24349.75;2520
20260324 153900;24349.5;24354.5;24344.75;24351.75;2629
20260324 154000;24351.75;24364;24347.25;24348.5;3503
20260324 154100;24348.25;24360;24347.5;24354.25;2332
20260324 154200;24354.25;24354.25;24336.75;24348.25;3423
20260324 154300;24348.25;24353.75;24334.5;24337.75;2813
20260324 154400;24337.75;24343.25;24332.25;24340;1984
20260324 154500;24339.75;24347.75;24334.5;24342.75;2340
20260324 154600;24342.5;24348;24334.5;24344;2008
20260324 154700;24343.25;24352;24341.5;24346.5;1680
20260324 154800;24346;24348.75;24337.5;24339;1562
20260324 154900;24339.25;24352.5;24336.25;24350.25;1819
20260324 155000;24350.25;24357.75;24343.75;24352;2483
20260324 155100;24352.25;24369.5;24352.25;24359;2997
20260324 155200;24359.25;24379.75;24357.5;24374.5;3013
20260324 155300;24374.5;24374.5;24363;24369.25;2572
20260324 155400;24369.25;24369.75;24347.5;24353;2985
20260324 155500;24352.5;24358;24348.5;24350.5;1714
20260324 155600;24349.75;24351.25;24326.25;24327.25;4903
20260324 155700;24327.5;24333.75;24289.25;24296;7724
20260324 155800;24296.25;24311.25;24285.5;24292.25;5453
20260324 155900;24293;24314;24291.5;24305;3880
20260324 160000;24304.75;24315.25;24294.25;24296;2813
20260324 160100;24296;24307.75;24290;24304.75;4102
20260324 160200;24304.25;24312.75;24285.25;24286.5;3112
20260324 160300;24286.75;24295.25;24278;24287.25;4313
20260324 160400;24287.25;24296.75;24284.5;24285.5;2014
20260324 160500;24287;24300.25;24281.25;24284.75;2565
20260324 160600;24284.25;24291;24272;24275.25;2841
20260324 160700;24275.25;24279.75;24265.75;24277;3289
20260324 160800;24277.5;24291.5;24274.75;24284.25;2663
20260324 160900;24284;24286;24274.5;24280;1991
20260324 161000;24280.5;24301.75;24280.5;24300;3107
20260324 161100;24300.5;24304.5;24290;24298.75;2588
20260324 161200;24299.25;24302.5;24281.75;24283.5;2586
20260324 161300;24283.5;24296.5;24275;24286.75;2669
20260324 161400;24286.75;24288.25;24277;24283.25;1692
20260324 161500;24283;24294.75;24275.25;24288.75;2128
20260324 161600;24288.5;24303.75;24286;24300;1945
20260324 161700;24300.75;24329.75;24300;24326.75;5116
20260324 161800;24327;24338.5;24322.25;24334.5;3499
20260324 161900;24334.25;24335;24318;24325.5;2740
20260324 162000;24325.75;24333;24321.75;24331.5;1628
20260324 162100;24331.25;24331.25;24321.25;24327.5;1745
20260324 162200;24327.25;24331.25;24313.75;24325.5;2788
20260324 162300;24325.25;24346.25;24324.75;24343.25;3431
20260324 162400;24343;24345;24334.5;24342.25;1703
20260324 162500;24342;24343;24331.75;24338;1645
20260324 162600;24338.5;24339.75;24320;24321.5;2999
20260324 162700;24322;24331.75;24319;24323;1992
20260324 162800;24322.75;24334.25;24316;24333.25;2594
20260324 162900;24332.75;24337.25;24323.5;24330;1824
20260324 163000;24329.75;24334.75;24323.25;24331.25;1235
20260324 163100;24331.25;24338;24318.25;24320;2503
20260324 163200;24321.25;24333.75;24319.25;24329.5;1548
20260324 163300;24330.25;24333.75;24320.25;24331.25;1210
20260324 163400;24331;24331.25;24313;24314.5;1596
20260324 163500;24314.5;24320.25;24307.25;24307.5;2429
20260324 163600;24308.75;24311;24272;24281.25;5473
20260324 163700;24280.75;24289.75;24277.5;24280;2788
20260324 163800;24279.5;24286.5;24260.75;24262.25;3061
20260324 163900;24262;24269.25;24249.5;24264;4543
20260324 164000;24264.25;24264.25;24246.5;24249.5;2696
20260324 164100;24250;24259.75;24243.75;24250.75;2498
20260324 164200;24250.5;24262.5;24248.75;24258.5;1739
20260324 164300;24258;24269.75;24257;24266;2485
20260324 164400;24265.25;24285.25;24262;24281.75;3118
20260324 164500;24281.75;24289.25;24276;24289.25;2163
20260324 164600;24289.25;24314.5;24286;24310;5090
20260324 164700;24310;24315.5;24301.25;24303.75;2532
20260324 164800;24303.75;24308;24297.25;24302.5;2010
20260324 164900;24303.25;24304.25;24284.25;24284.5;2503
20260324 165000;24285.5;24293.5;24283.5;24290.75;1945
20260324 165100;24290.5;24303;24285.5;24298.5;2175
20260324 165200;24298.75;24307.5;24297.25;24302.25;1869
20260324 165300;24302.25;24312.25;24301.5;24309.75;1528
20260324 165400;24310.75;24311;24292.75;24299.25;2256
20260324 165500;24299.5;24300;24285;24287.25;1422
20260324 165600;24287;24291.75;24256.25;24265.75;5645
20260324 165700;24266;24294.5;24264;24289;3158
20260324 165800;24289.5;24296;24271;24271.75;2262
20260324 165900;24271.75;24284.75;24271.5;24278.75;1373
20260324 170000;24279.25;24283;24274.75;24281;887
20260324 170100;24280.75;24294.75;24279.75;24293.5;1845
20260324 170200;24293.5;24295;24287.5;24290.75;1198
20260324 170300;24290.75;24291.5;24262.75;24269.75;3829
20260324 170400;24270;24273.5;24236.25;24239.75;4378
20260324 170500;24239.75;24244.5;24219.5;24220.75;4310
20260324 170600;24221;24221.5;24183.5;24190.5;10551
20260324 170700;24191;24223.5;24189;24211.25;6424
20260324 170800;24210.25;24223;24201.25;24212;3982
20260324 170900;24212;24220.75;24201.5;24203.75;2702
20260324 171000;24204.25;24213.75;24188.25;24193.5;3426
20260324 171100;24193.5;24195;24175.75;24188.75;5389
20260324 171200;24189;24206.75;24188.75;24196;3651
20260324 171300;24196;24201.25;24169.5;24173;3013
20260324 171400;24173;24193;24168.25;24189.75;3744
20260324 171500;24189;24193.25;24176.5;24187;2395
20260324 171600;24187.25;24196.5;24183;24184;2823
20260324 171700;24184;24186;24165.75;24174.25;3388
20260324 171800;24174;24188.25;24165.25;24166.25;2710
20260324 171900;24166.5;24182.75;24165.25;24168.25;2514
20260324 172000;24168.75;24184;24167.25;24172;1984
20260324 172100;24172.5;24190.75;24166;24184.75;2901
20260324 172200;24184.25;24194;24182.25;24184.5;2297
20260324 172300;24184.5;24191;24176;24181;1934
20260324 172400;24180.5;24194.75;24180.25;24189;1763
20260324 172500;24189.25;24194.5;24179.75;24182.5;2053
20260324 172600;24182;24185.25;24173.75;24178.25;1683
20260324 172700;24178.25;24187.25;24170.5;24176.75;1776
20260324 172800;24176;24192.25;24176;24180.5;2041
20260324 172900;24180.5;24201.75;24180.5;24200.75;2185
20260324 173000;24200;24203.75;24191.5;24199;1940
20260324 173100;24199;24227;24197.25;24218.5;4061
20260324 173200;24218.5;24226;24212.5;24224.5;2144
20260324 173300;24224.5;24225;24204.5;24207.75;1975
20260324 173400;24208;24210.25;24180.75;24185.25;3221
20260324 173500;24185;24192.25;24178;24180.25;2074
20260324 173600;24180;24186.75;24171;24180.25;2084
20260324 173700;24181;24189.5;24177;24182.75;1636
20260324 173800;24182.25;24202.25;24178.25;24201;2236
20260324 173900;24200.75;24207.5;24188;24189.5;2118
20260324 174000;24190;24200.25;24188.25;24199.25;1084
20260324 174100;24199.5;24210.75;24196;24197.75;2441
20260324 174200;24198.25;24199.25;24181.5;24192.5;2190
20260324 174300;24192.5;24192.75;24160.25;24171.75;3127
20260324 174400;24172;24180.25;24169.75;24171.25;1426
20260324 174500;24171;24174.75;24162;24167.75;1764
20260324 174600;24168.75;24173.25;24160.75;24169;1777
20260324 174700;24168.75;24178.25;24167;24174.5;1580
20260324 174800;24174.5;24179.25;24171.5;24177.25;1401
20260324 174900;24176.5;24187;24171.5;24182.25;1765
20260324 175000;24182;24192;24180;24180.75;1994
20260324 175100;24180.75;24182.75;24173.75;24181.25;1217
20260324 175200;24181.75;24187.5;24179.25;24181.75;1404
20260324 175300;24182.25;24223.75;24179.25;24189.25;6133
20260324 175400;24189.5;24191.25;24178.5;24189.5;2372
20260324 175500;24189;24206;24182.5;24199.5;2363
20260324 175600;24198.75;24252.75;24190.75;24224.5;10002
20260324 175700;24223.75;24247.25;24220;24228.25;6201
20260324 175800;24228.25;24241.5;24214;24228.25;4949
20260324 175900;24228;24247.25;24223.25;24243.5;4395
20260324 180000;24243;24244;24224;24242.5;2774
20260324 180100;24242.25;24275;24238.25;24257;5464
20260324 180200;24257.5;24259;24234.75;24245;3983
20260324 180300;24244.75;24251.5;24231;24249.75;3010
20260324 180400;24249.75;24252.75;24235;24245.5;2424
20260324 180500;24245.25;24254.25;24237.25;24248.5;2218
20260324 180600;24247.75;24252;24241.75;24250.25;1525
20260324 180700;24250.25;24252.75;24242.25;24246.75;1441
20260324 180800;24247;24249.5;24232.5;24249.5;2250
20260324 180900;24249.25;24251.25;24227;24236.5;2471
20260324 181000;24236.5;24240;24229.75;24231.75;1512
20260324 181100;24232.25;24239;24226;24228.75;1337
20260324 181200;24228.75;24245.75;24224;24245.25;1952
20260324 181300;24245;24247.5;24238;24242;1105
20260324 181400;24241.75;24243.25;24231.25;24233.75;1252
20260324 181500;24234;24245.75;24231;24238.75;1191
20260324 181600;24239;24239.75;24224;24229.75;1740
20260324 181700;24229.5;24230.25;24217.5;24228.5;1888
20260324 181800;24228.75;24234;24214;24219.5;2225
20260324 181900;24219.5;24220;24208.75;24219.25;1765
20260324 182000;24220;24250.25;24219.5;24244.5;5335
20260324 182100;24244;24258;24235;24243.75;2936
20260324 182200;24243.25;24248.5;24234.25;24243.25;1542
20260324 182300;24243.25;24244.5;24227.25;24230.75;1738
20260324 182400;24231;24241.5;24229.75;24232.5;1199
20260324 182500;24233;24244.25;24231;24241.75;961
20260324 182600;24241.75;24255.25;24237.5;24251.5;1636
20260324 182700;24251.75;24255;24247.75;24253.75;1496
20260324 182800;24254.25;24274.5;24249;24273.5;3269
20260324 182900;24273;24274.25;24247.5;24253.5;3022
20260324 183000;24254;24265;24245.25;24259.75;2424
20260324 183100;24259.75;24263;24248;24253.75;2044
20260324 183200;24253.5;24286.5;24249.25;24286;3755
20260324 183300;24285.5;24303.5;24282.75;24291.75;4419
20260324 183400;24292.25;24292.75;24275;24282.75;3009
20260324 183500;24282.25;24289.75;24278;24280.5;2123
20260324 183600;24280.75;24298.75;24279.25;24297.5;1947
20260324 183700;24297.5;24298;24285.75;24297.25;1621
20260324 183800;24297;24306.5;24293.25;24300;2185
20260324 183900;24300;24329.25;24296.25;24327.5;4157
20260324 184000;24326.75;24349;24314;24344.75;6103
20260324 184100;24344.25;24345.75;24333.5;24342.5;3610
20260324 184200;24343.5;24344;24290.75;24299.5;6029
20260324 184300;24299.25;24303.5;24272.75;24290.75;6650
20260324 184400;24290.75;24297.5;24279.75;24290.25;3205
20260324 184500;24290.5;24301.75;24290;24296.25;2265
20260324 184600;24296.25;24301.5;24286.5;24290.75;1698
20260324 184700;24291;24292.5;24279.25;24289;2185
20260324 184800;24288.75;24291.75;24274.25;24277.5;2023
20260324 184900;24277.75;24288.5;24273;24276.25;1714
20260324 185000;24276;24282;24270;24278.75;1712
20260324 185100;24279;24285.75;24277.75;24281;1677
20260324 185200;24280.25;24290.25;24277.5;24286.25;1505
20260324 185300;24286.75;24296.75;24281.25;24295;1297
20260324 185400;24295;24312;24288.75;24290;4253
20260324 185500;24289.5;24293.75;24279.75;24291.75;2367
20260324 185600;24292;24292.25;24276.5;24279.25;2071
20260324 185700;24279.5;24280.5;24257.75;24270.5;3871
20260324 185800;24270.25;24274.75;24263.75;24268.75;1575
20260324 185900;24269;24283.5;24266;24273.25;2023
20260324 190000;24273.75;24280.75;24271;24274.75;1347
20260324 190100;24276;24302;24273.5;24301.5;3526
20260324 190200;24301.25;24310.25;24296.5;24298;3282
20260324 190300;24297.75;24302;24290.75;24292.25;1994
20260324 190400;24291.75;24301;24289.75;24294.75;1437
20260324 190500;24295;24299.5;24289.75;24290.75;1220
20260324 190600;24291.25;24294.5;24281.5;24293.25;2266
20260324 190700;24293;24297.25;24286.5;24295.5;1225
20260324 190800;24295.25;24298.5;24288.5;24289;1073
20260324 190900;24288;24292.75;24282;24291.75;1567
20260324 191000;24292;24303.75;24291.5;24299.5;1882
20260324 191100;24299.25;24303.75;24295;24297.25;1304
20260324 191200;24296.75;24309;24296.25;24300;1977
20260324 191300;24300.25;24305.75;24298.75;24303;902
20260324 191400;24303.75;24308;24301.5;24307.75;1063
20260324 191500;24307.5;24317;24303.25;24315.5;2029
20260324 191600;24315.75;24319.5;24311.75;24315.25;1940
20260324 191700;24314.5;24314.75;24302.75;24309.75;2105
20260324 191800;24309.75;24311.5;24301.5;24303.5;1273
20260324 191900;24304;24309.25;24296.75;24301;2100
20260324 192000;24301;24312.25;24300.5;24307.25;1282
20260324 192100;24307;24310.5;24297.5;24303.25;1412
20260324 192200;24303;24303.75;24291;24298.25;1745
20260324 192300;24297.25;24303.25;24294.5;24296.5;1406
20260324 192400;24295.75;24297;24285.5;24294;2503
20260324 192500;24294.25;24302.75;24287;24298.5;1837
20260324 192600;24297.75;24304;24294.75;24296.5;1065
20260324 192700;24296.25;24300.5;24283;24287.5;1814
20260324 192800;24287.75;24292.75;24280.25;24281;1176
20260324 192900;24281.25;24282.75;24266;24270.5;2499
20260324 193000;24270.5;24274;24265;24267;1261
20260324 193100;24266.75;24267.75;24244.25;24265.5;4553
20260324 193200;24265.75;24281;24262.25;24267.25;3341
20260324 193300;24267.5;24275;24254.25;24257;2207
20260324 193400;24257.25;24258.5;24249.5;24256.75;1578
20260324 193500;24256.75;24257.5;24243.75;24246.5;2073
20260324 193600;24246.75;24247.75;24224;24230.5;3572
20260324 193700;24231;24251.25;24227;24244.5;4010
20260324 193800;24244.75;24254;24242.25;24251;2012
20260324 193900;24250.75;24254;24245.75;24246.25;1234
20260324 194000;24246;24247.25;24239.5;24246;1831
20260324 194100;24245.5;24250.25;24244.75;24246.75;1219
20260324 194200;24246.25;24255.75;24242;24247.25;1938
20260324 194300;24247.25;24259.5;24244;24257.5;1787
20260324 194400;24257.5;24262.25;24247.25;24247.5;1695
20260324 194500;24247.75;24250.5;24238.75;24241;1836
20260324 194600;24240.75;24240.75;24226.75;24228.25;2427
20260324 194700;24228;24230.25;24211.75;24217.5;3379
20260324 194800;24217.5;24227.75;24217;24220.75;1880
20260324 194900;24220.75;24225;24217.75;24222.5;1294
20260324 195000;24222.75;24230.75;24220.25;24229;1709
20260324 195100;24229.25;24241.75;24212.5;24221.75;3306
20260324 195200;24222.25;24231;24206.75;24214;2860
20260324 195300;24213.75;24215.25;24204;24207.25;2062
20260324 195400;24207.25;24213.25;24203;24204.75;1848
20260324 195500;24204.5;24207.75;24201;24204.75;2360
20260324 195600;24204.75;24215;24194.75;24201;3398
20260324 195700;24201;24205.5;24197;24203.5;1527
20260324 195800;24203.25;24204.25;24189.25;24195;2110
20260324 195900;24195.5;24203.75;24194.25;24200.75;2036
20260324 200000;24200.75;24220;24195.25;24217.25;6877
20260324 200100;24217.75;24228.5;24214.25;24223.5;4260
20260324 200200;24224;24227.25;24216;24222.75;1584
20260324 200300;24222.75;24230;24221.75;24224.5;905
20260324 200400;24225;24227.75;24218.25;24226.25;965
20260324 200500;24226.25;24227.25;24221.5;24225.75;448
20260324 200600;24225.75;24233.75;24223.75;24225.75;1120
20260324 200700;24225.25;24226.25;24221.75;24224;554
20260324 200800;24224;24228.5;24223.75;24223.75;568
20260324 200900;24223.5;24226;24220.75;24225;536
20260324 201000;24224.75;24226;24220;24224.5;574
20260324 201100;24225;24226.25;24221.25;24225.75;474
20260324 201200;24226;24229.25;24224.25;24227;768
20260324 201300;24227;24231.25;24225.5;24229;375
20260324 201400;24229.5;24234.5;24229;24232.75;602
20260324 201500;24232.75;24238.5;24232.25;24236.5;769
20260324 201600;24236.75;24238.5;24234.75;24234.75;448
20260324 201700;24234.75;24234.75;24228;24228.75;609
20260324 201800;24228.75;24234;24228.5;24232.25;264
20260324 201900;24233.25;24235;24229.5;24230;341
20260324 202000;24230;24257;24225.25;24257;2691
20260324 202100;24257;24379.25;24255.75;24375.75;7274
20260324 202200;24374.5;24401;24347.5;24362.5;5637
20260324 202300;24362.75;24474.25;24356.75;24452.25;7846
20260324 202400;24452.75;24467.75;24427.75;24449.75;3677
20260324 202500;24449.5;24496;24430.5;24489.25;4127
20260324 202600;24489.25;24519.25;24474.75;24487;4914
20260324 202700;24486.25;24544;24484.25;24537.5;4247
20260324 202800;24538.5;24547.75;24468.75;24484.75;4467
20260324 202900;24483.75;24486.75;24425.5;24427.75;4443
20260324 203000;24428.5;24439;24401;24424;3310
20260324 203100;24422;24440;24406;24407.5;2666
20260324 203200;24406.5;24428;24402;24406.5;2165
20260324 203300;24407;24425.5;24396.75;24418.25;2227
20260324 203400;24419;24436;24418.25;24429.25;2173
20260324 203500;24428.75;24444;24421.25;24432.75;1825
20260324 203600;24433;24460.75;24430.25;24455.5;1809
20260324 203700;24454.75;24491.25;24448.25;24485;2102
20260324 203800;24486.5;24488.75;24469.25;24480.75;1766
20260324 203900;24479.75;24492.5;24474.25;24486;1847
20260324 204000;24485.25;24537.75;24463.25;24524.75;4285
20260324 204100;24525;24525.75;24460.25;24470.25;2340
20260324 204200;24470.5;24470.75;24438;24449.75;1566
20260324 204300;24449.25;24451;24415.75;24436;1954
20260324 204400;24435;24436;24394.25;24407.25;1943
20260324 204500;24406.5;24432.25;24401.75;24428.5;1155
20260324 204600;24429.5;24446.75;24420.5;24433.5;1594
20260324 204700;24432.25;24435;24384.25;24390.25;1849
20260324 204800;24391;24397.25;24375;24395.25;1537
20260324 204900;24395.25;24415;24393.75;24413.25;1113
20260324 205000;24412.5;24428.25;24410.25;24421.5;1027
20260324 205100;24421.5;24421.5;24401.5;24405.5;1065
20260324 205200;24405;24426.75;24401;24420.75;704
20260324 205300;24420.75;24425.5;24413.75;24414.25;491
20260324 205400;24414.25;24415;24401.75;24408.25;621
20260324 205500;24408.25;24413;24385.5;24395.75;644
20260324 205600;24394.5;24416.25;24393.25;24408;794
20260324 205700;24407;24412.25;24403.5;24405;377
20260324 205800;24405.25;24417.5;24402;24414;471
20260324 205900;24412.75;24421.25;24403.25;24405.25;698
20260324 210000;24404.75;24410.5;24391.5;24403.5;538
20260324 220100;24422.5;24454.25;24418;24428.75;1919
20260324 220200;24431.25;24440.75;24427.75;24429.5;886
20260324 220300;24429.5;24440.5;24425.25;24434.75;854
20260324 220400;24435.25;24436.25;24423.5;24427.25;676
20260324 220500;24427.5;24442.75;24427.25;24442;584
20260324 220600;24441;24446.75;24434.5;24443.75;762
20260324 220700;24444.25;24449.75;24440.75;24449.25;585
20260324 220800;24449.25;24456;24444.25;24449.75;831
20260324 220900;24450;24457.5;24439.5;24451;688
20260324 221000;24450.25;24452.25;24439.75;24445;470
20260324 221100;24444.25;24454;24440.75;24442;638
20260324 221200;24442;24443.75;24430.5;24435.25;743
20260324 221300;24434;24440;24430.25;24431.75;602
20260324 221400;24432.25;24438.5;24431;24434.25;314
20260324 221500;24433.75;24434.75;24426;24428.25;540
20260324 221600;24427.25;24428.5;24410.5;24413.75;1118
20260324 221700;24412.75;24423.25;24409.75;24415.25;584
20260324 221800;24414;24414.5;24396.5;24408.5;1330
20260324 221900;24408;24415.25;24405.25;24411.25;658
20260324 222000;24410;24422.25;24409.5;24420.75;625
20260324 222100;24419.75;24419.75;24409.25;24415.5;540
20260324 222200;24414.5;24422.25;24410;24411.5;503
20260324 222300;24410.5;24417;24401.75;24404;738
20260324 222400;24404;24410;24402.5;24405.75;379
20260324 222500;24404.75;24406.5;24396.25;24400.75;488
20260324 222600;24400;24401;24379.75;24393.25;1230
20260324 222700;24393.5;24397.5;24385.75;24396.25;516
20260324 222800;24395.5;24404.25;24393;24399.75;489
20260324 222900;24400;24412;24396;24396.75;668
20260324 223000;24396.25;24401;24392.25;24397.75;438
20260324 223100;24397.75;24410.75;24397.75;24408.5;487
20260324 223200;24407.75;24414.25;24404.5;24409;414
20260324 223300;24408.25;24411;24404;24407.25;411
20260324 223400;24408;24418;24407.25;24413.5;489
20260324 223500;24413.25;24414.75;24409;24410.75;279
20260324 223600;24410.25;24414.5;24410.25;24412.5;195
20260324 223700;24412.75;24414.75;24410;24412.75;213
20260324 223800;24412;24424.5;24411.5;24416.25;764
20260324 223900;24417;24423.25;24415.5;24417.25;349
20260324 224000;24416.5;24417.75;24405.75;24406.5;551
20260324 224100;24406.25;24411.25;24406.25;24407;174
20260324 224200;24407.25;24409.5;24402;24404.25;636
20260324 224300;24403.75;24413.75;24403.25;24410.5;363
20260324 224400;24410.75;24420;24410.5;24417.5;366
20260324 224500;24417.5;24425.75;24415.25;24422;507
20260324 224600;24423;24430.5;24422.5;24426.75;608
20260324 224700;24426;24426;24417;24417.75;423
20260324 224800;24417;24425.75;24417;24420.5;375
20260324 224900;24420.5;24420.5;24412.5;24414;360
20260324 225000;24413.75;24417.5;24412;24415;231
20260324 225100;24415.5;24419.75;24415.5;24416.5;141
20260324 225200;24416;24417.5;24413.25;24415.75;135
20260324 225300;24414.5;24415;24408.25;24409.25;450
20260324 225400;24409.25;24413.75;24407.75;24413.75;348
20260324 225500;24412.75;24419.25;24412.5;24416.5;286
20260324 225600;24416.5;24417.75;24414.5;24417.25;183
20260324 225700;24416.75;24419;24410.5;24413;295
20260324 225800;24412.75;24414.5;24410;24414.25;174
20260324 225900;24414.5;24427.5;24414.25;24420.75;623
20260324 230000;24421.75;24427.25;24421.75;24426.5;271
20260324 230100;24426.25;24432;24424.25;24426;714
20260324 230200;24425.25;24426.75;24414.75;24417.5;818
20260324 230300;24416.75;24417.5;24404;24408.25;778
20260324 230400;24407.25;24408.25;24402;24404.25;543
20260324 230500;24404.25;24409.25;24402;24406.25;422
20260324 230600;24406.5;24412.25;24404.75;24412;440
20260324 230700;24411;24418.25;24408.75;24414.5;598
20260324 230800;24415.25;24415.75;24404.25;24407.5;555
20260324 230900;24408;24413.25;24406;24408;450
20260324 231000;24408.25;24412;24406.25;24410.25;207
20260324 231100;24410.5;24425.5;24410.5;24421.5;587
20260324 231200;24421;24424.25;24419.75;24420.75;206
20260324 231300;24420.5;24421.75;24414.5;24416.5;290
20260324 231400;24416.5;24417.5;24413.5;24416.5;176
20260324 231500;24416.75;24420.25;24415.75;24416.75;245
20260324 231600;24417;24423.25;24417;24419.25;255
20260324 231700;24419.75;24429;24418.75;24427.25;298
20260324 231800;24428;24428.25;24422.5;24427.75;290
20260324 231900;24427.75;24430.5;24423.25;24425;341
20260324 232000;24425.75;24430.5;24425;24429.75;202
20260324 232100;24428.75;24431.75;24427;24428.25;384
20260324 232200;24429.25;24437.75;24425.75;24437;576
20260324 232300;24436;24439.75;24428.5;24432;617
20260324 232400;24432;24439.5;24430.5;24439;231
20260324 232500;24439.25;24440.5;24434.5;24438.25;444
20260324 232600;24438.5;24443.75;24437.25;24438.5;381
20260324 232700;24439;24442.25;24438.25;24438.25;245
20260324 232800;24439.25;24443.25;24436.75;24442.75;355
20260324 232900;24442.75;24443.25;24434.75;24437.75;475
20260324 233000;24438;24438;24428.75;24429.75;588
20260324 233100;24429.5;24436;24429.5;24431.75;411
20260324 233200;24431.5;24433.5;24428.75;24431.25;304
20260324 233300;24431.5;24435.25;24431.25;24432;200
20260324 233400;24432;24433.5;24423.75;24431.5;550
20260324 233500;24431.25;24431.25;24426.75;24429;231
20260324 233600;24428.25;24430.25;24422.25;24428.5;357
20260324 233700;24429;24431.75;24425.75;24426.5;233
20260324 233800;24427.25;24435.75;24427.25;24434.75;378
20260324 233900;24435;24439;24427.5;24431;472
20260324 234000;24432;24435.25;24430;24434.75;162
20260324 234100;24434.5;24435;24426;24426;190
20260324 234200;24426;24428;24414.25;24418.25;921
20260324 234300;24418.5;24418.75;24412.25;24418;495
20260324 234400;24417.25;24418.5;24410.5;24416.25;381
20260324 234500;24417;24420;24413.25;24414;300
20260324 234600;24414.5;24417;24408.5;24412;637
20260324 234700;24412.5;24416.5;24407.75;24410;405
20260324 234800;24410;24412.75;24408.75;24411;291
20260324 234900;24411;24415.25;24410.5;24414.5;266
20260324 235000;24414.5;24414.75;24410.5;24414;172
20260324 235100;24414.5;24416.25;24410.5;24414;241
20260324 235200;24414.25;24418.25;24413.75;24417.75;178
20260324 235300;24417.25;24417.75;24410;24411.25;398
20260324 235400;24410.75;24418;24408.5;24416.75;495
20260324 235500;24417.5;24421.75;24411.5;24414.75;569
20260324 235600;24414.5;24415.5;24411.5;24412.5;118
20260324 235700;24413.25;24415.5;24412.5;24415;118
20260324 235800;24414.25;24417.25;24412.5;24416;160
20260324 235900;24416;24417;24411.5;24414;156
20260325 000000;24413.5;24414.5;24409.25;24413;356
20260325 000100;24414;24420.75;24402;24405;1077
20260325 000200;24405.25;24410.25;24389.75;24391.5;1266
20260325 000300;24391.25;24398.5;24388.5;24392.25;1248
20260325 000400;24392;24394.25;24386;24390;798
20260325 000500;24389.75;24406.25;24383.25;24402;1181
20260325 000600;24402.25;24405.75;24393.25;24396.5;1042
20260325 000700;24396;24408;24391.75;24406;696
20260325 000800;24406.75;24408.5;24391.25;24394.5;706
20260325 000900;24394.5;24406;24393.5;24400.5;459
20260325 001000;24401.25;24409.25;24395.5;24407.25;548
20260325 001100;24407.25;24420.25;24406.75;24417.5;955
20260325 001200;24417.5;24448;24417;24437.25;2166
20260325 001300;24438;24445.25;24428.25;24439.5;1261
20260325 001400;24439.25;24441.5;24432.75;24441;588
20260325 001500;24440.75;24454.25;24440;24444;1573
20260325 001600;24443;24454.25;24442;24451;973
20260325 001700;24450.5;24452.75;24443;24443.25;678
20260325 001800;24443.75;24444;24430.5;24431.25;1124
20260325 001900;24430.25;24437;24426.75;24432.75;619
20260325 002000;24433;24435.5;24425.75;24427.25;427
20260325 002100;24427.75;24438.5;24421;24428.5;1113
20260325 002200;24427;24427.5;24414;24414.25;1059
20260325 002300;24414;24421.75;24414;24418.25;596
20260325 002400;24419;24434.5;24417.25;24431.5;831
20260325 002500;24431.75;24432.5;24424.5;24427.75;402
20260325 002600;24427.25;24434.25;24426.5;24432.5;350
20260325 002700;24432.25;24435.5;24430.25;24431.75;356
20260325 002800;24432.5;24440;24430;24438.75;540
20260325 002900;24438.75;24438.75;24430.5;24434;471
20260325 003000;24433.75;24435.5;24425;24425.75;441
20260325 003100;24426.5;24431.5;24388.25;24415.75;3981
20260325 003200;24415.75;24448.75;24414;24444;1853
20260325 003300;24444;24460;24440.25;24456.75;1587
20260325 003400;24456;24462;24452.75;24458.5;891
20260325 003500;24458.5;24470.25;24457.5;24467.75;1055
20260325 003600;24468.5;24474.5;24463;24471.75;1044
20260325 003700;24471;24477.25;24468.75;24472;666
20260325 003800;24471.5;24477.5;24470.5;24472.75;627
20260325 003900;24473.25;24484.75;24469.25;24482.5;924
20260325 004000;24482.5;24494;24479.5;24482.25;1424
20260325 004100;24481.75;24481.75;24473.75;24473.75;818
20260325 004200;24474.25;24475.75;24470;24472.25;577
20260325 004300;24472.75;24481;24470.5;24479;768
20260325 004400;24478.5;24485;24477;24484.5;729
20260325 004500;24484.25;24485;24470.75;24470.75;460
20260325 004600;24471.75;24477.5;24471.25;24475;451
20260325 004700;24475.25;24475.75;24470.75;24472.5;290
20260325 004800;24474;24474.5;24464.75;24466.75;733
20260325 004900;24466.75;24468;24457.25;24463.25;1008
20260325 005000;24463.25;24464.5;24456;24457.5;646
20260325 005100;24457.5;24461.25;24453.5;24460;708
20260325 005200;24459.75;24460;24450.5;24450.5;638
20260325 005300;24450.75;24458;24449.75;24457.5;625
20260325 005400;24457;24464;24456.75;24463.5;564
20260325 005500;24462.75;24468.75;24460.5;24465;690
20260325 005600;24465.5;24472.5;24465;24466.75;686
20260325 005700;24467;24467;24461.75;24461.75;335
20260325 005800;24461.5;24466;24460.5;24466;337
20260325 005900;24465;24465;24457.25;24457.25;322
20260325 010000;24457.25;24458.5;24448;24448.75;690
20260325 010100;24448.25;24468.25;24448;24455.75;1167
20260325 010200;24456;24460.75;24447;24455.75;687
20260325 010300;24455.25;24458.5;24450.75;24456.75;574
20260325 010400;24456;24460.5;24449.75;24459.75;673
20260325 010500;24460;24460;24451.5;24453.75;441
20260325 010600;24453;24464.25;24452.5;24460;554
20260325 010700;24460.5;24460.75;24440.25;24441;1023
20260325 010800;24440.5;24446.75;24435.5;24440.75;989
20260325 010900;24441;24448;24439.25;24441.5;444
20260325 011000;24440.5;24446;24437.75;24445.5;508
20260325 011100;24445;24452.5;24443.75;24452;531
20260325 011200;24452.5;24457.25;24450.25;24454.5;628
20260325 011300;24455;24455;24446.75;24449.75;452
20260325 011400;24449.5;24449.5;24436.75;24441.75;564
20260325 011500;24440.5;24443.5;24433.25;24438;764
20260325 011600;24437.25;24441.25;24428.75;24432.25;805
20260325 011700;24431.75;24437.5;24429.5;24435.25;698
20260325 011800;24435.75;24439;24431.75;24438;471
20260325 011900;24438;24445.75;24434.5;24436.25;709
20260325 012000;24436.5;24438.75;24432.5;24437.75;426
20260325 012100;24437.5;24450.5;24437;24449.5;782
20260325 012200;24449.5;24456.75;24443.25;24454.75;698
20260325 012300;24455.5;24459.5;24452.75;24454.75;703
20260325 012400;24456.5;24460;24454;24458.5;364
20260325 012500;24458.25;24459;24450.75;24457;380
20260325 012600;24458;24458;24446;24446.75;508
20260325 012700;24446;24454.25;24446;24452.25;353
20260325 012800;24451.25;24454;24449.25;24452.5;268
20260325 012900;24452.5;24454.75;24449;24451.25;272
20260325 013000;24452;24453;24438.5;24442.75;735
20260325 013100;24441.75;24444;24433.25;24435;632
20260325 013200;24434.75;24437.5;24425;24434.25;1130
20260325 013300;24435;24435.75;24427.75;24428.75;449
20260325 013400;24428.25;24430.75;24425.5;24428.25;398
20260325 013500;24427.5;24439.5;24426.25;24439;585
20260325 013600;24439.75;24444.75;24434.25;24443.75;442
20260325 013700;24444.75;24448;24442;24447.25;457
20260325 013800;24448;24448;24431.75;24434.5;717
20260325 013900;24433.25;24440.25;24431.75;24436;475
20260325 014000;24436.5;24441;24433.5;24435.5;262
20260325 014100;24436;24437.5;24428.5;24431.5;331
20260325 014200;24431.75;24432;24410.25;24420.25;1794
20260325 014300;24420;24444.25;24420;24439.75;1156
20260325 014400;24439.25;24446;24435.75;24440;508
20260325 014500;24439.75;24440.75;24416.5;24418.75;821
20260325 014600;24417.75;24426.5;24415.5;24424;697
20260325 014700;24423.75;24425;24418;24424.5;415
20260325 014800;24423;24423;24415.75;24418.75;492
20260325 014900;24418.75;24422;24413.5;24417.25;425
20260325 015000;24417.25;24419.5;24414.5;24414.5;296
20260325 015100;24415.5;24422.5;24415.5;24418.75;451
20260325 015200;24418;24421;24415.25;24417.25;201
20260325 015300;24417.25;24417.5;24412;24415.75;429
20260325 015400;24416.5;24421.75;24416.25;24420.5;299
20260325 015500;24419.75;24423;24415.75;24421.25;289
20260325 015600;24421;24426;24419.75;24425;335
20260325 015700;24425;24425.25;24418;24420.5;281
20260325 015800;24420.5;24421;24412;24413.25;356
20260325 015900;24412.25;24415.25;24411;24413;244
20260325 020000;24413.75;24414.25;24392.25;24396.5;1323
20260325 020100;24396.75;24400.5;24375.5;24377.75;1853
20260325 020200;24378.25;24392.75;24372.75;24390.5;1856
20260325 020300;24390.75;24395.25;24385;24393.5;694
20260325 020400;24394.25;24398.25;24389.25;24395.5;585
20260325 020500;24395;24397;24390.25;24393;403
20260325 020600;24392;24393;24373.75;24376;930
20260325 020700;24376.5;24387;24375;24384.25;598
20260325 020800;24384.5;24388.25;24382.25;24386;395
20260325 020900;24385.25;24387.25;24372.5;24377.25;526
20260325 021000;24376.75;24380;24360.75;24363;1214
20260325 021100;24363.25;24372.25;24362.25;24363.25;835
20260325 021200;24362.75;24368.5;24352.75;24353.75;1140
20260325 021300;24353.5;24359.5;24351;24358.25;903
20260325 021400;24358.75;24361.25;24350;24355.5;812
20260325 021500;24354.75;24359.25;24354.75;24355.25;556
20260325 021600;24355.5;24359.5;24352.75;24359;526
20260325 021700;24359.25;24361.75;24352.5;24358.75;687
20260325 021800;24358.5;24361.5;24356.25;24361;390
20260325 021900;24361.5;24367.25;24358;24365.25;832
20260325 022000;24365.5;24373.25;24364;24365.5;777
20260325 022100;24366.5;24371.75;24361.75;24367.25;699
20260325 022200;24367.25;24372;24364.75;24370;260
20260325 022300;24370.25;24375;24369.75;24372;451
20260325 022400;24372;24372.5;24359;24365.25;803
20260325 022500;24365.75;24369;24362.25;24364;359
20260325 022600;24364.5;24371.5;24362.5;24371;341
20260325 022700;24370.75;24371.75;24366.5;24368.5;207
20260325 022800;24369.5;24376.25;24367.75;24372.25;391
20260325 022900;24372.75;24377.75;24370.5;24372.75;554
20260325 023000;24373.5;24376.25;24371.25;24371.5;211
20260325 023100;24371.25;24376.25;24369.5;24374.5;339
20260325 023200;24375;24375.75;24365.25;24375.75;618
20260325 023300;24375.5;24378.75;24372.5;24373.5;391
20260325 023400;24372.75;24378.25;24371.5;24376.25;304
20260325 023500;24376;24378;24370.25;24377.5;282
20260325 023600;24378;24378.5;24367;24368.25;368
20260325 023700;24368.25;24371.75;24367;24370.25;219
20260325 023800;24370.25;24376.75;24366.75;24374.75;334
20260325 023900;24374.75;24375.75;24369.5;24371;183
20260325 024000;24371.25;24371.75;24361.25;24364.25;462
20260325 024100;24364.5;24365.75;24358.75;24364;427
20260325 024200;24363.75;24365.25;24360.25;24363.25;214
20260325 024300;24362.5;24372.5;24362.5;24371.5;358
20260325 024400;24371.5;24372.5;24364.5;24365.25;360
20260325 024500;24365.25;24366;24360.75;24363.75;295
20260325 024600;24363.25;24374.75;24363.25;24372.75;314
20260325 024700;24373.75;24374.25;24360.75;24361.75;452
20260325 024800;24361.75;24365;24358;24362.5;365
20260325 024900;24362.75;24370.5;24361.5;24364.75;358
20260325 025000;24364.25;24364.5;24352.5;24357.5;684
20260325 025100;24358.25;24366;24358.25;24364.5;374
20260325 025200;24363.25;24363.5;24355;24358.75;373
20260325 025300;24359;24362.25;24350;24352.5;616
20260325 025400;24352.5;24358.75;24350;24358.5;484
20260325 025500;24357.5;24359;24351.75;24353.25;332
20260325 025600;24353.25;24354.75;24342.5;24347.25;1067
20260325 025700;24347.5;24354;24342.75;24351.75;833
20260325 025800;24350.75;24352.25;24343.75;24345.75;310
20260325 025900;24345.75;24345.75;24333.75;24336.25;950
20260325 030000;24336.25;24341.5;24334.25;24337;578
20260325 030100;24337.25;24346.25;24336;24341.75;599
20260325 030200;24342;24347.5;24338.25;24340.75;451
20260325 030300;24340.25;24342.5;24336.5;24341.25;381
20260325 030400;24341.75;24345;24337.25;24345;308
20260325 030500;24345;24347;24340.75;24347;339
20260325 030600;24347.25;24348.5;24343.25;24348.5;374
20260325 030700;24348.75;24355.75;24347;24354;674
20260325 030800;24352.75;24357.25;24350.5;24353.75;409
20260325 030900;24353;24356.5;24352;24353.5;305
20260325 031000;24352.5;24354;24342.5;24343.75;528
20260325 031100;24343.25;24351;24341.75;24348.5;415
20260325 031200;24348.5;24348.75;24339.5;24344.5;433
20260325 031300;24345.25;24346.75;24329;24329.75;957
20260325 031400;24330;24333.5;24326.5;24332;558
20260325 031500;24332.25;24334.5;24328;24331.25;330
20260325 031600;24331.75;24333.25;24321.75;24325.5;643
20260325 031700;24326.25;24332.5;24320.25;24332;661
20260325 031800;24331.75;24334.75;24328.75;24328.75;442
20260325 031900;24328.25;24338.75;24327.75;24336;535
20260325 032000;24337;24337.5;24333.25;24334.25;218
20260325 032100;24334.25;24339.25;24333.75;24336.75;283
20260325 032200;24336.5;24337.5;24331.5;24332.5;318
20260325 032300;24332.5;24336.75;24330;24332.5;318
20260325 032400;24332.75;24337.5;24332.75;24334.5;229
20260325 032500;24334;24340;24333.25;24337.5;291
20260325 032600;24337.5;24340.5;24335.5;24337.25;244
20260325 032700;24336.75;24338.5;24333.75;24338.25;194
20260325 032800;24338.25;24338.5;24332;24334.75;211
20260325 032900;24333.75;24341.75;24333.75;24338;290
20260325 033000;24338;24343.75;24337.25;24340.5;363
20260325 033100;24340.5;24342.75;24338;24341.5;272
20260325 033200;24341.25;24341.5;24335.5;24339.5;331
20260325 033300;24338.25;24340;24334.5;24336.75;191
20260325 033400;24336.75;24339;24335;24337;163
20260325 033500;24336.75;24340;24336.25;24338.5;157
20260325 033600;24339;24360;24338.25;24355.5;1361
20260325 033700;24356;24367.5;24352.5;24364.75;867
20260325 033800;24364.25;24365;24356.25;24357.5;407
20260325 033900;24357;24360.5;24355.5;24357.5;256
20260325 034000;24357.5;24363.25;24357.25;24361.75;257
20260325 034100;24362.25;24363.25;24352.5;24354;297
20260325 034200;24354;24357.5;24350;24356.25;378
20260325 034300;24356.75;24362.25;24354;24360.5;285
20260325 034400;24360.75;24362;24356.5;24358.75;196
20260325 034500;24358.25;24359.5;24354.75;24358;174
20260325 034600;24358.75;24366.5;24358;24364;366
20260325 034700;24364.5;24367.5;24361.75;24367;245
20260325 034800;24366.75;24371.75;24364.25;24368;379
20260325 034900;24368.5;24371.25;24364;24366.5;259
20260325 035000;24367;24367;24362.75;24365.75;174
20260325 035100;24366;24375.75;24365.25;24374.5;577
20260325 035200;24374.5;24383;24374.5;24380.75;652
20260325 035300;24380;24389.25;24379.25;24386;847
20260325 035400;24386.5;24386.5;24378.5;24381.75;660
20260325 035500;24381.5;24382.25;24375.25;24376.5;264
20260325 035600;24376.25;24380.75;24375.25;24376;410
20260325 035700;24376.25;24377.75;24373.75;24375.75;182
20260325 035800;24375.25;24382.5;24375.25;24381;326
20260325 035900;24381.75;24382;24376.5;24377.25;259
20260325 040000;24376.25;24380.75;24374;24380.25;272
20260325 040100;24380.75;24382.25;24375.5;24381;376
20260325 040200;24381.75;24386;24379.5;24381.75;301
20260325 040300;24382;24385;24376.25;24384;363
20260325 040400;24385;24385;24380;24381.5;286
20260325 040500;24382;24385.25;24381;24383.5;217
20260325 040600;24384;24389;24382.5;24386;369
20260325 040700;24386.5;24387;24378.5;24383.5;337
20260325 040800;24383.75;24388.5;24380.5;24388;398
20260325 040900;24388;24390.5;24384.75;24387.5;302
20260325 041000;24388;24394;24385.5;24394;434
20260325 041100;24394;24394.75;24387;24388.5;363
20260325 041200;24387.5;24395;24386.75;24393.5;275
20260325 041300;24394;24396.25;24390.75;24392;363
20260325 041400;24392;24398;24388.75;24396.5;292
20260325 041500;24396.75;24404;24394.75;24402.75;480
20260325 041600;24402.75;24403;24392.75;24395;329
20260325 041700;24395.75;24402.75;24394.75;24400.75;249
20260325 041800;24400.75;24404.75;24398.25;24404;293
20260325 041900;24404.5;24414.5;24402.75;24411.25;749
20260325 042000;24412;24418;24410.5;24416;462
20260325 042100;24415.5;24416.5;24409;24409.25;508
20260325 042200;24409.5;24415;24409.5;24410;226
20260325 042300;24411;24418.25;24411;24415.5;284
20260325 042400;24416.25;24417.25;24413.5;24416.25;175
20260325 042500;24416.5;24418.25;24415;24417;210
20260325 042600;24417.25;24418.25;24413.5;24415.25;170
20260325 042700;24414;24417;24412.5;24415.25;175
20260325 042800;24415.25;24420.5;24414.75;24418;286
20260325 042900;24418;24419;24414;24415.75;186
20260325 043000;24417;24417.25;24412.25;24413.75;162
20260325 043100;24414.25;24418;24411.75;24416.75;278
20260325 043200;24417.5;24419.25;24415.5;24415.5;179
20260325 043300;24415.5;24416.5;24409.5;24411.75;210
20260325 043400;24412.25;24413.5;24411.25;24411.75;194
20260325 043500;24412.25;24416.25;24412.25;24415;171
20260325 043600;24415;24419.75;24415;24417;247
20260325 043700;24417.25;24420.25;24414.5;24419.75;201
20260325 043800;24419;24423;24416;24416.5;489
20260325 043900;24417;24418.25;24415;24416;230
20260325 044000;24417;24417.25;24407;24410.25;591
20260325 044100;24410.75;24412.75;24404.5;24407.25;560
20260325 044200;24408;24409.75;24405;24409.25;262
20260325 044300;24409;24411;24405.5;24409;284
20260325 044400;24408.5;24409;24405;24406.75;249
20260325 044500;24407;24409;24405;24407.75;219
20260325 044600;24407.75;24408;24396.75;24398.5;621
20260325 044700;24398.75;24400.75;24395.25;24396;323
20260325 044800;24396.5;24399.75;24392;24399;492
20260325 044900;24398.25;24401;24396.25;24398;241
20260325 045000;24397.5;24402.75;24397.5;24399.75;178
20260325 045100;24399.75;24403;24399.5;24401.5;166
20260325 045200;24401.25;24405.5;24400;24400;206
20260325 045300;24400.75;24404;24399.25;24402.75;155
20260325 045400;24402.5;24403.25;24398.75;24400;168
20260325 045500;24400.5;24402.75;24399.25;24400.5;107
20260325 045600;24400.75;24402.75;24399.5;24401;119
20260325 045700;24401;24412.75;24400.75;24411;551
20260325 045800;24412;24419.25;24411.5;24416;415
20260325 045900;24415.25;24416.25;24412.75;24413.75;151
20260325 050000;24413.75;24420.75;24413.5;24418.5;332
20260325 050100;24419;24420;24405.5;24406.25;571
20260325 050200;24405.75;24416;24404.75;24411.5;356
20260325 050300;24410.5;24411.5;24405.75;24410.5;235
20260325 050400;24410.75;24414.75;24408;24410;207
20260325 050500;24409.5;24411.75;24403.5;24405.75;287
20260325 050600;24405.75;24409;24402.25;24403;297
20260325 050700;24402.75;24419.25;24401.5;24415.25;593
20260325 050800;24414.5;24418;24409.25;24417.75;279
20260325 050900;24418;24429.5;24417.75;24421.25;896
20260325 051000;24421.25;24424.75;24417;24418;486
20260325 051100;24418.25;24428.75;24417.75;24425.5;507
20260325 051200;24425.5;24426.75;24420.25;24421;206
20260325 051300;24421;24427.25;24420.75;24426.75;183
20260325 051400;24426;24427.5;24423.5;24424.75;182
20260325 051500;24423.25;24423.75;24420.25;24423.25;177
20260325 051600;24423;24423.25;24417;24417.75;236
20260325 051700;24419.75;24420;24412.5;24415.75;287
20260325 051800;24415.25;24416.25;24409.25;24409.25;328
20260325 051900;24409.25;24415;24408.75;24410.25;225
20260325 052000;24409.75;24412.5;24404.25;24407.25;285
20260325 052100;24407.5;24410;24405.75;24407.5;182
20260325 052200;24407.5;24414.5;24407.5;24414;216
20260325 052300;24414;24418.75;24411.25;24417;181
20260325 052400;24417;24419;24412.75;24413.75;167
20260325 052500;24414;24418.25;24412.25;24415;156
20260325 052600;24415.25;24416;24406;24410.75;199
20260325 052700;24410;24410;24403.25;24406;325
20260325 052800;24406.25;24408.5;24403;24408.5;263
20260325 052900;24409;24409.5;24403.25;24404.75;283
20260325 053000;24405.25;24410.5;24405.25;24408;108
20260325 053100;24408.5;24414;24405.5;24409.5;368
20260325 053200;24409;24421.5;24408.25;24420.25;552
20260325 053300;24420;24423.5;24418;24420.5;447
20260325 053400;24419;24421;24416.5;24418.25;191
20260325 053500;24419;24420.5;24414.75;24416.25;134
20260325 053600;24416.5;24417.5;24411.75;24414.25;213
20260325 053700;24414.75;24420;24413.25;24419.75;145
20260325 053800;24420;24424;24417.25;24417.75;257
20260325 053900;24418.25;24423.5;24413;24421.75;129
20260325 054000;24422;24424.25;24416.25;24422.5;374
20260325 054100;24423;24425.5;24420.5;24422.75;272
20260325 054200;24423.5;24424;24415.5;24416.25;202
20260325 054300;24415.5;24421.75;24415;24421.75;166
20260325 054400;24420.75;24424.5;24419.25;24421.75;152
20260325 054500;24421.25;24423;24419.5;24422.25;93
20260325 054600;24421.5;24422;24417;24418;142
20260325 054700;24416.25;24418.5;24413.5;24413.75;175
20260325 054800;24416;24424.5;24415.75;24417.25;236
20260325 054900;24417.75;24417.75;24409;24412.25;427
20260325 055000;24412;24412.25;24408.5;24412;174
20260325 055100;24412;24414.75;24397.5;24398;618
20260325 055200;24398.75;24410.5;24394.5;24407.75;639
20260325 055300;24408;24408.25;24396;24397;336
20260325 055400;24396.25;24397.75;24387.25;24388.75;572
20260325 055500;24389;24389;24381.5;24381.5;575
20260325 055600;24381.25;24385;24373;24379;627
20260325 055700;24379.25;24384.75;24374;24374.5;434
20260325 055800;24374.25;24383.75;24373.25;24382.75;302
20260325 055900;24382.5;24387;24382.25;24384;271
20260325 060000;24384.75;24384.75;24378.5;24381.5;203
20260325 060100;24381.5;24383.75;24375.25;24376.75;345
20260325 060200;24377;24379;24372;24373;258
20260325 060300;24373;24378;24366.25;24375;716
20260325 060400;24375.5;24375.5;24364;24369;355
20260325 060500;24368.25;24370.5;24362.75;24366;383
20260325 060600;24366;24368.25;24361;24361.75;529
20260325 060700;24361;24366.75;24360.5;24364.75;339
20260325 060800;24364.75;24372.5;24364;24367.5;366
20260325 060900;24368;24373;24365.5;24366.25;286
20260325 061000;24366;24366;24354.75;24359;505
20260325 061100;24359.25;24363.25;24357.25;24360.5;381
20260325 061200;24360;24370;24358;24364.25;359
20260325 061300;24364.25;24367;24360;24364.25;269
20260325 061400;24363.75;24364.5;24357.25;24357.25;154
20260325 061500;24357.5;24364;24356;24363.75;259
20260325 061600;24363.5;24370.5;24362.25;24365.75;400
20260325 061700;24365;24369.25;24363.75;24369.25;234
20260325 061800;24369.25;24370.25;24361.75;24366.5;259
20260325 061900;24366;24370;24366;24367.25;231
20260325 062000;24367.25;24369;24363.5;24366.5;172
20260325 062100;24367;24369.5;24362.75;24367;234
20260325 062200;24367;24371.5;24364.75;24365.5;199
20260325 062300;24366;24367.5;24360;24361.75;391
20260325 062400;24361.25;24365;24360.25;24362;195
20260325 062500;24361.25;24361.25;24350.5;24353.25;549
20260325 062600;24353.5;24356.5;24345.75;24349;648
20260325 062700;24348.5;24354;24345;24346.5;358
20260325 062800;24345.5;24348;24342.5;24348;395
20260325 062900;24348.25;24348.5;24340.75;24341.75;393
20260325 063000;24342;24346.5;24341.25;24344.5;379
20260325 063100;24344.25;24346.75;24333.25;24337.25;1089
20260325 063200;24337.25;24341.75;24332.5;24334.75;717
20260325 063300;24334.5;24335.25;24324.5;24326.75;673
20260325 063400;24326;24336;24325.5;24334;768
20260325 063500;24333.25;24340.5;24332.25;24332.75;803
20260325 063600;24332.5;24333;24324.5;24331.75;563
20260325 063700;24331.25;24337.25;24328;24335.5;424
20260325 063800;24336.25;24341;24332.25;24340.25;568
20260325 063900;24339.75;24345.5;24338.25;24338.25;469
20260325 064000;24339.5;24340.5;24333;24334;319
20260325 064100;24334;24341.75;24333;24340.75;245
20260325 064200;24341;24348.5;24340.5;24347.5;654
20260325 064300;24347.25;24356.5;24346.5;24351.75;810
20260325 064400;24352.5;24354.25;24348.5;24354;296
20260325 064500;24353.75;24358;24352;24352.5;383
20260325 064600;24353;24355.75;24350.5;24354;329
20260325 064700;24354.25;24355.5;24350;24355.5;251
20260325 064800;24355.75;24360;24351.75;24359.5;374
20260325 064900;24360;24367.25;24357;24366.25;614
20260325 065000;24366.25;24372;24366;24369.5;695
20260325 065100;24370;24375;24366.25;24372.5;488
20260325 065200;24372.25;24389.75;24371.25;24388.5;1235
20260325 065300;24389.25;24389.75;24374.75;24380.25;955
20260325 065400;24380.5;24382;24371;24374.75;541
20260325 065500;24374.75;24376.5;24370;24372.5;600
20260325 065600;24373.5;24374;24362.75;24367.75;684
20260325 065700;24366.75;24377.75;24364.5;24372.5;642
20260325 065800;24373.25;24376.75;24369.5;24375.25;290
20260325 065900;24374.25;24374.25;24365;24366;347
20260325 070000;24365.25;24379.5;24364.75;24379;424
20260326 070100;24290.25;24291.5;24281.5;24290.75;752
20260326 070200;24290.75;24292.75;24271.5;24277;1157
20260326 070300;24277.25;24277.25;24270;24273.25;497
20260326 070400;24273.5;24298;24270.5;24287.5;1112
20260326 070500;24287;24288.5;24273.25;24275;850
20260326 070600;24274.5;24276.75;24253.5;24259.75;1746
20260326 070700;24259.75;24262.75;24243.25;24251.25;1432
20260326 070800;24251.75;24255.5;24236.5;24247.75;1653
20260326 070900;24247.5;24256.75;24247;24255.25;938
20260326 071000;24255;24258;24248.5;24254.5;750
20260326 071100;24254.75;24258.5;24244.25;24248.5;652
20260326 071200;24249.25;24254.25;24247;24254;414
20260326 071300;24254.75;24257.25;24247.5;24251;513
20260326 071400;24251;24256.25;24248.75;24251.25;459
20260326 071500;24250.75;24256;24247.5;24253;373
20260326 071600;24253.75;24255.75;24250;24255.25;282
20260326 071700;24254.5;24259.25;24243.25;24245.75;640
20260326 071800;24246;24255.5;24240;24252.25;810
20260326 071900;24252.75;24253.25;24244.75;24246.75;426
20260326 072000;24246.75;24253;24246.75;24249.75;245
20260326 072100;24250.25;24250.25;24202.25;24229.5;4015
20260326 072200;24229.75;24247.75;24226.5;24247.75;1156
20260326 072300;24248;24271.5;24247.75;24269.5;1943
20260326 072400;24269.75;24280.5;24268;24271;1294
20260326 072500;24271.75;24273;24261.75;24264.25;655
20260326 072600;24264.25;24268.75;24260.5;24263.75;560
20260326 072700;24263.75;24265.25;24254;24260.75;569
20260326 072800;24261.25;24265;24254.5;24257.75;517
20260326 072900;24258.5;24260.25;24247;24250.25;738
20260326 073000;24250.5;24256.5;24249;24253.25;466
20260326 073100;24254;24255.5;24249;24255;567
20260326 073200;24253.5;24254.75;24242.75;24244;486
20260326 073300;24244.25;24244.5;24236.75;24239.75;796
20260326 073400;24238.75;24242.5;24236.5;24241.75;479
20260326 073500;24241;24244;24237;24242.75;455
20260326 073600;24242.75;24254.5;24241.5;24253.25;796
20260326 073700;24252.5;24254.25;24244;24253.25;433
20260326 073800;24254.5;24266.25;24254.5;24264;772
20260326 073900;24264.25;24269.25;24263;24268.25;670
20260326 074000;24267.25;24269.5;24262.75;24265.5;542
20260326 074100;24265.75;24270.5;24264;24265.25;480
20260326 074200;24264.75;24265.25;24257;24257.5;493
20260326 074300;24258.5;24260.25;24250.25;24250.25;549
20260326 074400;24250;24254.5;24248.25;24251.75;431
20260326 074500;24252.25;24256.5;24249;24255;434
20260326 074600;24255.5;24274.25;24255;24269.75;1022
20260326 074700;24270;24270.5;24259.75;24261.75;648
20260326 074800;24261.5;24262.75;24252.5;24258.75;540
20260326 074900;24258.75;24269.75;24257.5;24269;318
20260326 075000;24268.5;24272.75;24266;24270.5;407
20260326 075100;24270.75;24273.25;24267;24267.75;436
20260326 075200;24269;24271.75;24261.25;24262.5;473
20260326 075300;24263;24268;24260.75;24263.25;393
20260326 075400;24263;24265;24260;24261.5;283
20260326 075500;24261;24268;24257;24265.25;391
20260326 075600;24266;24269.75;24263.5;24265.5;358
20260326 075700;24266;24270.25;24260.5;24263.25;402
20260326 075800;24263;24264.5;24255;24256.75;422
20260326 075900;24257;24259;24254.75;24258.75;301
20260326 080000;24259;24261;24255.25;24259.75;441
20260326 080100;24259.25;24278.5;24258.25;24270.5;1737
20260326 080200;24270.5;24278.75;24265.25;24269;965
20260326 080300;24268.5;24269.75;24257.5;24266.25;725
20260326 080400;24266.75;24267.25;24256;24266.75;582
20260326 080500;24266.5;24268.75;24262.25;24267.5;464
20260326 080600;24268.25;24271.75;24260.25;24262.25;609
20260326 080700;24261.5;24288.75;24260.75;24277.5;1222
20260326 080800;24277;24286.25;24272.75;24282.75;857
20260326 080900;24282.25;24282.25;24272.25;24276.5;615
20260326 081000;24276;24278.25;24258.5;24258.5;862
20260326 081100;24258.5;24263;24252.25;24255.75;863
20260326 081200;24256.25;24261;24248;24249.5;638
20260326 081300;24250.25;24255.5;24243.75;24244;813
20260326 081400;24243.75;24245;24218.5;24219.75;1863
20260326 081500;24218.5;24222.75;24204.5;24207.5;1640
20260326 081600;24206.75;24218.75;24206.75;24215;1459
20260326 081700;24214.75;24222.25;24213.5;24219;844
20260326 081800;24218.5;24233;24217.75;24225.25;1101
20260326 081900;24223.25;24224;24206;24214;1142
20260326 082000;24213.75;24215;24195.5;24204.75;1713
20260326 082100;24203.25;24219;24201;24217.75;1254
20260326 082200;24217;24219.5;24205.5;24209.5;925
20260326 082300;24209;24216.75;24198.5;24208.25;692
20260326 082400;24208;24220.25;24206.25;24211.75;740
20260326 082500;24210.5;24215.5;24204.25;24208;629
20260326 082600;24208.5;24213;24202.75;24207;616
20260326 082700;24207.5;24220.5;24207.5;24214.25;856
20260326 082800;24213.5;24215;24207;24214.5;452
20260326 082900;24214.25;24218;24200;24201;828
20260326 083000;24200.25;24201.25;24188.5;24192;1719
20260326 083100;24192.5;24198.5;24187.25;24196.25;1292
20260326 083200;24196;24206;24191;24199;1108
20260326 083300;24198.75;24213.5;24198.25;24211.5;919
20260326 083400;24212.25;24213;24203.25;24206;564
20260326 083500;24206.25;24217.5;24204.75;24210.5;593
20260326 083600;24210;24218.75;24202;24206;897
20260326 083700;24207.25;24210;24203;24206;550
20260326 083800;24206.25;24210;24185;24187.25;1183
20260326 083900;24187;24196;24185.75;24195.25;897
20260326 084000;24196;24201.25;24190.25;24195.25;752
20260326 084100;24195.75;24210;24192.5;24208.75;848
20260326 084200;24207.75;24212;24200.75;24201.75;666
20260326 084300;24201.75;24211.5;24199;24203.75;475
20260326 084400;24203.5;24204.25;24181.75;24184;1099
20260326 084500;24184;24185.75;24172;24174.25;1763
20260326 084600;24174;24181.25;24168.75;24173.75;1217
20260326 084700;24174.5;24185.5;24172;24182.75;895
20260326 084800;24183.25;24192.75;24174.25;24177.25;990
20260326 084900;24177.25;24177.5;24155;24160.5;1723
20260326 085000;24160.25;24165.5;24158.5;24162;726
20260326 085100;24163.5;24176.25;24162.5;24174;896
20260326 085200;24174;24185;24172.75;24175;867
20260326 085300;24175.5;24178.75;24170.25;24175.5;523
20260326 085400;24175.75;24184.5;24174.75;24182.5;491
20260326 085500;24182.25;24189.25;24178;24182.75;647
20260326 085600;24182;24197;24178;24195.5;754
20260326 085700;24196.5;24203;24192.5;24199.5;830
20260326 085800;24200.5;24201.75;24195.5;24197;521
20260326 085900;24197.5;24202;24192;24194.25;575
20260326 090000;24194.5;24197.5;24191.75;24193;525
20260326 090100;24194;24197.5;24168;24170.25;1632
20260326 090200;24169.25;24173.75;24161;24162.5;1407
20260326 090300;24162;24179;24162;24175.5;971
20260326 090400;24175;24177;24155;24161.75;1032
20260326 090500;24162.5;24177.75;24162;24176.75;1011
20260326 090600;24176.5;24193.75;24173.5;24191.25;1530
20260326 090700;24191.25;24192.25;24176.5;24188;1016
20260326 090800;24188;24192;24181;24186.75;537
20260326 090900;24187.75;24191;24167.75;24168.5;978
20260326 091000;24168.5;24177.25;24164;24175;635
20260326 091100;24175;24189;24172.75;24187.5;961
20260326 091200;24187.75;24195.5;24181.75;24181.75;991
20260326 091300;24182.5;24184;24168.75;24174.5;780
20260326 091400;24175.5;24179.75;24166.75;24175.5;848
20260326 091500;24175;24182.5;24166.75;24170.75;515
20260326 091600;24170;24170;24163.25;24167.5;704
20260326 091700;24167.25;24172.25;24162.5;24165.5;553
20260326 091800;24165.75;24171;24161.75;24164.5;446
20260326 091900;24164.25;24166;24153.75;24159.75;910
20260326 092000;24160;24165.25;24156.25;24159;510
20260326 092100;24158.75;24172;24158.75;24166;712
20260326 092200;24166.5;24171;24162.25;24165.5;590
20260326 092300;24165.5;24174;24164.5;24173.25;639
20260326 092400;24173.75;24173.75;24152.25;24162.5;1012
20260326 092500;24161.75;24165;24154.25;24155;619
20260326 092600;24154.75;24160.75;24153.5;24154.5;503
20260326 092700;24155;24160.25;24150.25;24159.75;844
20260326 092800;24159;24170;24157.25;24165;824
20260326 092900;24164.5;24165.75;24154;24154;620
20260326 093000;24153.5;24156.5;24144.75;24152.75;1208
20260326 093100;24152.25;24152.25;24113;24119.25;3431
20260326 093200;24120;24126.25;24108.5;24124.75;1776
20260326 093300;24124.25;24126.75;24109.75;24119;1586
20260326 093400;24119;24128.75;24116.75;24123;1066
20260326 093500;24123.25;24134.75;24123.25;24125;970
20260326 093600;24124.5;24133.5;24122;24126.75;876
20260326 093700;24127.5;24135.75;24121;24134.75;964
20260326 093800;24135.75;24141.75;24126.25;24131;901
20260326 093900;24131.5;24136.75;24128;24130.5;744
20260326 094000;24130.5;24135.25;24125.75;24132.5;622
20260326 094100;24132.5;24143.25;24132;24137.75;1032
20260326 094200;24135;24138.5;24131;24137.75;580
20260326 094300;24138.25;24143.5;24133;24143.25;518
20260326 094400;24143.5;24149.5;24137.75;24139.75;903
20260326 094500;24139;24148;24136.5;24140.75;988
20260326 094600;24140.75;24144.75;24131.25;24139.75;1108
20260326 094700;24140.25;24140.5;24128.25;24134;649
20260326 094800;24134;24152.25;24133.5;24143.25;1153
20260326 094900;24142.5;24144.25;24131.75;24137;647
20260326 095000;24137.5;24139;24133;24136.25;518
20260326 095100;24136.5;24152;24134.25;24149.5;825
20260326 095200;24149.5;24158.5;24149;24156.5;1065
20260326 095300;24155.75;24159.5;24152.5;24153.5;681
20260326 095400;24154;24155;24147.25;24149.25;594
20260326 095500;24149.5;24157.5;24145.75;24156.5;481
20260326 095600;24157;24165;24153.5;24160;704
20260326 095700;24160.25;24163.5;24157.25;24158.25;580
20260326 095800;24159.25;24165;24158.75;24163.5;344
20260326 095900;24163.75;24166;24158;24160.25;462
20260326 100000;24160.5;24161.25;24154.75;24155;540
20260326 100100;24155.5;24157.75;24143.5;24148.25;1026
20260326 100200;24148.25;24148.5;24132.25;24142.25;1088
20260326 100300;24141.75;24152.75;24141.5;24150;713
20260326 100400;24150.5;24156.25;24148.75;24151.75;470
20260326 100500;24152.25;24167;24148.5;24163;1126
20260326 100600;24163;24196.75;24161.75;24183.5;2291
20260326 100700;24183;24185.25;24171.25;24176.5;1134
20260326 100800;24175.75;24176.25;24168.75;24175;453
20260326 100900;24174.75;24180.5;24169.25;24170.5;681
20260326 101000;24169.25;24180.75;24167;24176.75;494
20260326 101100;24175.75;24183.25;24174.25;24182.5;516
20260326 101200;24182;24185.25;24176.5;24184.5;504
20260326 101300;24184;24184.75;24177.25;24178.25;627
20260326 101400;24177.5;24184.25;24176.25;24184;453
20260326 101500;24183.5;24187.25;24178.25;24186.75;510
20260326 101600;24186.5;24194;24185.25;24191.75;1025
20260326 101700;24191.5;24197.25;24186;24195;905
20260326 101800;24194.25;24196.25;24178.5;24181;754
20260326 101900;24181;24181.25;24173;24174.75;744
20260326 102000;24174.75;24183.75;24173.75;24175;619
20260326 102100;24174.5;24180.25;24172.25;24176.25;435
20260326 102200;24176;24189;24176;24188;663
20260326 102300;24188.75;24192.5;24184.5;24191.5;544
20260326 102400;24192;24192;24179.25;24181.5;639
20260326 102500;24182;24187;24180;24185.5;427
20260326 102600;24185.5;24192.5;24182;24189;698
20260326 102700;24189.25;24192.75;24185.75;24188.5;406
20260326 102800;24189.25;24193.5;24188;24188.25;348
20260326 102900;24189.5;24200.25;24189.25;24199.25;688
20260326 103000;24199.5;24202.25;24195.5;24196.25;713
20260326 103100;24196.25;24197.75;24188.75;24191.5;638
20260326 103200;24192;24198;24190.25;24193.75;328
20260326 103300;24194.5;24202.25;24194.25;24200;456
20260326 103400;24200.25;24202.5;24196;24202;427
20260326 103500;24201;24201.5;24193.25;24195.25;388
20260326 103600;24197.25;24198;24191.25;24193.25;335
20260326 103700;24193.25;24196.75;24189.5;24194.25;424
20260326 103800;24194.5;24195.25;24188;24192;346
20260326 103900;24192;24194.75;24186.75;24190.5;521
20260326 104000;24190.25;24191;24156.25;24160.25;3061
20260326 104100;24159.75;24177.25;24148.5;24166;2603
20260326 104200;24167.25;24174;24166.25;24171;839
20260326 104300;24171.25;24172;24158.25;24160.25;998
20260326 104400;24159.5;24167;24153.5;24156.75;848
20260326 104500;24157.75;24169.25;24156.25;24162;849
20260326 104600;24161.5;24174.25;24158.25;24174.25;1007
20260326 104700;24173.5;24174.5;24161.5;24167.75;754
20260326 104800;24167.75;24171.75;24159.5;24162;530
20260326 104900;24162;24170.5;24161.5;24166.75;385
20260326 105000;24168.25;24171.75;24165.25;24171.25;384
20260326 105100;24172;24173;24165.5;24168.25;558
20260326 105200;24168.25;24172.5;24166.75;24171;408
20260326 105300;24171.5;24184.25;24168.5;24180.25;691
20260326 105400;24180;24182.75;24171.75;24173;711
20260326 105500;24173;24177.75;24167.5;24169.25;443
20260326 105600;24169;24176;24168.75;24174.75;570
20260326 105700;24174.75;24179.25;24173.75;24173.75;415
20260326 105800;24174;24177.5;24170.25;24174;424
20260326 105900;24173.25;24178.25;24172.75;24176.5;254
20260326 110000;24176;24180.5;24174.25;24176.75;368
20260326 110100;24177.75;24184.25;24167.25;24173.5;977
20260326 110200;24173.25;24175.75;24160;24162.5;852
20260326 110300;24163;24174;24160.5;24171.75;753
20260326 110400;24171.75;24178.5;24167.25;24176.75;590
20260326 110500;24175.75;24184.5;24174.25;24176;733
20260326 110600;24176.5;24188.5;24174;24188.25;978
20260326 110700;24188.25;24189.25;24164.25;24166.5;1192
20260326 110800;24166.5;24176.5;24165;24174.25;530
20260326 110900;24175.25;24183.25;24175.25;24183.25;484
20260326 111000;24183.25;24186.75;24180.75;24184;519
20260326 111100;24184.25;24185.5;24175;24175;440
20260326 111200;24175.25;24175.25;24162;24172.5;804
20260326 111300;24172;24176.25;24166.75;24168;427
20260326 111400;24167;24172.25;24164.5;24169.5;412
20260326 111500;24168.75;24169.5;24163.75;24164;367
20260326 111600;24164.75;24175.25;24163.25;24170.75;664
20260326 111700;24170.25;24170.25;24162;24163.75;693
20260326 111800;24163.25;24168.75;24162;24166;426
20260326 111900;24166.25;24173;24164.75;24172.25;288
20260326 112000;24172.75;24175.5;24168.5;24170;404
20260326 112100;24169.5;24171;24155;24157;675
20260326 112200;24156.25;24170;24156;24162.75;626
20260326 112300;24163;24166.25;24156.75;24159.5;391
20260326 112400;24159;24161.75;24152.25;24153;717
20260326 112500;24153;24159;24151.25;24155.75;650
20260326 112600;24156;24156.75;24144.75;24146;1028
20260326 112700;24146;24151;24128.5;24130;1985
20260326 112800;24130;24143.5;24125.5;24140.25;1329
20260326 112900;24140.25;24149.25;24138.5;24141.75;767
20260326 113000;24141.5;24146.25;24140;24143.75;595
20260326 113100;24144.25;24152;24141.5;24146.5;1128
20260326 113200;24146.25;24146.75;24128;24133.5;1422
20260326 113300;24133.75;24145;24133.5;24142;915
20260326 113400;24142.5;24143.75;24138.75;24139.75;405
20260326 113500;24140;24150.25;24140;24143.5;506
20260326 113600;24143.5;24149.25;24138.5;24139.75;527
20260326 113700;24140;24140.5;24129;24134;723
20260326 113800;24133.75;24140.5;24130.25;24131.5;539
20260326 113900;24131.75;24139.5;24130.75;24135.25;496
20260326 114000;24136.25;24142.75;24133.5;24141;461
20260326 114100;24140.5;24143.5;24139;24142.75;420
20260326 114200;24143.5;24144;24132.75;24137.75;482
20260326 114300;24135.5;24135.75;24127;24128;822
20260326 114400;24128;24128.5;24117.5;24122.5;1292
20260326 114500;24122.25;24127.25;24120.25;24125.5;682
20260326 114600;24126;24133.75;24122.25;24132;749
20260326 114700;24131.5;24134.5;24123;24123.75;587
20260326 114800;24124;24130.75;24123.25;24126.75;457
20260326 114900;24127.25;24131.75;24124.25;24129.5;555
20260326 115000;24128.5;24129;24115;24116.5;1079
20260326 115100;24115.75;24119.75;24112.5;24116.5;783
20260326 115200;24117.25;24125.5;24112.75;24122.25;902
20260326 115300;24122;24123.25;24115.5;24117;547
20260326 115400;24118;24125.25;24116.75;24122.25;549
20260326 115500;24122.75;24135;24122;24128.5;1352
20260326 115600;24128.75;24129;24120.25;24122;784
20260326 115700;24122;24124.75;24108;24111.25;1418
20260326 115800;24112;24116.75;24108.25;24113;775
20260326 115900;24112.75;24114.25;24103.25;24106.25;867
20260326 120000;24106;24106;24098.25;24101.75;1568
20260326 120100;24102.75;24108.5;24094.5;24095.25;1531
20260326 120200;24094.75;24100.5;24088.25;24092.25;1674
20260326 120300;24091.75;24098.5;24085;24090.75;1409
20260326 120400;24090.25;24090.75;24081;24089.75;1540
20260326 120500;24089;24101.25;24088;24098.25;1265
20260326 120600;24098.25;24107.5;24096.25;24101.75;1396
20260326 120700;24101.25;24111;24101;24110;943
20260326 120800;24109.75;24119.75;24109.5;24118.25;1379
20260326 120900;24117.75;24129.75;24115.5;24124;1646
20260326 121000;24123.75;24127;24123;24124.75;620
20260326 121100;24125.25;24134.75;24121.75;24130;1170
20260326 121200;24130;24140.5;24129.75;24138;1154
20260326 121300;24138.5;24141.5;24134.5;24137;983
20260326 121400;24136.75;24142.75;24132.75;24141.5;983
20260326 121500;24140;24144;24136.5;24137;732
20260326 121600;24137.25;24144.75;24134.25;24143.25;746
20260326 121700;24143.25;24146.25;24140.25;24143;764
20260326 121800;24143.75;24148;24140.75;24145;703
20260326 121900;24145.25;24145.5;24135.75;24137.25;724
20260326 122000;24136.75;24139.25;24129.25;24133.5;1076
20260326 122100;24134;24137.5;24128;24136;677
20260326 122200;24136.25;24139.25;24132;24134.75;664
20260326 122300;24135.75;24143.75;24133.5;24140.5;664
20260326 122400;24140.5;24143;24136.5;24142.25;454
20260326 122500;24141.75;24142.25;24129;24131.75;741
20260326 122600;24132;24138.25;24131;24131.5;595
20260326 122700;24131.25;24137.5;24130;24136.5;461
20260326 122800;24136.75;24137.5;24127.75;24131;652
20260326 122900;24131.5;24134.5;24130;24134.5;225
20260326 123000;24134;24139.5;24130.75;24135.75;760
20260326 123100;24134;24134;24110.25;24114.25;2108
20260326 123200;24113.75;24121;24109.5;24114.25;1729
20260326 123300;24113.75;24115.5;24105.25;24113.5;1151
20260326 123400;24113.75;24116;24092;24097.5;1848
20260326 123500;24097;24102.25;24092.25;24092.75;1226
20260326 123600;24093;24094;24073;24078.5;2995
20260326 123700;24078;24093.25;24077.75;24092;1935
20260326 123800;24091.5;24098.25;24081.25;24095.75;1717
20260326 123900;24095.75;24102;24090.5;24101.75;1053
20260326 124000;24101.25;24102.25;24091.75;24101;926
20260326 124100;24100.5;24107;24092.25;24096.25;1453
20260326 124200;24096.25;24101.25;24084.75;24089.25;1271
20260326 124300;24089.75;24097.25;24086.5;24096.25;890
20260326 124400;24095.5;24102.5;24093;24097.5;805
20260326 124500;24097.25;24100.25;24089.75;24093.5;757
20260326 124600;24093.5;24109;24093.5;24108;1669
20260326 124700;24108;24119.25;24104;24113.5;2064
20260326 124800;24113;24118;24106;24106.25;840
20260326 124900;24106.75;24110.75;24103.25;24105.5;657
20260326 125000;24105.5;24108.5;24094.75;24101.5;1241
20260326 125100;24101.25;24111.25;24096.75;24109.25;1081
20260326 125200;24109;24117;24103.75;24106.25;1417
20260326 125300;24106.5;24114;24106.5;24108;685
20260326 125400;24107;24108.5;24096.5;24097.25;988
20260326 125500;24097.5;24103.75;24094;24102.25;1339
20260326 125600;24102;24117.5;24099.75;24114;1284
20260326 125700;24113.75;24114.75;24102;24108;1126
20260326 125800;24108.75;24120.75;24107.75;24116;921
20260326 125900;24116;24116.25;24109.5;24113.5;846
20260326 130000;24114.25;24121.5;24113.75;24118;855
20260326 130100;24117.5;24134;24116.5;24131.75;2560
20260326 130200;24130.75;24136.25;24127.5;24129.75;1545
20260326 130300;24130.25;24134;24115.5;24117.5;1493
20260326 130400;24117.5;24127.25;24114.25;24126.5;1172
20260326 130500;24125.5;24131.5;24123.5;24124.25;988
20260326 130600;24125;24125.25;24118;24122;1059
20260326 130700;24122.25;24123.5;24111.5;24115.25;1297
20260326 130800;24115;24121;24111;24119;951
20260326 130900;24119;24124.5;24113.75;24122.5;868
20260326 131000;24121.75;24126.5;24120;24124;622
20260326 131100;24123.25;24123.25;24114.5;24118.5;680
20260326 131200;24118.5;24123.75;24117.75;24122.75;580
20260326 131300;24123.25;24129.5;24121.75;24126.25;929
20260326 131400;24126;24146.25;24126;24144.75;2494
20260326 131500;24144.75;24145.75;24132.5;24133.75;1820
20260326 131600;24134;24140.25;24125.5;24140;1691
20260326 131700;24139.75;24144.75;24137.75;24141.75;1346
20260326 131800;24141.75;24158.5;24141.5;24153.25;2263
20260326 131900;24153.5;24155.5;24147;24151;1323
20260326 132000;24151.25;24151.75;24144.5;24148.75;1343
20260326 132100;24148.25;24155.5;24145.5;24146.5;1076
20260326 132200;24145.5;24146.5;24139.5;24143.25;1095
20260326 132300;24142.75;24147.5;24136.5;24138.5;1046
20260326 132400;24138.5;24147;24138.5;24146.25;919
20260326 132500;24146.5;24146.5;24135.25;24135.75;1045
20260326 132600;24136.25;24149.5;24130.75;24148.25;1813
20260326 132700;24148.25;24149;24133.5;24135.5;1024
20260326 132800;24135.25;24141.75;24133;24136;1183
20260326 132900;24136.25;24144;24136.25;24141.5;1037
20260326 133000;24142.5;24159.75;24140.25;24156.5;2149
20260326 133100;24156;24156.5;24094;24107;12149
20260326 133200;24106.75;24117.25;24097.25;24108.5;6395
20260326 133300;24108.5;24131.25;24087.5;24102.5;10587
20260326 133400;24102.5;24108;24088.75;24101.25;4921
20260326 133500;24102.25;24124;24101;24122.5;4793
20260326 133600;24122.75;24126.75;24095.25;24096.5;7103
20260326 133700;24097.25;24111.75;24093;24104;4426
20260326 133800;24103.5;24128.5;24102.5;24121.5;6268
20260326 133900;24121.25;24121.25;24083;24092.25;6391
20260326 134000;24092.25;24106.25;24067.25;24069.5;7911
20260326 134100;24068.75;24101.75;24066;24081.25;8123
20260326 134200;24081;24104.75;24078.25;24090.25;4794
20260326 134300;24090.5;24111.5;24086;24106;5328
20260326 134400;24105;24139;24100.5;24131.75;9150
20260326 134500;24131.25;24158.5;24123.5;24158.5;6831
20260326 134600;24158.25;24191.75;24151.5;24172.5;13999
20260326 134700;24172.5;24173.5;24151.5;24154.5;7540
20260326 134800;24154;24193;24143.25;24186.75;9412
20260326 134900;24186.5;24195;24170.75;24179.5;7343
20260326 135000;24179.25;24181.5;24157.5;24165.5;4688
20260326 135100;24166.25;24180.75;24161.75;24176.25;5431
20260326 135200;24175.5;24206.25;24172.5;24202.25;7643
20260326 135300;24202.5;24218;24184.75;24195;8681
20260326 135400;24195.25;24228.5;24184;24223;7532
20260326 135500;24223.25;24233.25;24212.75;24231.25;6734
20260326 135600;24231.25;24232.5;24201.75;24208.75;6505
20260326 135700;24208.75;24217.5;24196;24213.75;4922
20260326 135800;24213.5;24218.75;24180.25;24189;7112
20260326 135900;24189;24192.75;24156;24158.75;8900
20260326 140000;24158;24222;24141;24215.75;14875
20260326 140100;24215.75;24228.25;24203;24212;8192
20260326 140200;24212;24221.5;24196.75;24219.75;5916
20260326 140300;24221;24221;24201.75;24209.5;4302
20260326 140400;24208.75;24221.75;24196.25;24217.25;4616
20260326 140500;24217;24222;24186.75;24200;5565
20260326 140600;24199.5;24210.5;24179.5;24205.75;6863
20260326 140700;24205.25;24224.5;24200.25;24223;5262
20260326 140800;24222.25;24241.25;24209.75;24218.5;8527
20260326 140900;24218.5;24222.5;24174.75;24178.75;6977
20260326 141000;24178.75;24193;24178.25;24186.75;4458
20260326 141100;24187.25;24194.5;24176.25;24187;3876
20260326 141200;24186.5;24186.5;24168.25;24173;4362
20260326 141300;24172.75;24204;24172;24198;5742
20260326 141400;24197.5;24207;24182.5;24203;4156
20260326 141500;24202.75;24214;24193.75;24212.75;4330
20260326 141600;24213.5;24231.5;24199;24224.75;6934
20260326 141700;24224.25;24230.75;24213;24215.5;4385
20260326 141800;24215.5;24217.25;24205.5;24213.25;3047
20260326 141900;24213.25;24222.25;24206.5;24207;2879
20260326 142000;24206.75;24209.75;24185.5;24190.5;4754
20260326 142100;24190.25;24204.5;24178;24197;5430
20260326 142200;24197;24206;24190;24196.75;3047
20260326 142300;24196.5;24229.5;24194.75;24227.25;4845
20260326 142400;24226.5;24226.5;24209;24214.75;2908
20260326 142500;24214.75;24218.25;24204;24206;2802
20260326 142600;24206;24209.5;24196;24208;3467
20260326 142700;24207.75;24215.25;24201.25;24201.25;2562
20260326 142800;24201.5;24205;24186.25;24191.25;3386
20260326 142900;24191;24196.25;24184.5;24190.25;2581
20260326 143000;24190;24193.25;24170;24171.75;4503
20260326 143100;24171.5;24188.5;24170;24185.25;4459
20260326 143200;24185.25;24203;24185.25;24196.75;4319
20260326 143300;24196.75;24201.75;24182.75;24190.75;3879
20260326 143400;24191;24194.5;24168.5;24180;4551
20260326 143500;24179.75;24195.25;24175.5;24191;2819
20260326 143600;24191.25;24194;24175.25;24178;2942
20260326 143700;24178.25;24196.5;24174;24178;3436
20260326 143800;24178.25;24181.75;24156.25;24165.75;6112
20260326 143900;24166;24172.5;24157.75;24164;3826
20260326 144000;24164.5;24185.25;24163;24174.5;4823
20260326 144100;24174.5;24226;24172;24179.75;12564
20260326 144200;24179.75;24185.25;24141.25;24174;14568
20260326 144300;24174.75;24176.5;24144.5;24153.5;7178
20260326 144400;24153.75;24160.75;24129;24138.75;8964
20260326 144500;24139.5;24146.75;24116.5;24124;7933
20260326 144600;24123.25;24137;24115.25;24118.75;5548
20260326 144700;24118.75;24129.25;24101.25;24107;8109
20260326 144800;24107.5;24141;24101;24116;7623
20260326 144900;24116;24136.25;24109.25;24115;5344
20260326 145000;24115.25;24116.25;24093.5;24110.25;5936
20260326 145100;24111;24125;24104.5;24115.75;5017
20260326 145200;24115.5;24125.5;24106.25;24112.25;3983
20260326 145300;24112.75;24117.5;24090;24099.25;5286
20260326 145400;24099.75;24106.75;24077;24080;6560
20260326 145500;24080.25;24087;24067.5;24068.25;7508
20260326 145600;24068.75;24075.25;24032.75;24068.5;12276
20260326 145700;24068.75;24106.25;24059.75;24092.5;10938
20260326 145800;24092.5;24108.75;24090;24099.25;5629
20260326 145900;24098.5;24105.75;24087;24100;3982
20260326 150000;24101.25;24113.5;24090.75;24102.5;4710
20260326 150100;24102.5;24129.5;24102.5;24115.5;6867
20260326 150200;24115.75;24118.5;24101;24117.75;4320
20260326 150300;24117.25;24128.5;24115;24119;4353
20260326 150400;24119.25;24125.75;24108;24116.25;3792
20260326 150500;24116.5;24117.25;24092.25;24094;4066
20260326 150600;24093.25;24130.75;24090.25;24113.25;10673
20260326 150700;24112.75;24113;24093.75;24109.25;4435
20260326 150800;24109;24114.25;24088.25;24092.25;3935
20260326 150900;24092.75;24101.75;24082.75;24090;2911
20260326 151000;24089.75;24100.5;24084.25;24095.75;2878
20260326 151100;24095.5;24106.5;24095;24104.75;2886
20260326 151200;24104.5;24111.25;24096;24103;2228
20260326 151300;24103.25;24122;24099.5;24101.25;3289
20260326 151400;24101.5;24114.25;24096.25;24102.25;2538
20260326 151500;24102;24110.25;24093.25;24094;2039
20260326 151600;24094.75;24100.75;24088.5;24093.75;2541
20260326 151700;24093.5;24099;24075;24081;4017
20260326 151800;24081;24085;24070.25;24075.25;3616
20260326 151900;24076.25;24078.75;24067;24073.75;3054
20260326 152000;24073.75;24084;24072.75;24079.5;2950
20260326 152100;24079.25;24090.75;24073;24086.5;3437
20260326 152200;24086.25;24098.5;24084.75;24097;3027
20260326 152300;24097;24100.5;24087.25;24088;2340
20260326 152400;24088;24093.5;24080.25;24091;2363
20260326 152500;24091.25;24096;24086.25;24091;1671
20260326 152600;24090.75;24097.25;24081;24082.75;2027
20260326 152700;24083.25;24091;24080.75;24084.25;1971
20260326 152800;24085.25;24090.25;24080;24087.5;2078
20260326 152900;24086.75;24103.25;24083;24092.5;2615
20260326 153000;24093.5;24098.25;24080;24085.25;3823
20260326 153100;24084.5;24084.5;24072.25;24080;3531
20260326 153200;24080.5;24081;24050.75;24054.75;5196
20260326 153300;24055;24065;24054.25;24060.75;3226
20260326 153400;24061;24069.25;24051.25;24056.75;2909
20260326 153500;24056.75;24063.25;24053.5;24063.25;2041
20260326 153600;24063.75;24078.5;24059.25;24071.75;3953
20260326 153700;24072;24080;24068.5;24069.5;2507
20260326 153800;24069.25;24077.5;24061.75;24074;2261
20260326 153900;24073.75;24086.5;24071.5;24080.5;2544
20260326 154000;24081;24082.75;24072;24082.25;1468
20260326 154100;24082;24089.25;24076.5;24087.25;2222
20260326 154200;24087.75;24092.75;24071.5;24076.5;2671
20260326 154300;24076.75;24086.25;24073;24084.5;1871
20260326 154400;24084;24088.25;24077.25;24078;1321
20260326 154500;24078;24081.25;24075;24080.75;1213
20260326 154600;24081;24089.75;24078.25;24079.75;1879
20260326 154700;24079.5;24127.25;24071.75;24109.5;11799
20260326 154800;24108.75;24113.25;24087.5;24096;5926
20260326 154900;24096.5;24103.75;24088.5;24099.5;3083
20260326 155000;24099.5;24106.5;24093.75;24097.25;1876
20260326 155100;24097.25;24110.25;24091;24099.25;3114
20260326 155200;24098.5;24114;24096.75;24110.75;2419
20260326 155300;24110.75;24124;24105.75;24122.5;2566
20260326 155400;24122;24122;24114;24116.25;2099
20260326 155500;24116.5;24119.75;24103.25;24110;2456
20260326 155600;24110.25;24113;24096;24099.25;2760
20260326 155700;24099.5;24099.5;24084;24088.5;3170
20260326 155800;24089;24094;24086.75;24091;1806
20260326 155900;24091.25;24099.25;24087.5;24090;1838
20260326 160000;24090.25;24096.75;24081.75;24092.75;2810
20260326 160100;24092.25;24101.75;24085.25;24092;2585
20260326 160200;24092;24096.5;24089.25;24091.5;1057
20260326 160300;24091;24097.75;24078;24085.5;2204
20260326 160400;24085.5;24087.25;24074.5;24079;2391
20260326 160500;24079.25;24084.5;24076.75;24080.5;1193
20260326 160600;24080.5;24086.75;24072.5;24077.5;2197
20260326 160700;24077.5;24088.5;24075.5;24084.25;2278
20260326 160800;24084.5;24094.5;24081;24082;2362
20260326 160900;24082.25;24095;24081.75;24091;1873
20260326 161000;24090;24092.5;24083;24085.25;1457
20260326 161100;24085;24090.5;24076;24076.5;1614
20260326 161200;24076.75;24081;24055.5;24058;3985
20260326 161300;24058.5;24074.75;24058.5;24074.25;2995
20260326 161400;24074;24074.75;24065.5;24069.75;1641
20260326 161500;24069.5;24087.75;24069;24082.75;3404
20260326 161600;24082;24082.5;24068.5;24069;1962
20260326 161700;24068.75;24069.75;24045;24046;6719
20260326 161800;24046.25;24052;24017.25;24035;9254
20260326 161900;24035;24070.5;24033.5;24062.5;5893
20260326 162000;24062.75;24066.75;24059.5;24064.25;2123
20260326 162100;24064.25;24064.75;24046;24050;3229
20260326 162200;24049.5;24054.25;24039.75;24041.75;2497
20260326 162300;24041.25;24045.5;24023;24024;4260
20260326 162400;24024.25;24036.75;24021.75;24034;3365
20260326 162500;24034.25;24047;24031.5;24045.5;2671
20260326 162600;24045;24049.5;24023.25;24026.75;3779
20260326 162700;24026.25;24028.25;24010.5;24017.5;4957
20260326 162800;24018.5;24020;24006;24015.25;3811
20260326 162900;24015.75;24019;24001.75;24004;3450
20260326 163000;24004.5;24010.5;24001;24007.5;2833
20260326 163100;24007.75;24011;23996.75;24003.5;4708
20260326 163200;24004;24007.5;23992;23999;3265
20260326 163300;23999.5;24000;23978.5;23987.75;6440
20260326 163400;23987.75;23993.5;23984.5;23987.75;3523
20260326 163500;23988;24004.5;23982.5;24000.75;3842
20260326 163600;24001.25;24016;23996.75;24006.25;4919
20260326 163700;24007;24014.5;23995.5;24012.25;3275
20260326 163800;24012.25;24014.5;24008;24011.75;2119
20260326 163900;24012.25;24012.5;23997;23997.75;2333
20260326 164000;23997.75;24002.75;23986.5;23989.25;2947
20260326 164100;23989;23993.25;23984.75;23993;2494
20260326 164200;23993;24003.75;23988.25;23996;2783
20260326 164300;23995.75;23997;23987;23990.25;1732
20260326 164400;23990.5;23995;23987.75;23992.25;1145
20260326 164500;23992.75;24005;23989.25;23997.75;2248
20260326 164600;23997.75;24006.75;23994.5;24000.25;2175
20260326 164700;23999.75;24000.5;23985.75;23988.25;2068
20260326 164800;23988.75;23993.5;23985.75;23990.5;1440
20260326 164900;23990.75;23992.5;23981;23982.5;2775
20260326 165000;23982.25;23983;23967.75;23981.25;5887
20260326 165100;23981.25;23983;23971;23973.75;2443
20260326 165200;23973.25;23989.25;23972.5;23986.5;2836
20260326 165300;23986.25;23998.25;23986;23991.75;2840
20260326 165400;23992;24000;23989;23993.5;2361
20260326 165500;23993.5;23996;23991;23995.5;1174
20260326 165600;23996;23997.75;23989;23991.25;1338
20260326 165700;23991;23997.75;23987.25;23996;1580
20260326 165800;23996;24001.5;23993.75;23998.25;1805
20260326 165900;23997.75;23998;23988.5;23996;1579
20260326 170000;23996;24000.25;23988.75;23997.75;1560
20260326 170100;23998;24016.25;23992;24013.25;3499
20260326 170200;24013;24018.5;24003.75;24007.25;2720
20260326 170300;24007;24007.75;23993;24004.25;3213
20260326 170400;24004.75;24005.25;23992.5;23996.75;1691
20260326 170500;23996.5;24000.75;23984.25;23987.25;2727
20260326 170600;23986.75;23998;23986.5;23995.5;1746
20260326 170700;23995.75;24002;23990;23992;1754
20260326 170800;23992;23994.5;23982.75;23985.75;1610
20260326 170900;23986;23989.75;23983.75;23989.75;1375
20260326 171000;23990;23993;23985.25;23989.75;1338
20260326 171100;23989.5;23990;23973;23982;3083
20260326 171200;23981.75;23982;23974;23976.75;1478
20260326 171300;23977;23984;23970;23980.5;2287
20260326 171400;23980.5;23981.5;23970.75;23974.5;1166
20260326 171500;23975;23979.25;23954.75;23967.5;3799
20260326 171600;23967.25;23973.25;23964.75;23969.25;2257
20260326 171700;23969.25;23979.5;23969.25;23978.75;1736
20260326 171800;23978.25;23982.75;23976.5;23981.5;1388
20260326 171900;23981.5;23983.75;23965.5;23969;2727
20260326 172000;23969;23978;23965.25;23976.25;1958
20260326 172100;23976.75;23977;23956.25;23960.75;2840
20260326 172200;23960.25;23966;23946.25;23952.5;3776
20260326 172300;23952.25;23959;23945.5;23949.5;2988
20260326 172400;23949.5;23953;23946.25;23949.75;1895
20260326 172500;23949;23951.25;23940.25;23941.75;3049
20260326 172600;23941.5;23944.75;23934.75;23938.75;3258
20260326 172700;23938.5;23947.25;23938.5;23942.25;2083
20260326 172800;23942.5;23943.5;23932.25;23939.5;2575
20260326 172900;23940;23948;23938.25;23945.5;2166
20260326 173000;23945.25;23956;23944.25;23954.75;3444
20260326 173100;23954.75;23965;23951.5;23954.75;3701
20260326 173200;23954.5;23954.75;23939;23941;3044
20260326 173300;23941;23955.75;23936.5;23953.25;2503
20260326 173400;23953.25;23968;23952.75;23966.5;2815
20260326 173500;23966.5;23971.25;23964.75;23970.25;2175
20260326 173600;23969.75;23973.25;23955.5;23961;2910
20260326 173700;23961.5;23967.5;23957.5;23961;1498
20260326 173800;23961.5;23961.5;23948.25;23951.5;1890
20260326 173900;23952.5;23964;23950.75;23953.75;1488
20260326 174000;23953.75;23954.25;23944;23945.5;1722
20260326 174100;23945.75;23946.75;23937.25;23944;2626
20260326 174200;23944.5;23946.25;23936.25;23938.5;1299
20260326 174300;23938.75;23945;23928.25;23932.75;2786
20260326 174400;23933;23934.5;23916.5;23922;3846
20260326 174500;23921.75;23925.5;23921.25;23921.25;1941
20260326 174600;23921.5;23928;23916.25;23921;2700
20260326 174700;23921.25;23922.5;23914;23917.25;1914
20260326 174800;23917.25;23919.5;23905.25;23918;3760
20260326 174900;23917.25;23923.25;23908;23910.5;2817
20260326 175000;23910;23912.75;23897.75;23898.5;3435
20260326 175100;23899;23900;23881.75;23888.75;5989
20260326 175200;23889;23893.5;23885;23887;2914
20260326 175300;23887.5;23896;23886.25;23889;2474
20260326 175400;23889.25;23890;23879;23881.5;2838
20260326 175500;23881.75;23882.75;23871.5;23875.25;3563
20260326 175600;23875;23880;23872;23872;2598
20260326 175700;23872;23878.5;23868.5;23872.25;2207
20260326 175800;23873.25;23877;23868.75;23876;2444
20260326 175900;23875.75;23876.5;23860.75;23860.75;2991
20260326 180000;23860.5;23863;23851.5;23861.5;4818
20260326 180100;23861.5;23883.75;23860.25;23881.75;5314
20260326 180200;23881.75;23894.5;23880.25;23891.5;4668
20260326 180300;23891.25;23897.5;23886.5;23889.5;3179
20260326 180400;23889.5;23901;23876.75;23880.5;4093
20260326 180500;23879.75;23883.5;23874.5;23880;1970
20260326 180600;23880;23888.25;23878;23880.5;2179
20260326 180700;23881;23886.25;23865;23879;4262
20260326 180800;23879.5;23889.5;23878.25;23883;2116
20260326 180900;23883.25;23890.75;23881;23888;1668
20260326 181000;23888.25;23892.5;23883;23888;1599
20260326 181100;23887.5;23892.25;23870.75;23875.5;2841
20260326 181200;23875;23881;23869;23875.5;2173
20260326 181300;23875.75;23881.75;23873;23880.75;1616
20260326 181400;23881;23883.75;23873.75;23882.25;1515
20260326 181500;23882.5;23883;23874;23876.75;1527
20260326 181600;23876.75;23878;23870.25;23870.75;2001
20260326 181700;23870.75;23879;23862.5;23876.75;2778
20260326 181800;23877;23878.75;23865;23867.5;1775
20260326 181900;23867;23876.25;23864.25;23872;1710
20260326 182000;23871.75;23877.75;23867.25;23869.25;1367
20260326 182100;23869;23869.75;23858.25;23863.5;2523
20260326 182200;23863.75;23873.75;23862.5;23873.25;2147
20260326 182300;23873.25;23878;23868.5;23874.5;1738
20260326 182400;23874.5;23882.5;23872.25;23880;1778
20260326 182500;23879.75;23885.5;23876.5;23881.75;1779
20260326 182600;23881.5;23887;23877;23878.75;2356
20260326 182700;23879;23879;23864.75;23868.75;2697
20260326 182800;23868.75;23870;23854;23854;2793
20260326 182900;23854;23856;23844;23848;4799
20260326 183000;23848.25;23852.75;23847;23848.5;1965
20260326 183100;23849;23861.5;23847.75;23857.5;3217
20260326 183200;23857.75;23865.25;23854.5;23864;2385
20260326 183300;23864.25;23873;23859.75;23869;2325
20260326 183400;23869;23871;23865.25;23867.75;1114
20260326 183500;23867.75;23872;23864;23869;1370
20260326 183600;23869.25;23870.5;23859.5;23867.5;1886
20260326 183700;23867.25;23871;23860.5;23867;1733
20260326 183800;23866.5;23866.5;23857.25;23859.5;1405
20260326 183900;23859.75;23874.5;23859.5;23873.5;1994
20260326 184000;23873.25;23877.5;23869.75;23875.25;1725
20260326 184100;23876;23881.5;23869.5;23874;2452
20260326 184200;23874;23875;23864;23868.25;1591
20260326 184300;23868.25;23870.25;23856.5;23858.75;2002
20260326 184400;23859;23861.75;23849;23854.25;2343
20260326 184500;23853.75;23863.5;23853.75;23861;1569
20260326 184600;23860.5;23861.5;23851.25;23853;1573
20260326 184700;23853;23862.5;23850.75;23861;1466
20260326 184800;23861.25;23870.75;23860.75;23869.25;2308
20260326 184900;23868.75;23875.5;23865.75;23869;1840
20260326 185000;23868.75;23880.75;23868.5;23878.75;1680
20260326 185100;23878;23886;23870.5;23883;3017
20260326 185200;23882.5;23888.5;23877.75;23885;2116
20260326 185300;23885;23890;23882;23883.5;2118
20260326 185400;23884;23887;23876.75;23884.75;2238
20260326 185500;23884.5;23889.75;23883.25;23887.75;1468
20260326 185600;23887.5;23887.5;23876.75;23881.75;1710
20260326 185700;23881;23881.5;23862.5;23872.25;3216
20260326 185800;23872.5;23876.5;23867;23869;1835
20260326 185900;23869;23879;23868;23878.5;1733
20260326 190000;23877.75;23883.75;23873.5;23882.5;1649
20260326 190100;23882.75;23886.5;23876.5;23877.75;1984
20260326 190200;23878;23880;23873.75;23877.5;1190
20260326 190300;23877.5;23879.5;23871.75;23875.75;1682
20260326 190400;23875.75;23876.25;23856.5;23862.5;3039
20260326 190500;23862.75;23865.75;23859.25;23863;1626
20260326 190600;23863.25;23865.25;23855;23857.75;1809
20260326 190700;23857.75;23861.25;23845;23849.75;3513
20260326 190800;23849.75;23857.25;23840;23841.75;4202
20260326 190900;23842.5;23844;23827;23836.75;5468
20260326 191000;23836.5;23841.75;23834.5;23836.5;2396
20260326 191100;23836.75;23840.5;23824.5;23830;3037
20260326 191200;23830;23835;23823;23830.75;2702
20260326 191300;23830.5;23837.25;23826;23832.5;2453
20260326 191400;23832.25;23832.75;23823.75;23827.75;1510
20260326 191500;23827.5;23839;23826.75;23837;2605
20260326 191600;23837;23857.25;23836.25;23854.75;4640
20260326 191700;23854.75;23856.5;23844.5;23851.5;2439
20260326 191800;23851.75;23857.25;23846.25;23854.25;1665
20260326 191900;23854.75;23859;23846.25;23853.5;1905
20260326 192000;23853.25;23856.75;23852;23854;1007
20260326 192100;23853.5;23854.75;23842;23846.75;1970
20260326 192200;23847;23848.25;23840.25;23847;1869
20260326 192300;23846.75;23846.75;23839;23844.75;1467
20260326 192400;23844;23848;23841.25;23841.5;1096
20260326 192500;23841.75;23842.5;23834.75;23838.25;1843
20260326 192600;23838;23840;23819.5;23822.25;3859
20260326 192700;23822.5;23829.75;23822.5;23827.25;1834
20260326 192800;23826.75;23832;23825.5;23830.25;1372
20260326 192900;23830;23833.5;23825;23828.25;1404
20260326 193000;23827.75;23843;23826;23842.75;2297
20260326 193100;23842.5;23846;23836.25;23841.5;2359
20260326 193200;23841.75;23841.75;23812.75;23817.5;4586
20260326 193300;23817.75;23822.75;23812.75;23817.25;2586
20260326 193400;23817.25;23818.5;23810.5;23814.75;1782
20260326 193500;23815;23822.75;23811.5;23822;2142
20260326 193600;23822.25;23835.75;23817.25;23833.25;3306
20260326 193700;23833.75;23837.75;23831.75;23835;1795
20260326 193800;23834.75;23838.5;23830.5;23832.25;1587
20260326 193900;23832;23836.25;23827;23827.5;1854
20260326 194000;23828;23828;23821.25;23825;1857
20260326 194100;23824.75;23833.75;23819.25;23832;2326
20260326 194200;23832.5;23834.5;23824;23827;1554
20260326 194300;23826.75;23828.75;23822.5;23826.25;1276
20260326 194400;23826.5;23826.75;23817;23818.5;1745
20260326 194500;23818.75;23819.75;23807.75;23812.5;3589
20260326 194600;23812.75;23813.25;23803.25;23805.75;2945
20260326 194700;23806;23810;23803;23804.5;2279
20260326 194800;23804.5;23805.25;23799;23802;2859
20260326 194900;23802;23813.75;23801;23812.75;2576
20260326 195000;23813;23818;23808;23816.25;2524
20260326 195100;23816.5;23821.5;23805;23809.5;3770
20260326 195200;23810;23815.75;23802;23805.75;1959
20260326 195300;23805.5;23807.5;23800;23801.75;1828
20260326 195400;23801.5;23803.75;23790.75;23794;4139
20260326 195500;23793.75;23796.5;23776.75;23781.25;5348
20260326 195600;23781.5;23795.5;23776.75;23793.75;4918
20260326 195700;23793.75;23799.75;23788.25;23799.5;2631
20260326 195800;23799.5;23804;23793.75;23796.5;2567
20260326 195900;23797;23797.75;23785;23787.5;3622
20260326 200000;23787.25;23802.75;23775;23786.75;9743
20260326 200100;23786.5;23795.75;23776.75;23792.25;4662
20260326 200200;23792.75;23796.5;23780;23783;2298
20260326 200300;23782.5;23785.75;23771.25;23779.75;2785
20260326 200400;23779.75;23781;23762;23768;3119
20260326 200500;23768.5;23778;23768.5;23777;1700
20260326 200600;23776.5;23788.75;23776;23787.25;1714
20260326 200700;23788;23788.75;23783;23785.75;837
20260326 200800;23785.5;23787.75;23780;23780.5;1003
20260326 200900;23781.25;23789.5;23780;23788.25;896
20260326 201000;23787.75;23796.25;23786.5;23792.75;1408
20260326 201100;23793.25;23798.5;23789.25;23797;1591
20260326 201200;23797.25;23999.75;23791.5;23999.75;13999
20260326 201300;23997.25;24024.5;23876;23926;11003
20260326 201400;23924.5;23927;23853.25;23915.25;6742
20260326 201500;23914.75;23935;23884;23900.25;5755
20260326 201600;23901;23917;23853;23899.5;5150
20260326 201700;23899.5;23927;23882.5;23899;4757
20260326 201800;23899;23903;23878;23896.25;2925
20260326 201900;23896.25;23896.25;23864;23888.75;2812
20260326 202000;23889;23891.75;23868.5;23870.25;2108
20260326 202100;23870.75;23881.5;23861.75;23870;2024
20260326 202200;23870.5;23886;23870.5;23885;1831
20260326 202300;23885;23892.25;23869.25;23878.25;1632
20260326 202400;23876.75;23887.5;23874.25;23884.5;1248
20260326 202500;23883.75;23883.75;23850.75;23862;2422
20260326 202600;23862.25;23869.75;23816.75;23832.75;3305
20260326 202700;23832.75;23847.5;23820.75;23840;2341
20260326 202800;23841;23859;23838.5;23850.25;1733
20260326 202900;23850.75;23857;23837;23854;1419
20260326 203000;23853.5;23866;23851.5;23865.5;1015
20260326 203100;23865.25;23869;23855.75;23866.25;1134
20260326 203200;23867;23885.75;23863.75;23877;1654
20260326 203300;23877.75;23885.25;23869.75;23883.75;1089
20260326 203400;23883.75;23888.25;23874.5;23874.5;1064
20260326 203500;23875;23875;23860;23865.75;1345
20260326 203600;23865.25;23877;23865;23875.5;971
20260326 203700;23876.5;23889.5;23876.25;23883.25;1034
20260326 203800;23882.25;23895.25;23882.25;23888.5;1123
20260326 203900;23887.75;23895.75;23886.5;23892.75;804
20260326 204000;23892.25;23902;23891.75;23894;1065
20260326 204100;23893.5;23895.5;23884;23889.75;1154
20260326 204200;23889.5;23894;23869.75;23876;1452
20260326 204300;23876.75;23880;23872.5;23876.75;719
20260326 204400;23876.5;23882.5;23874.75;23879;594
20260326 204500;23879.5;23879.5;23871.5;23878.5;435
20260326 204600;23878.5;23891.75;23872.5;23873.5;1197
20260326 204700;23874;23880.75;23873.25;23879.25;488
20260326 204800;23879.25;23883;23874.75;23879.75;367
20260326 204900;23880;23882.5;23874;23877.25;444
20260326 205000;23876.75;23880.25;23876.75;23878;281
20260326 205100;23878.75;23881;23869.75;23873.25;469
20260326 205200;23873.5;23875.25;23868.75;23870.75;285
20260326 205300;23871;23871;23865.5;23867;358
20260326 205400;23866.75;23869.75;23851;23851.75;474
20260326 205500;23852.25;23861.75;23847.25;23850.25;596
20260326 205600;23850;23855.5;23848;23855;433
20260326 205700;23855;23855.25;23845;23849.5;394
20260326 205800;23849.25;23849.25;23831.5;23831.75;673
20260326 205900;23831.5;23835;23812.25;23822.5;1130
20260326 210000;23822.5;23827.25;23819;23821.25;845
20260326 220100;23830;23858.5;23830;23843.75;1560
20260326 220200;23845;23849.25;23829;23843;1022
20260326 220300;23843;23847.5;23831.25;23835;1083
20260326 220400;23834.25;23845.5;23828;23844.5;741
20260326 220500;23844.75;23861.25;23842.75;23849.75;1220
20260326 220600;23849.75;23855.75;23841.5;23853;540
20260326 220700;23854.25;23860;23844.5;23846.75;551
20260326 220800;23847;23847.25;23832.25;23836.25;771
20260326 220900;23836;23849;23836;23836;544
20260326 221000;23837.25;23843;23833.25;23840.25;353
20260326 221100;23840.25;23850.5;23840.25;23847.5;448
20260326 221200;23848.5;23858.75;23848;23856.5;573
20260326 221300;23855.75;23873;23855;23869.5;968
20260326 221400;23869.75;23873.5;23862.25;23870.25;544
20260326 221500;23870.5;23873;23864.25;23871.25;334
20260326 221600;23872.5;23879.5;23871.25;23878.25;673
20260326 221700;23878.25;23881.25;23871.5;23877.5;642
20260326 221800;23878.25;23882.25;23877.25;23878.5;363
20260326 221900;23877.5;23878;23863.75;23867.25;563
20260326 222000;23866.75;23870.75;23865;23867.5;376
20260326 222100;23867.75;23874.5;23864;23873.25;256
20260326 222200;23874.25;23883;23874.25;23878.25;439
20260326 222300;23879;23879.75;23873.25;23873.25;258
20260326 222400;23873.25;23876;23868;23868.5;269
20260326 222500;23868;23881.25;23866;23880;435
20260326 222600;23879.75;23880;23866;23866;433
20260326 222700;23866;23867.25;23836.5;23847;1688
20260326 222800;23846;23856;23846;23851;581
20260326 222900;23851.25;23863;23849.25;23858.5;631
20260326 223000;23858.25;23867;23852.75;23864.75;340
20260326 223100;23864;23874.5;23851.75;23861.75;729
20260326 223200;23861.75;23866;23851.75;23852.25;459
20260326 223300;23853.25;23856;23847.75;23848;528
20260326 223400;23848.5;23873;23848.5;23870.25;562
20260326 223500;23871;23871;23861;23864.25;350
20260326 223600;23864.75;23867;23853.5;23854.75;299
20260326 223700;23854.5;23859.25;23850.5;23856;364
20260326 223800;23855.25;23866.5;23855;23864.75;293
20260326 223900;23866;23878.75;23861.25;23876.5;700
20260326 224000;23875.75;23877.5;23868.5;23877;504
20260326 224100;23877;23885.75;23873;23885.25;678
20260326 224200;23884.25;23889.5;23879.5;23882.25;777
20260326 224300;23882.25;23887;23866.25;23868.25;629
20260326 224400;23868.25;23873.25;23858;23864.25;716
20260326 224500;23865.25;23875;23860;23862;599
20260326 224600;23862.5;23872.5;23861.25;23867.25;296
20260326 224700;23867;23871.25;23864.25;23868;334
20260326 224800;23868.25;23868.75;23854.5;23858.75;489
20260326 224900;23858.5;23862.5;23855.75;23861.75;247
20260326 225000;23861;23867.75;23860.25;23866.75;201
20260326 225100;23866.75;23877.5;23865.75;23874.75;635
20260326 225200;23874.5;23878;23871.25;23875.5;331
20260326 225300;23875.5;23883.5;23874.75;23876;583
20260326 225400;23875.75;23878.75;23865.75;23874;417
20260326 225500;23874;23881.5;23873.25;23880.25;141
20260326 225600;23879.25;23879.75;23868.75;23872.75;382
20260326 225700;23872.75;23886.75;23872;23877;608
20260326 225800;23876.5;23880;23872.25;23873.5;299
20260326 225900;23873.25;23876;23865.5;23866.25;343
20260326 230000;23866.75;23871.5;23861;23869.25;352
20260326 230100;23869.25;23879;23866.5;23877.5;361
20260326 230200;23878.25;23879.5;23868.75;23869.25;309
20260326 230300;23868.25;23875.25;23866.5;23874.75;225
20260326 230400;23874.25;23879.25;23873.75;23877.25;223
20260326 230500;23875.75;23878.75;23873;23874.75;112
20260326 230600;23875.25;23875.25;23867.5;23868.25;234
20260326 230700;23868.25;23871;23863.75;23866.75;370
20260326 230800;23867.25;23868.25;23859.75;23864.25;341
20260326 230900;23864.25;23868.5;23861;23861.75;269
20260326 231000;23862.75;23866;23857;23859.5;439
20260326 231100;23859;23859.5;23850.5;23858.25;661
20260326 231200;23858;23863.25;23852.75;23854.5;448
20260326 231300;23855;23863;23853.25;23859.75;422
20260326 231400;23858.75;23859.75;23855;23857.5;126
20260326 231500;23857.25;23861;23857;23857.5;123
20260326 231600;23856.75;23858.25;23846.75;23851.75;759
20260326 231700;23851;23860.25;23850.75;23857.75;332
20260326 231800;23858.5;23863.25;23857.25;23860.75;304
20260326 231900;23860.75;23867.75;23857.75;23866;382
20260326 232000;23866.75;23870.25;23863.75;23869.5;271
20260326 232100;23869;23872;23858.75;23861;516
20260326 232200;23862;23864.25;23850.75;23856.25;482
20260326 232300;23856;23858.5;23846.5;23846.5;451
20260326 232400;23846.25;23851;23842.5;23849.25;645
20260326 232500;23848.75;23850.25;23844.75;23847.25;236
20260326 232600;23846.25;23847;23841;23844.5;346
20260326 232700;23845.5;23850.25;23844;23846.75;164
20260326 232800;23846.5;23853.25;23845.25;23846.25;366
20260326 232900;23846.5;23847.5;23842.25;23847.5;225
20260326 233000;23847.5;23850;23846;23850;172
20260326 233100;23850.25;23855.75;23848.75;23852.25;288
20260326 233200;23853.25;23866.25;23853.25;23863.75;845
20260326 233300;23862.75;23865.75;23859.5;23862.75;385
20260326 233400;23862.25;23864.5;23859.5;23861.5;325
20260326 233500;23861.75;23868.5;23859;23867.25;461
20260326 233600;23867.75;23874.25;23865.25;23868;641
20260326 233700;23868;23873.5;23866.75;23871.25;319
20260326 233800;23871;23884;23871;23880;776
20260326 233900;23880;23883.25;23877.25;23878.25;387
20260326 234000;23879;23879.5;23869.5;23873;521
20260326 234100;23873.75;23876.75;23872.25;23875.5;380
20260326 234200;23875.5;23881.5;23872.25;23880.75;361
20260326 234300;23881;23883.5;23874.25;23874.5;498
20260326 234400;23874.5;23876.25;23870.5;23872;387
20260326 234500;23872.75;23878.5;23870.25;23876.75;319
20260326 234600;23876.75;23878;23872;23873.75;181
20260326 234700;23873.75;23886.25;23872.75;23884.25;467
20260326 234800;23883.75;23885.5;23877;23879.75;405
20260326 234900;23879.75;23882.25;23875.75;23881.5;299
20260326 235000;23880.75;23882;23878.5;23879;175
20260326 235100;23879;23892;23877.5;23888.25;787
20260326 235200;23888;23888;23879.75;23883.25;468
20260326 235300;23883.25;23890;23883;23888.25;458
20260326 235400;23887.5;23888.75;23880;23882.5;496
20260326 235500;23881.75;23885.75;23880.75;23882.75;201
20260326 235600;23882.75;23883;23878.75;23880.75;282
20260326 235700;23881;23881.25;23876.25;23877.75;345
20260326 235800;23877.25;23879.5;23868.25;23872.5;678
20260326 235900;23873.25;23876;23870;23872.75;432
20260327 000000;23873;23876.75;23872;23876.75;221
20260327 000100;23877;23906.5;23875.5;23897.75;2310
20260327 000200;23897.25;23904.75;23895;23898;783
20260327 000300;23898;23902;23890.5;23897.75;838
20260327 000400;23897;23904.25;23896.25;23902.75;425
20260327 000500;23902.75;23905.75;23897.25;23899;469
20260327 000600;23898.5;23900.25;23891.75;23894;581
20260327 000700;23893.25;23899.25;23889.75;23892.75;550
20260327 000800;23892.75;23893.25;23886;23888.25;628
20260327 000900;23888.5;23896.75;23887.75;23895.75;432
20260327 001000;23895.75;23906;23893;23905.25;687
20260327 001100;23905;23909.75;23896.25;23900;1000
20260327 001200;23899.25;23899.75;23891.5;23893.75;420
20260327 001300;23894;23899.75;23889.5;23896.25;462
20260327 001400;23896.25;23897.75;23885;23888.75;691
20260327 001500;23888.75;23889;23877.75;23880;894
20260327 001600;23880.25;23880.25;23873.75;23879;775
20260327 001700;23879.25;23882.5;23861;23870.25;1527
20260327 001800;23870.25;23872.5;23862;23871.25;770
20260327 001900;23871;23881;23870;23871;761
20260327 002000;23871;23875;23858.25;23862;875
20260327 002100;23859.75;23866.25;23846.25;23865.75;1726
20260327 002200;23864.75;23870.25;23862.75;23868;779
20260327 002300;23867.5;23868.75;23822;23831.75;2940
20260327 002400;23831;23841;23823.5;23829.75;1857
20260327 002500;23830.5;23849;23827.25;23847;1507
20260327 002600;23846.5;23848.5;23833.75;23843.25;947
20260327 002700;23844.5;23848.75;23823.5;23845.5;1572
20260327 002800;23845.25;23848.25;23834.5;23839.75;937
20260327 002900;23839.75;23847;23833.5;23835.25;782
20260327 003000;23834.75;23841.25;23831;23837.75;543
20260327 003100;23839;23849.25;23828;23831;1039
20260327 003200;23829.75;23839.5;23827.5;23839;695
20260327 003300;23839.25;23843;23831.5;23836;455
20260327 003400;23836;23842.5;23823.25;23827.25;880
20260327 003500;23826.5;23837;23826;23832.75;696
20260327 003600;23832.25;23836.25;23820.75;23823.25;697
20260327 003700;23822.5;23827.5;23818.75;23824;865
20260327 003800;23825;23828.5;23819.75;23820.75;419
20260327 003900;23821.25;23824.75;23815;23818.75;747
20260327 004000;23819;23824.5;23815.25;23824.5;674
20260327 004100;23824.5;23833.25;23819.25;23831.25;780
20260327 004200;23831.25;23831.5;23820.25;23823.5;577
20260327 004300;23824.25;23828.25;23820;23824.25;316
20260327 004400;23825;23827;23808;23809.75;1190
20260327 004500;23810.25;23820.5;23810;23817.75;586
20260327 004600;23817.75;23818.5;23806.25;23814.5;957
20260327 004700;23814.5;23819.5;23808;23814;737
20260327 004800;23813.75;23819;23810.25;23816;494
20260327 004900;23815.5;23821;23809.75;23812.5;679
20260327 005000;23813.25;23821;23810.75;23815.5;492
20260327 005100;23816.25;23819;23808.75;23810.25;549
20260327 005200;23810.75;23818.25;23808.5;23812.75;379
20260327 005300;23813.75;23825.25;23810.5;23821.5;665
20260327 005400;23822;23825;23819.25;23820.5;488
20260327 005500;23819.75;23824.25;23813;23818;515
20260327 005600;23818.5;23832.25;23817.5;23828.75;728
20260327 005700;23828;23829.75;23823.25;23829;470
20260327 005800;23829.75;23830.5;23821.75;23822.75;358
20260327 005900;23822.75;23824.75;23817;23820.5;458
20260327 010000;23821.5;23822.25;23816.25;23818.25;349
20260327 010100;23818.5;23827.5;23818;23821.25;608
20260327 010200;23821.25;23825.75;23805.25;23817;1255
20260327 010300;23817;23830.75;23816;23827;1001
20260327 010400;23827.5;23830.5;23821.75;23829.25;529
20260327 010500;23828.75;23831.75;23824.5;23827.5;464
20260327 010600;23826.75;23838.75;23825.75;23834;1039
20260327 010700;23834;23837.5;23832;23836.75;384
20260327 010800;23836.25;23837.75;23829.25;23831;427
20260327 010900;23831.25;23836.75;23828;23836.5;362
20260327 011000;23835.5;23840;23833.25;23836.75;625
20260327 011100;23836.25;23846.75;23835;23846.25;910
20260327 011200;23845.75;23850;23841.5;23849.25;615
20260327 011300;23850;23851.25;23842.75;23846.75;462
20260327 011400;23847.25;23853;23847.25;23850.75;522
20260327 011500;23850.75;23851;23842.75;23846.25;441
20260327 011600;23847.5;23853;23847.5;23848.75;412
20260327 011700;23849;23855.75;23846.25;23855;547
20260327 011800;23854.75;23860.75;23852.75;23853.25;771
20260327 011900;23853.25;23853.75;23840;23840.75;892
20260327 012000;23840.5;23844.75;23837.25;23843;662
20260327 012100;23843.25;23843.5;23837.25;23841;475
20260327 012200;23842;23848.5;23839;23848;399
20260327 012300;23847.75;23854.25;23845;23852.25;564
20260327 012400;23851.75;23851.75;23846;23849.25;300
20260327 012500;23849.25;23851.25;23847.25;23849.25;166
20260327 012600;23849.5;23851;23846;23847.5;166
20260327 012700;23848;23848.5;23845.25;23847.5;189
20260327 012800;23847.5;23860.5;23846.25;23856.5;786
20260327 012900;23857.25;23866.5;23854.75;23864.5;809
20260327 013000;23865;23865.25;23861;23864.25;330
20260327 013100;23864;23866.25;23858.5;23860.5;429
20260327 013200;23861.5;23871;23860.75;23870.5;571
20260327 013300;23870.25;23872.5;23865;23870;536
20260327 013400;23869.25;23870.25;23864;23866;248
20260327 013500;23866.25;23868.25;23862.75;23863.75;320
20260327 013600;23864.5;23871;23864.5;23870.25;373
20260327 013700;23870.5;23873;23867.25;23873;410
20260327 013800;23873.25;23873.75;23865;23865.75;425
20260327 013900;23866.5;23868;23863.75;23866.5;297
20260327 014000;23867.25;23870.25;23861.25;23863.75;371
20260327 014100;23864.5;23867.75;23860.25;23865.5;358
20260327 014200;23866;23874;23865.5;23870.25;619
20260327 014300;23870.5;23875;23865.5;23871.25;552
20260327 014400;23871.5;23872;23865.5;23868.25;240
20260327 014500;23868.5;23869.5;23864.5;23865.25;255
20260327 014600;23865.5;23868.5;23861;23863.75;358
20260327 014700;23864;23864.5;23849.5;23852.25;1310
20260327 014800;23852.75;23860.25;23852.75;23858.5;508
20260327 014900;23859;23863;23857.75;23863;315
20260327 015000;23863.25;23864;23859;23860.5;211
20260327 015100;23860.75;23860.75;23854.25;23859;309
20260327 015200;23858.25;23859;23854.75;23858;291
20260327 015300;23857.75;23859.75;23853.75;23854;363
20260327 015400;23854.75;23856.25;23851.75;23853;275
20260327 015500;23853.25;23860.75;23852;23858.75;263
20260327 015600;23858.5;23863.75;23858.25;23862.75;358
20260327 015700;23862.75;23865.25;23860.25;23864.75;268
20260327 015800;23864.25;23869.5;23863.5;23866.25;480
20260327 015900;23865.75;23866.25;23861.25;23864;240
20260327 020000;23864.75;23872;23864;23872;376
20260327 020100;23871.75;23885;23871.75;23884;1899
20260327 020200;23883.25;23886.5;23875;23878.75;716
20260327 020300;23879.25;23882.5;23875.25;23878.25;372
20260327 020400;23878.25;23880.75;23874;23874.5;469
20260327 020500;23874.75;23881.25;23874.5;23878;305
20260327 020600;23876.75;23877.25;23866;23870.25;939
20260327 020700;23871;23872.5;23867;23870.25;312
20260327 020800;23870.5;23876;23869.5;23873.75;328
20260327 020900;23874;23875.25;23869;23872;340
20260327 021000;23872;23875;23870.5;23874;195
20260327 021100;23874.25;23877;23871.5;23876.5;249
20260327 021200;23876;23877;23870;23870.75;279
20260327 021300;23870.5;23873;23869.25;23869.75;202
20260327 021400;23870;23871.5;23868.25;23870.75;235
20260327 021500;23871.5;23872.25;23865.25;23866.25;254
20260327 021600;23866.5;23867.5;23860.75;23862.75;727
20260327 021700;23862.5;23866.75;23859;23861.25;494
20260327 021800;23860.25;23863;23856.25;23860.25;587
20260327 021900;23859.25;23862;23857.75;23859.25;225
20260327 022000;23859.75;23865.75;23859.5;23865;234
20260327 022100;23865.25;23865.25;23850;23850.75;628
20260327 022200;23851;23855.25;23846.25;23851.5;808
20260327 022300;23851.25;23852.5;23846.75;23848;442
20260327 022400;23847.25;23850.5;23844.75;23847.75;473
20260327 022500;23847.25;23856;23846.5;23854;327
20260327 022600;23854.5;23858.5;23851.75;23852.25;371
20260327 022700;23852;23854;23848;23848.75;311
20260327 022800;23848.5;23855.5;23847.75;23853.75;315
20260327 022900;23853.5;23864.25;23852.75;23857.75;683
20260327 023000;23858;23861;23855.5;23861;223
20260327 023100;23861.25;23861.25;23856;23860.5;282
20260327 023200;23860.5;23871.75;23858.5;23869.25;665
20260327 023300;23868.75;23876.5;23863.25;23876;470
20260327 023400;23875.5;23875.5;23867.5;23873.5;451
20260327 023500;23873.75;23881;23873.75;23880.25;698
20260327 023600;23880.25;23882;23874;23874;438
20260327 023700;23873.25;23875.75;23868.75;23874.25;457
20260327 023800;23874;23874.25;23866.75;23868.25;301
20260327 023900;23868;23870.25;23865.25;23865.5;317
20260327 024000;23865.75;23872.25;23863.75;23870.25;222
20260327 024100;23870;23872.25;23867.5;23871.25;128
20260327 024200;23871;23871.25;23862.25;23863.25;269
20260327 024300;23862.75;23866.25;23861.5;23865.75;241
20260327 024400;23866.25;23867.75;23861.75;23862.75;199
20260327 024500;23862.75;23867;23862.25;23864.75;160
20260327 024600;23864.5;23868.5;23861;23867.75;422
20260327 024700;23866.75;23870.75;23865.25;23870.75;279
20260327 024800;23870.5;23874.75;23867.25;23870.75;359
20260327 024900;23872.25;23872.25;23863.25;23864.5;277
20260327 025000;23864.5;23865;23855.25;23860.25;843
20260327 025100;23860.75;23861;23856.5;23858.25;280
20260327 025200;23858;23862.75;23856;23862.5;195
20260327 025300;23863;23864;23861;23862.75;211
20260327 025400;23863.25;23865.25;23860.5;23862;186
20260327 025500;23863.25;23863.75;23860.75;23863.25;94
20260327 025600;23862.5;23865;23861.25;23864.25;136
20260327 025700;23863.75;23863.75;23858.25;23858.5;123
20260327 025800;23859;23860.5;23855;23857.5;317
20260327 025900;23857;23858.75;23852;23852.75;305
20260327 030000;23853.25;23855.5;23851.25;23854.25;260
20260327 030100;23854;23860;23853.5;23858;360
20260327 030200;23858.25;23860.25;23855.75;23858;223
20260327 030300;23858.5;23866.75;23856.5;23863.75;457
20260327 030400;23863.25;23867.25;23862.5;23866.75;259
20260327 030500;23866;23868;23858.25;23859.5;238
20260327 030600;23859.5;23861.25;23850.75;23853.75;422
20260327 030700;23853.25;23855;23846.75;23848.75;459
20260327 030800;23849.25;23853;23847.25;23852;381
20260327 030900;23852.5;23853;23839.25;23841.25;849
20260327 031000;23841.75;23848;23841;23847.25;305
20260327 031100;23847;23850.75;23841.25;23842.25;345
20260327 031200;23842;23846.75;23841;23846.5;263
20260327 031300;23846.75;23858;23845.5;23853;514
20260327 031400;23853.75;23856;23850.75;23851.5;269
20260327 031500;23851.25;23853.25;23847.5;23848.75;202
20260327 031600;23848;23849;23841.5;23845;352
20260327 031700;23845;23847.25;23840.5;23847;256
20260327 031800;23846;23850.75;23845.75;23849;197
20260327 031900;23849;23850.75;23845;23847.25;162
20260327 032000;23848.25;23852.5;23846;23847.75;165
20260327 032100;23847.5;23849;23843;23847.5;204
20260327 032200;23847.25;23849.5;23846.5;23848.25;64
20260327 032300;23847.75;23850;23844;23847.25;180
20260327 032400;23846.75;23849;23843.5;23845;152
20260327 032500;23845;23846.75;23840.75;23840.75;199
20260327 032600;23841.5;23845;23840;23843.75;228
20260327 032700;23843.25;23843.75;23840.25;23843.25;200
20260327 032800;23844.25;23846.5;23842;23844.25;145
20260327 032900;23844.5;23850.75;23844.5;23850;222
20260327 033000;23850;23852.25;23847;23848.5;246
20260327 033100;23848.75;23859;23848.25;23855.5;645
20260327 033200;23855.5;23860.5;23853.75;23860.5;282
20260327 033300;23861;23861.75;23853.5;23860.25;295
20260327 033400;23859.75;23859.75;23853.5;23855.5;196
20260327 033500;23854.75;23864.25;23853.25;23863.25;248
20260327 033600;23863.75;23873.5;23863.25;23869.25;715
20260327 033700;23869.75;23873.5;23866.75;23872.75;280
20260327 033800;23873.5;23876.25;23872;23872.5;265
20260327 033900;23872.25;23880;23870.75;23879.5;393
20260327 034000;23879;23889.5;23877.5;23888;813
20260327 034100;23888.75;23893.5;23887;23887.75;779
20260327 034200;23887.75;23888;23884.5;23885.75;310
20260327 034300;23886;23891;23884;23889;419
20260327 034400;23888;23888.75;23885.25;23887.75;143
20260327 034500;23886.75;23887.5;23883;23884;259
20260327 034600;23884.25;23886.25;23877.5;23881.75;540
20260327 034700;23881.5;23888.5;23880.5;23885;311
20260327 034800;23884.75;23885.25;23879;23880;196
20260327 034900;23880;23882;23878;23879.75;228
20260327 035000;23880.25;23888.75;23879.75;23881.75;407
20260327 035100;23881.75;23885.5;23880.75;23884.25;189
20260327 035200;23883.75;23886.5;23882.75;23886.25;144
20260327 035300;23885.75;23892.5;23885.75;23891.5;303
20260327 035400;23890.75;23892.75;23889;23891.75;212
20260327 035500;23890.25;23894;23888.75;23891.25;219
20260327 035600;23891;23893.25;23888.25;23891.75;312
20260327 035700;23891.75;23897.25;23891.75;23894;476
20260327 035800;23894;23895;23892.5;23893.75;180
20260327 035900;23895;23897.25;23892.75;23897;260
20260327 040000;23897.25;23898;23893.5;23895.5;300
20260327 040100;23895.25;23896;23886.25;23890.25;584
20260327 040200;23890.25;23893;23886.5;23889.25;303
20260327 040300;23889;23891.5;23887.25;23891.5;181
20260327 040400;23890.75;23893.25;23888.5;23889.5;179
20260327 040500;23889.5;23890;23887.25;23889;123
20260327 040600;23888.5;23888.5;23884.25;23887.5;323
20260327 040700;23887.25;23889.5;23885;23885.25;142
20260327 040800;23886;23888.25;23882.5;23883.25;400
20260327 040900;23883.25;23886.25;23881.75;23884.25;260
20260327 041000;23884.75;23884.75;23882.25;23884.5;134
20260327 041100;23884.75;23890;23884.75;23889.25;240
20260327 041200;23889.25;23891.75;23887.5;23890.25;232
20260327 041300;23890.25;23890.5;23886;23889.75;144
20260327 041400;23889.75;23890.5;23886.75;23887;86
20260327 041500;23886.75;23887.75;23885.25;23886.75;115
20260327 041600;23886.75;23889.5;23885.75;23887.75;87
20260327 041700;23887.75;23890.25;23887.75;23889.25;138
20260327 041800;23888.5;23890.75;23888;23889.5;101
20260327 041900;23890;23892.75;23889;23892.75;140
20260327 042000;23892.75;23895.5;23891.75;23894.75;221
20260327 042100;23895.25;23899;23894.75;23897.75;424
20260327 042200;23897.5;23900.75;23895;23899.75;352
20260327 042300;23899.5;23902.5;23899.25;23902.5;357
20260327 042400;23902;23903.25;23893.75;23895.75;410
20260327 042500;23896;23896.75;23892.25;23892.5;362
20260327 042600;23893;23893.75;23888;23892;439
20260327 042700;23892.5;23896.25;23892.5;23894.5;173
20260327 042800;23893.75;23897.5;23893.5;23894.75;139
20260327 042900;23895;23895.75;23893;23894.25;136
20260327 043000;23894.5;23894.75;23889.75;23893.5;193
20260327 043100;23892.5;23896.75;23890.5;23895;124
20260327 043200;23894.5;23894.5;23890.5;23893.5;61
20260327 043300;23893.25;23894.75;23891.75;23892.25;101
20260327 043400;23892.5;23902;23892.5;23901;310
20260327 043500;23900.5;23905;23900.25;23902.25;431
20260327 043600;23902;23903.5;23899.25;23899.75;203
20260327 043700;23899.25;23902.5;23897.75;23900;236
20260327 043800;23900.75;23902.75;23900.25;23902.75;113
20260327 043900;23902.5;23905.25;23901;23901;253
20260327 044000;23901.25;23906.75;23901.25;23905.75;238
20260327 044100;23905.25;23906.25;23902.75;23903.5;197
20260327 044200;23903.5;23906.75;23902.75;23906;164
20260327 044300;23905.25;23905.5;23900.5;23901.5;217
20260327 044400;23902.25;23904.75;23902;23903;94
20260327 044500;23902.75;23903.75;23901;23902.75;116
20260327 044600;23901.75;23905;23901;23904.5;128
20260327 044700;23904.75;23909.25;23902.5;23905.5;432
20260327 044800;23904.5;23905.75;23902.25;23903.25;194
20260327 044900;23903.25;23904;23902.25;23903;72
20260327 045000;23902.5;23907.5;23900.5;23905.5;209
20260327 045100;23905;23907;23902.25;23906.5;180
20260327 045200;23906;23907.75;23904.5;23905.75;207
20260327 045300;23905.25;23907.5;23902.75;23902.75;155
20260327 045400;23903.25;23903.25;23900;23900.5;160
20260327 045500;23900.25;23906.5;23900.25;23904.5;218
20260327 045600;23904.25;23913.5;23904;23911.25;544
20260327 045700;23911;23919.25;23910.75;23917.25;944
20260327 045800;23916.75;23920.5;23914;23919.25;491
20260327 045900;23919.25;23919.5;23915.5;23916.25;250
20260327 050000;23916;23918.25;23915;23916.5;276
20260327 050100;23916.5;23923.75;23915.25;23921.25;503
20260327 050200;23921.25;23924.25;23914.5;23923;516
20260327 050300;23922.5;23923;23918.25;23921.75;298
20260327 050400;23920.5;23921.5;23917.75;23919.5;243
20260327 050500;23919.5;23923.75;23918;23921.25;347
20260327 050600;23920.75;23927;23920.25;23925.75;553
20260327 050700;23925.75;23935.75;23922.25;23931.75;1163
20260327 050800;23931.75;23941;23930.75;23937.75;1038
20260327 050900;23937.75;23948;23937;23947.25;992
20260327 051000;23947.5;23947.75;23940.75;23942.5;829
20260327 051100;23942.25;23951;23941.25;23950.75;876
20260327 051200;23949.75;23950;23944.5;23946.75;553
20260327 051300;23946.75;23961;23944.5;23958.75;1288
20260327 051400;23958.25;23963.25;23953.25;23961.75;773
20260327 051500;23962.25;23973.75;23961.5;23971.25;1374
20260327 051600;23971;23975.75;23964.75;23967.75;1300
20260327 051700;23968.25;23972.75;23963.75;23965.75;633
20260327 051800;23966.5;23968;23960;23962.5;576
20260327 051900;23963;23964.25;23958.75;23959.75;485
20260327 052000;23960;23964;23958;23958.75;311
20260327 052100;23958.75;23959.25;23948.25;23951.25;752
20260327 052200;23952;23953.75;23948.75;23952.75;321
20260327 052300;23951.75;23952.5;23945.25;23949;395
20260327 052400;23949.75;23950;23940.5;23942.5;564
20260327 052500;23943;23944;23936;23937.75;528
20260327 052600;23936.75;23939.75;23932;23932.5;735
20260327 052700;23932;23934;23927.5;23930.25;564
20260327 052800;23930.5;23944.25;23929.75;23940;853
20260327 052900;23940;23942;23938.5;23940.75;219
20260327 053000;23940.75;23941.75;23934.5;23941;411
20260327 053100;23941.25;23946.75;23938.75;23945;569
20260327 053200;23945;23945.5;23939;23939;304
20260327 053300;23939.75;23945.75;23938;23943;226
20260327 053400;23942.25;23942.25;23931;23933.75;673
20260327 053500;23933.75;23936.25;23931.5;23935;216
20260327 053600;23934.75;23935.5;23930;23934.5;256
20260327 053700;23935;23935.5;23926.25;23929.75;548
20260327 053800;23929.75;23942;23929.25;23942;584
20260327 053900;23942;23942.5;23936.75;23938.25;335
20260327 054000;23938.5;23939.25;23935.5;23939.25;208
20260327 054100;23939.5;23946;23936.75;23938;533
20260327 054200;23938.25;23939.75;23934.75;23938.5;189
20260327 054300;23938.25;23938.75;23933.75;23938;195
20260327 054400;23937.25;23942;23934.25;23934.75;202
20260327 054500;23933.75;23935;23930.75;23931.5;188
20260327 054600;23931.75;23938.75;23930.75;23936.25;197
20260327 054700;23935.5;23940.75;23932.5;23938.5;255
20260327 054800;23937.25;23942.75;23936.25;23942;289
20260327 054900;23941.5;23943.5;23937;23937;231
20260327 055000;23938.25;23939;23931.75;23935.25;326
20260327 055100;23935.5;23937.25;23931.25;23933.5;244
20260327 055200;23932.5;23941;23931.75;23938;194
20260327 055300;23938.75;23939.75;23935.75;23936.5;153
20260327 055400;23937.5;23939.25;23935.25;23939;190
20260327 055500;23938.25;23940.5;23934.25;23936.25;218
20260327 055600;23937;23942.75;23937;23939;198
20260327 055700;23938.5;23940;23935.75;23937;128
20260327 055800;23936.5;23936.5;23929;23931.25;265
20260327 055900;23932;23932;23924.75;23926.25;542
20260327 060000;23925.5;23929.5;23924;23927;237
20260327 060100;23926.5;23929.25;23918;23921.5;824
20260327 060200;23920.75;23921.5;23914.25;23916.75;642
20260327 060300;23916.5;23917.5;23910.75;23913.25;617
20260327 060400;23913;23916.75;23912.75;23915.5;213
20260327 060500;23916.75;23920.25;23913.25;23914.5;348
20260327 060600;23914.5;23919.75;23913;23918.75;311
20260327 060700;23918;23925;23915.25;23922.5;416
20260327 060800;23921.75;23929.5;23920.5;23920.5;514
20260327 060900;23920.75;23925.5;23919;23923.5;327
20260327 061000;23923.5;23929.25;23922.5;23924.5;345
20260327 061100;23925;23936.75;23923.75;23936.75;670
20260327 061200;23936.5;23936.5;23926.75;23930.75;653
20260327 061300;23929.75;23933.5;23922.25;23925;317
20260327 061400;23925.25;23928.5;23922.25;23925.75;301
20260327 061500;23926.25;23934.75;23926;23933.5;396
20260327 061600;23932.75;23939.5;23932.75;23937.25;471
20260327 061700;23937.5;23947.75;23937;23941.75;726
20260327 061800;23941.5;23946.25;23938.5;23943;316
20260327 061900;23943.25;23946.25;23941.25;23943;232
20260327 062000;23942.25;23946.5;23941.25;23943;198
20260327 062100;23943.5;23949.75;23942;23946.75;482
20260327 062200;23947.5;23949.25;23943.5;23947.5;261
20260327 062300;23947.25;23949.25;23942.5;23945.75;256
20260327 062400;23947;23947.75;23942;23947.25;254
20260327 062500;23947.25;23954.75;23946.75;23954.75;429
20260327 062600;23954.75;23955;23947;23947;271
20260327 062700;23946.75;23950;23942.25;23950;398
20260327 062800;23950.5;23952.25;23943.75;23945.75;373
20260327 062900;23946.5;23952;23946.5;23948;290
20260327 063000;23948;23949;23943.5;23945.5;242
20260327 063100;23945.75;23947;23936;23939.25;828
20260327 063200;23939.25;23945;23928.75;23929.25;534
20260327 063300;23929;23932.5;23921.75;23924.5;735
20260327 063400;23924.25;23928.5;23920.75;23924.75;574
20260327 063500;23925;23928.25;23922;23923.5;278
20260327 063600;23923;23928;23922.75;23923;233
20260327 063700;23923.75;23927.5;23922.5;23927;197
20260327 063800;23927.25;23930;23922;23923.25;361
20260327 063900;23924.25;23925.5;23915.75;23920;540
20260327 064000;23920.25;23923.75;23918.25;23920.25;245
20260327 064100;23920.5;23927;23920.5;23925;248
20260327 064200;23925.25;23926.25;23921.75;23924.25;271
20260327 064300;23925;23929.25;23924.5;23927.5;293
20260327 064400;23927.75;23929;23925;23926.75;200
20260327 064500;23926.5;23927.5;23921;23921.25;279
20260327 064600;23920.75;23922;23915.5;23918.25;347
20260327 064700;23919;23921.5;23915.75;23915.75;205
20260327 064800;23915.75;23918.75;23906.5;23908.25;753
20260327 064900;23907.5;23910.5;23899;23902.25;957
20260327 065000;23902.5;23906.25;23898.25;23904.5;405
20260327 065100;23904.25;23904.5;23896.5;23899.5;542
20260327 065200;23899.5;23903;23899.25;23900.25;226
20260327 065300;23899.5;23901.5;23894.25;23895.75;322
20260327 065400;23895.75;23899.75;23895.75;23899;230
20260327 065500;23898.75;23909.75;23897.75;23908;445
20260327 065600;23908;23911;23903.5;23903.75;320
20260327 065700;23904;23907.25;23903.75;23905;154
20260327 065800;23904.5;23907;23904.5;23907;140
20260327 065900;23906.5;23906.75;23902.75;23905;153
20260327 070000;23905;23905.75;23901.5;23905.5;153
20260327 070100;23905;23907;23897.75;23897.75;564
20260327 070200;23898.25;23905.5;23897.75;23899.75;326
20260327 070300;23899.5;23903.75;23895.5;23902.75;310
20260327 070400;23902.25;23902.25;23896;23898.75;305
20260327 070500;23899.5;23904.5;23897.25;23899.25;301
20260327 070600;23900.25;23902.25;23895.25;23895.25;263
20260327 070700;23896;23896.5;23883;23886.5;1071
20260327 070800;23886.25;23889.75;23881.25;23881.75;433
20260327 070900;23882.25;23888.25;23876.5;23880.75;659
20260327 071000;23882;23890;23878.25;23886;681
20260327 071100;23886;23895;23884.75;23890.5;523
20260327 071200;23891.75;23897.75;23891.75;23896.25;346
20260327 071300;23897;23897.75;23891.25;23894.25;279
20260327 071400;23894.25;23894.75;23883.25;23884.75;388
20260327 071500;23885;23889.5;23879.75;23888.75;377
20260327 071600;23888;23888.5;23879.25;23882.25;195
20260327 071700;23882.5;23885.5;23881.5;23883.5;128
20260327 071800;23882.75;23886.5;23880.5;23882.75;228
20260327 071900;23882;23883.75;23880.25;23881.25;157
20260327 072000;23880.75;23882.5;23879;23882.5;234
20260327 072100;23882;23887.5;23882;23887;227
20260327 072200;23886;23886.5;23878.25;23878.5;219
20260327 072300;23878;23880.25;23876;23878.75;388
20260327 072400;23878.25;23878.25;23869;23874.25;685
20260327 072500;23874.25;23875.75;23869.5;23871.25;288
20260327 072600;23872;23879.5;23871.25;23873.5;359
20260327 072700;23874;23874.25;23864;23865.75;631
20260327 072800;23866.25;23869;23862.25;23867.5;420
20260327 072900;23866;23866;23857;23859.5;779
20260327 073000;23860.5;23865;23856;23859.75;418
20260327 073100;23859.75;23867;23856.5;23858.25;635
20260327 073200;23858.75;23860;23854.25;23856.75;360
20260327 073300;23856.5;23866.25;23855.5;23863.25;434
20260327 073400;23862.5;23868;23858.5;23867;370
20260327 073500;23867;23869;23863.5;23864;279
20260327 073600;23864.25;23870.5;23861;23870;413
20260327 073700;23870;23876.75;23870;23873.5;650
20260327 073800;23873.75;23881.5;23873.5;23877.75;412
20260327 073900;23878;23881.5;23872.5;23880.25;481
20260327 074000;23880.25;23882;23867.25;23870.75;482
20260327 074100;23870.5;23875.25;23862.5;23866.75;478
20260327 074200;23866.25;23868.5;23860;23862.25;565
20260327 074300;23862;23868.75;23862;23863.25;305
20260327 074400;23863;23879.25;23863;23877.5;450
20260327 074500;23878;23878;23873.75;23875;390
20260327 074600;23874.5;23877.75;23870.75;23876.5;443
20260327 074700;23876.75;23886.25;23876;23885.5;549
20260327 074800;23885.25;23893.75;23884.25;23892.5;764
20260327 074900;23892.5;23894.25;23882.5;23885.25;480
20260327 075000;23884.5;23891.75;23882.75;23886.75;405
20260327 075100;23885.5;23889.25;23874.75;23876.25;468
20260327 075200;23876.75;23880.5;23873.25;23874;398
20260327 075300;23873.75;23874.5;23863;23867.5;589
20260327 075400;23866.5;23876;23865.5;23870.5;366
20260327 075500;23869.5;23878.25;23868.75;23874.75;345
20260327 075600;23875;23877;23871.75;23872;308
20260327 075700;23872;23879.75;23872;23878.25;299
20260327 075800;23878.25;23879.5;23876.75;23878;181
20260327 075900;23878;23879.25;23871.75;23876.75;286
20260327 080000;23876;23877.25;23870;23871.75;337
20260327 080100;23872.5;23877;23861;23874.75;1238
20260327 080200;23874;23899.75;23863.75;23867.5;1982
20260327 080300;23865.5;23874;23851;23859;1576
20260327 080400;23859;23869.75;23842.25;23867;2014
20260327 080500;23867;23873.5;23857.5;23858.75;680
20260327 080600;23857.25;23860;23835;23842.25;1284
20260327 080700;23842.75;23855.75;23842.75;23852;802
20260327 080800;23852.75;23852.75;23832.75;23834;760
20260327 080900;23834.25;23840.5;23824.25;23826.25;1230
20260327 081000;23827.5;23832.25;23819.5;23830.5;1044
20260327 081100;23830.25;23838.75;23824.25;23825.5;848
20260327 081200;23826;23840.25;23824.75;23837.5;681
20260327 081300;23836.75;23838.75;23826.75;23836.5;520
20260327 081400;23837.25;23846.25;23836.25;23839;743
20260327 081500;23839.25;23840;23830.5;23836;376
20260327 081600;23836.25;23846;23828.5;23844.5;648
20260327 081700;23845.5;23846;23828.75;23835.25;805
20260327 081800;23836;23839;23812.5;23813.5;934
20260327 081900;23813.25;23825;23810.25;23814.5;856
20260327 082000;23815;23820.75;23810;23814;767
20260327 082100;23814.25;23816.25;23802;23805.5;1540
20260327 082200;23805.5;23842;23805.5;23829.75;1985
20260327 082300;23831.25;23831.75;23813.75;23822.5;670
20260327 082400;23823.5;23824;23814.25;23815;382
20260327 082500;23815.25;23816.25;23807.25;23810.25;716
20260327 082600;23809.75;23817.25;23803;23808.75;730
20260327 082700;23809.5;23813.5;23802.25;23808;664
20260327 082800;23809;23809;23798;23803;1030
20260327 082900;23803.5;23803.5;23793.25;23796.25;1120
20260327 083000;23797.25;23800;23792;23796;726
20260327 083100;23796.5;23814.75;23796;23806.75;1265
20260327 083200;23806.25;23812;23801.75;23804.5;689
20260327 083300;23804.75;23818.5;23804.5;23818.5;650
20260327 083400;23817.25;23822.75;23806.25;23812.25;796
20260327 083500;23811.75;23814.25;23802.75;23807.5;518
20260327 083600;23807.5;23812.5;23786.25;23788;1431
20260327 083700;23788.25;23793.75;23774;23792.25;1891
20260327 083800;23792.25;23794;23783.75;23785.25;773
20260327 083900;23785.25;23796.75;23784.75;23789;667
20260327 084000;23788.25;23792;23779.25;23783;579
20260327 084100;23782.25;23786.25;23775.25;23782.5;783
20260327 084200;23782.75;23795.25;23780.75;23794;688
20260327 084300;23794;23799.5;23787.75;23793;679
20260327 084400;23792.75;23798.5;23788.75;23791;536
20260327 084500;23790.5;23799;23785.5;23797;487
20260327 084600;23797.5;23806.25;23793;23802.5;724
20260327 084700;23802.75;23803.25;23787.75;23788.25;446
20260327 084800;23789;23796;23785.75;23787;402
20260327 084900;23786.5;23792.25;23782.25;23792.25;525
20260327 085000;23793.75;23793.75;23784.5;23786.5;457
20260327 085100;23786.5;23804.5;23786.5;23801;587
20260327 085200;23801.75;23802.5;23786.5;23787.25;484
20260327 085300;23787.25;23791.75;23777.75;23780.75;755
20260327 085400;23780;23782.25;23771.75;23778.5;806
20260327 085500;23779.25;23784.25;23773.25;23783.75;554
20260327 085600;23784;23787;23772;23774;580
20260327 085700;23773.75;23778.5;23770.25;23772.25;488
20260327 085800;23772;23786.5;23770.75;23781.75;653
20260327 085900;23782;23782.75;23777;23781;442
20260327 090000;23781.5;23787.5;23777.5;23779.75;686
20260327 090100;23779.5;23784;23775.25;23780.75;567
20260327 090200;23780;23789.25;23766;23767;1172
20260327 090300;23767;23782.25;23765;23777.5;1228
20260327 090400;23777.5;23781.5;23772;23775.5;552
20260327 090500;23775.25;23776.25;23753.75;23755.5;2165
20260327 090600;23755;23760.75;23745;23752;1876
20260327 090700;23751.25;23753.75;23735;23737.75;1963
20260327 090800;23738.5;23745.5;23735.25;23739.25;952
20260327 090900;23738.75;23744.75;23728;23730.25;1303
20260327 091000;23730.5;23733.25;23719;23724;1469
20260327 091100;23724;23730.75;23712.25;23716;1284
20260327 091200;23716;23727.5;23709.75;23725.75;1116
20260327 091300;23726.75;23747.5;23726.5;23744.75;1469
20260327 091400;23745;23756.75;23739.25;23749.75;1159
20260327 091500;23750.25;23755.25;23736.75;23741;770
20260327 091600;23741.5;23758.25;23737;23753.5;1083
20260327 091700;23753.25;23753.25;23742.75;23749;774
20260327 091800;23748.75;23753;23743.5;23750;530
20260327 091900;23749.75;23757.25;23740.75;23755;588
20260327 092000;23755.75;23774.25;23754.75;23767;1422
20260327 092100;23766.25;23774;23761.5;23763.5;814
20260327 092200;23763.5;23775.75;23762.25;23765.5;949
20260327 092300;23765.5;23772.5;23758.25;23763.5;788
20260327 092400;23763.5;23767;23753;23755;849
20260327 092500;23755.5;23767;23755.25;23764.75;627
20260327 092600;23764.25;23785.5;23763.75;23784.75;1075
20260327 092700;23784.25;23798;23778;23796.5;1453
20260327 092800;23795.5;23798.25;23788.5;23790.5;983
20260327 092900;23791;23791.75;23779.5;23781.5;662
20260327 093000;23782.25;23793.75;23782.25;23789;472
20260327 093100;23789.75;23791.75;23780.25;23782.5;630
20260327 093200;23782.5;23791.25;23778.25;23788.25;447
20260327 093300;23787;23813.5;23787;23808.5;1157
20260327 093400;23808;23808;23801.25;23805.5;510
20260327 093500;23806.25;23806.25;23796;23798.5;586
20260327 093600;23799;23801.5;23787.5;23787.5;610
20260327 093700;23787.5;23796.75;23786.5;23787.75;726
20260327 093800;23789;23790.75;23779;23782.25;652
20260327 093900;23782.5;23790.5;23782;23782.75;514
20260327 094000;23782.75;23787.25;23777;23782;513
20260327 094100;23782;23782.75;23770;23771.75;635
20260327 094200;23772;23778;23770;23775.25;548
20260327 094300;23775.25;23781.25;23774.75;23779;319
20260327 094400;23778.75;23784;23771.75;23781.5;515
20260327 094500;23781;23786.75;23779.75;23784.75;278
20260327 094600;23784;23784;23761.25;23765.25;987
20260327 094700;23766.75;23771;23758;23767;820
20260327 094800;23768;23771.25;23760.5;23763;527
20260327 094900;23763.25;23764.25;23749.75;23754.75;810
20260327 095000;23754.5;23757.5;23741;23748.5;911
20260327 095100;23749.25;23761.5;23744.5;23753;781
20260327 095200;23753;23754;23746.25;23750;445
20260327 095300;23749.75;23752.5;23745.75;23746;242
20260327 095400;23746.25;23749.5;23740.25;23742.5;452
20260327 095500;23742.75;23750;23742.75;23744.75;310
20260327 095600;23745.75;23750.25;23740.5;23742.25;522
20260327 095700;23742;23751.25;23742;23750.5;242
20260327 095800;23749.75;23754;23747.75;23748.5;434
20260327 095900;23747.5;23750;23743.5;23745;293
20260327 100000;23745.5;23746;23731.25;23739.25;973
20260327 100100;23739.25;23742.25;23722;23734.25;1301
20260327 100200;23734.25;23735.75;23726;23732.75;590
20260327 100300;23733.75;23747.75;23725;23747;903
20260327 100400;23747.5;23748;23736.25;23743.25;852
20260327 100500;23743;23744.5;23733.25;23735.75;427
20260327 100600;23734;23745;23733.5;23743.75;462
20260327 100700;23744.5;23754.75;23741.75;23748;971
20260327 100800;23748.5;23762.75;23748.5;23761;905
20260327 100900;23761.25;23767.5;23755;23756.5;702
20260327 101000;23755.75;23759;23745.75;23752.25;1159
20260327 101100;23751;23751.5;23738.75;23746;727
20260327 101200;23746;23748;23734.5;23738.5;626
20260327 101300;23738.25;23743.5;23733;23738.5;543
20260327 101400;23737.25;23742;23725.25;23726.25;781
20260327 101500;23726.25;23733.25;23725.75;23730.25;700
20260327 101600;23729.75;23733.5;23728.75;23730.75;459
20260327 101700;23729.75;23735;23729;23733.25;468
20260327 101800;23732.75;23746.5;23732.25;23742;1403
20260327 101900;23742.25;23742.25;23735;23737.5;587
20260327 102000;23738.25;23739.5;23733.5;23736.25;407
20260327 102100;23736.5;23738.25;23727;23731.25;492
20260327 102200;23731;23732.25;23725.75;23728.25;461
20260327 102300;23728.75;23729;23721.75;23727.5;628
20260327 102400;23727;23732;23726;23727;472
20260327 102500;23727.5;23740.5;23727.25;23733;854
20260327 102600;23732.5;23737;23729.75;23730.75;332
20260327 102700;23731.5;23748;23724.5;23745.75;856
20260327 102800;23745.5;23746.25;23734.75;23737.75;574
20260327 102900;23737;23738;23726.5;23733;626
20260327 103000;23731.75;23736.5;23729;23730.75;379
20260327 103100;23731;23742;23728;23739.25;626
20260327 103200;23739.25;23742.25;23730.25;23734.25;563
20260327 103300;23733.5;23736.5;23720.25;23722.75;829
20260327 103400;23723.5;23726;23714;23715;1098
20260327 103500;23714.75;23727;23714.75;23722.25;733
20260327 103600;23721.25;23723;23695;23707.75;2266
20260327 103700;23708;23713;23703.5;23705.75;900
20260327 103800;23705.5;23708;23695.75;23702;927
20260327 103900;23702;23703.5;23685.25;23697.25;1458
20260327 104000;23696.75;23700.75;23684.75;23688;1301
20260327 104100;23689;23693;23683;23687;931
20260327 104200;23687.5;23689;23680.25;23682;902
20260327 104300;23682.25;23697.5;23674;23695.25;2287
20260327 104400;23695.75;23699;23688;23693.75;949
20260327 104500;23694;23695;23688.25;23689.5;429
20260327 104600;23689.75;23690;23677.25;23680.75;1428
20260327 104700;23680.5;23691.75;23677.25;23687;664
20260327 104800;23687;23691;23682.5;23686.75;641
20260327 104900;23687;23688.25;23670.75;23677.25;1155
20260327 105000;23676.75;23680.5;23674.5;23676.5;639
20260327 105100;23676.75;23679.5;23668.75;23671;760
20260327 105200;23671.5;23676;23664;23672.75;1136
20260327 105300;23672;23675.25;23668.25;23671;873
20260327 105400;23670;23677;23667.5;23671.5;905
20260327 105500;23672.25;23675;23670.25;23671.75;568
20260327 105600;23671;23671;23648.75;23652;2362
20260327 105700;23652.5;23653.25;23645.5;23653.25;1159
20260327 105800;23653.5;23655;23639.25;23642;1644
20260327 105900;23641.75;23642.25;23632.25;23638.75;1175
20260327 110000;23639.75;23649.5;23639.75;23649.25;1042
20260327 110100;23649;23660.75;23628.5;23633;2582
20260327 110200;23632.75;23633.5;23622.25;23625.25;2144
20260327 110300;23625.75;23640.25;23624;23637.25;1406
20260327 110400;23637;23643.25;23632.5;23634.25;997
20260327 110500;23634.25;23640;23629.5;23632.25;657
20260327 110600;23632.75;23641.75;23624.5;23627.25;942
20260327 110700;23626.25;23629.5;23621.5;23629;994
20260327 110800;23628.75;23629;23616.75;23619;1015
20260327 110900;23619.25;23628;23609.75;23625.75;1644
20260327 111000;23624.75;23635.75;23624.25;23630.5;1058
20260327 111100;23630.5;23642.5;23628;23640.25;1147
20260327 111200;23639.75;23642.25;23628.25;23630;676
20260327 111300;23630.5;23633.5;23620.25;23628.25;1026
20260327 111400;23628.75;23642.25;23627.25;23635;1083
20260327 111500;23634.75;23639;23629.75;23633.75;482
20260327 111600;23634.75;23648.5;23632.5;23643.75;1153
20260327 111700;23644.25;23651;23642;23647.5;946
20260327 111800;23647;23652;23640;23640.75;746
20260327 111900;23640.75;23648;23632;23647.5;908
20260327 112000;23647.5;23647.75;23639.5;23646;585
20260327 112100;23645.75;23655;23642.25;23646.75;773
20260327 112200;23647.5;23654.5;23645.5;23649;835
20260327 112300;23648.5;23650.5;23639;23647;1136
20260327 112400;23646.75;23647;23639.5;23642;392
20260327 112500;23642.75;23650;23639.25;23642.25;723
20260327 112600;23642.75;23643;23632.75;23641.25;1019
20260327 112700;23642;23651.75;23638;23645.5;693
20260327 112800;23645.5;23656.5;23645.5;23650;602
20260327 112900;23650.5;23651.25;23644.25;23649.75;486
20260327 113000;23650.5;23655;23649.75;23653.5;434
20260327 113100;23653;23659.25;23651;23655;995
20260327 113200;23655.5;23656.5;23643;23645.25;613
20260327 113300;23644.5;23652.25;23641.25;23645.75;763
20260327 113400;23646.25;23652.75;23645;23647;423
20260327 113500;23647;23652.75;23640.75;23651.5;630
20260327 113600;23652.75;23656.25;23642.25;23643;619
20260327 113700;23643.5;23652.25;23638.25;23651.75;751
20260327 113800;23652;23654;23648.5;23650.75;442
20260327 113900;23651;23655.5;23645.5;23649.5;689
20260327 114000;23650;23657.75;23646.5;23647.5;600
20260327 114100;23646.5;23653;23644;23650.5;586
20260327 114200;23650.5;23656;23645.25;23652;517
20260327 114300;23651.5;23654.25;23646.25;23650.5;409
20260327 114400;23650;23659.75;23645.75;23656.75;793
20260327 114500;23656.5;23663;23652;23656.25;740
20260327 114600;23657.25;23662.25;23653.25;23657.75;566
20260327 114700;23657.25;23670;23657;23665.75;1154
20260327 114800;23665.5;23671.75;23664;23671.25;746
20260327 114900;23670.5;23679.75;23669;23678.75;1051
20260327 115000;23679.25;23680;23669.75;23676.75;670
20260327 115100;23676;23681;23672.25;23675;838
20260327 115200;23674;23677.25;23667;23668.5;879
20260327 115300;23669.25;23671.5;23664.25;23666.5;613
20260327 115400;23666.5;23667;23656;23663.75;1107
20260327 115500;23662.5;23683.5;23661;23681;1237
20260327 115600;23680.5;23689.25;23680.5;23685.5;1217
20260327 115700;23685.25;23686;23671;23671.5;1103
20260327 115800;23672.25;23679;23668.5;23669;740
20260327 115900;23669.25;23672.5;23660.5;23662.75;889
20260327 120000;23663.25;23664.5;23657.25;23663.75;798
20260327 120100;23663.75;23667.25;23657.5;23660.5;844
20260327 120200;23660;23660;23650.25;23659.25;1259
20260327 120300;23659;23665;23651.5;23655;1160
20260327 120400;23654.75;23656.25;23643.25;23649.25;1450
20260327 120500;23649.5;23651.25;23637;23642.25;1580
20260327 120600;23642.25;23642.25;23627.5;23631;1514
20260327 120700;23631;23633.25;23621;23624;1457
20260327 120800;23623.75;23635.5;23622.25;23629.25;1169
20260327 120900;23629.5;23630.75;23615.25;23618;1452
20260327 121000;23618;23621;23614.25;23618.25;689
20260327 121100;23618.5;23620.5;23610;23613.25;818
20260327 121200;23613;23630.25;23613;23627.75;1595
20260327 121300;23627.5;23634.5;23625;23633.5;973
20260327 121400;23633.5;23638.75;23630.25;23634.5;891
20260327 121500;23634.75;23637.5;23625.75;23630.25;711
20260327 121600;23630;23637.5;23626.25;23635;615
20260327 121700;23634.75;23645.5;23630.5;23642.75;975
20260327 121800;23642.75;23650;23635;23649.5;898
20260327 121900;23649.5;23657.5;23649;23652;960
20260327 122000;23652;23654.75;23644.25;23644.25;591
20260327 122100;23644.5;23645;23627.75;23631;1371
20260327 122200;23631.25;23636.75;23630.25;23631.25;732
20260327 122300;23631.5;23640.5;23631;23637.75;551
20260327 122400;23636.75;23644.5;23636;23638.5;747
20260327 122500;23638.75;23649;23636.75;23648.25;627
20260327 122600;23648.25;23655;23646;23648.25;946
20260327 122700;23647.5;23647.5;23638;23638.5;855
20260327 122800;23639.25;23647.5;23638;23646.75;706
20260327 122900;23646.5;23648.25;23639.5;23644;556
20260327 123000;23644;23651.25;23640.5;23649.5;523
20260327 123100;23649.25;23654.75;23646.5;23646.75;879
20260327 123200;23646.75;23649.5;23636;23643;1166
20260327 123300;23643;23646.75;23639;23643.75;461
20260327 123400;23643.25;23644.5;23637;23638;481
20260327 123500;23638.5;23643.75;23621.75;23626.5;1784
20260327 123600;23627;23630.75;23611;23618;1627
20260327 123700;23617.5;23625.75;23613.25;23618;1032
20260327 123800;23618.25;23623;23615.25;23620.25;840
20260327 123900;23620.5;23622;23613;23617.5;472
20260327 124000;23618.25;23635;23617.75;23632.25;1123
20260327 124100;23632.75;23638.75;23629.75;23634.75;908
20260327 124200;23635.25;23643.5;23630.75;23635.75;977
20260327 124300;23635.5;23639.5;23627;23629.5;1012
20260327 124400;23630.25;23630.75;23625.5;23626.75;640
20260327 124500;23627.25;23634.75;23617.25;23634.25;1242
20260327 124600;23634.25;23642.25;23630.25;23633.75;1211
20260327 124700;23634.5;23640.5;23628.25;23629.75;1478
20260327 124800;23630;23630;23617;23624.75;1349
20260327 124900;23624.5;23626.5;23604.5;23607.75;2164
20260327 125000;23608;23613;23596.75;23604;3054
20260327 125100;23604;23606.5;23597.5;23603.25;1336
20260327 125200;23603.25;23625.25;23602.75;23624.5;1764
20260327 125300;23623.5;23624.5;23615.25;23620.25;1017
20260327 125400;23620.25;23634.5;23620.25;23624.75;1716
20260327 125500;23624.75;23630;23621.25;23624;1050
20260327 125600;23624.25;23626;23619.25;23623.75;706
20260327 125700;23623.5;23624.25;23606;23608;1765
20260327 125800;23607.75;23611;23605.5;23609;917
20260327 125900;23608.75;23619.5;23608.25;23616.5;1227
20260327 130000;23616;23619.75;23612.5;23613.25;702
20260327 130100;23613.75;23619;23596.75;23600.75;2800
20260327 130200;23601;23610.5;23598.75;23604.25;1659
20260327 130300;23604.5;23609.75;23599;23600;1411
20260327 130400;23600;23602.5;23584.75;23595;3112
20260327 130500;23595.25;23609.75;23593.75;23607;1842
20260327 130600;23607.5;23608;23595;23596.25;1357
20260327 130700;23596.75;23600;23585.25;23595;1959
20260327 130800;23595.5;23600.75;23586;23595;1783
20260327 130900;23594.5;23606;23593.5;23603;1351
20260327 131000;23603.25;23603.75;23583.25;23592.75;2366
20260327 131100;23593.25;23597;23575.25;23582.75;3265
20260327 131200;23582.75;23588;23575.25;23583.25;1650
20260327 131300;23583.5;23596.5;23577.5;23586.25;1963
20260327 131400;23586.25;23594.75;23579.25;23592.5;1183
20260327 131500;23592.75;23596;23584.25;23589.25;958
20260327 131600;23589.25;23603.75;23586;23599.75;2024
20260327 131700;23599.75;23611.25;23599.75;23606;1887
20260327 131800;23606.25;23614;23601;23609.5;1860
20260327 131900;23609.75;23614.5;23602.75;23614;1368
20260327 132000;23614;23619;23608.75;23611.5;1499
20260327 132100;23612.25;23633.5;23612.25;23633.5;2390
20260327 132200;23633.25;23638.75;23628.25;23632.75;1770
20260327 132300;23633;23635;23622.25;23627.75;1712
20260327 132400;23627.5;23629.75;23619.5;23623.75;1231
20260327 132500;23624;23643.75;23623.5;23638.25;1967
20260327 132600;23638.5;23656;23635.25;23641.5;3084
20260327 132700;23641.25;23649.75;23638.75;23649;1711
20260327 132800;23649;23649.25;23633.5;23642.5;1848
20260327 132900;23642.75;23654;23637.5;23652.25;2068
20260327 133000;23652.75;23660;23647.25;23654;2607
20260327 133100;23654.5;23664.25;23629;23645.25;9309
20260327 133200;23645.75;23648.5;23612.75;23613.5;7681
20260327 133300;23613.25;23617.5;23585.25;23606.5;8830
20260327 133400;23607;23609.25;23580.5;23581;5589
20260327 133500;23580.5;23589.75;23556.5;23564.5;9024
20260327 133600;23565;23570.5;23541;23554.25;8721
20260327 133700;23554.25;23571;23531.5;23546.75;8539
20260327 133800;23546.75;23595.75;23546;23586.75;9485
20260327 133900;23586.75;23606;23579.75;23598;7031
20260327 134000;23598;23613.75;23590.5;23594;5923
20260327 134100;23594.25;23617;23584.5;23607.25;7418
20260327 134200;23606.5;23622.75;23579;23594.75;7759
20260327 134300;23594.5;23596.75;23577;23583.75;3782
20260327 134400;23584.75;23600;23571.75;23591;6144
20260327 134500;23590;23606.5;23589.25;23590.75;4172
20260327 134600;23591;23630;23588.25;23620.25;7975
20260327 134700;23619.75;23642;23616;23634.25;6756
20260327 134800;23633.5;23641.75;23627;23634.75;4300
20260327 134900;23633.75;23646.75;23624;23640;4687
20260327 135000;23640;23644;23608.75;23615.75;4746
20260327 135100;23615.25;23625.5;23568;23570.5;9737
20260327 135200;23570.5;23584.25;23547.75;23548.25;7649
20260327 135300;23548.25;23559.5;23539.75;23544.5;6085
20260327 135400;23544.5;23554.5;23520.5;23535.25;7322
20260327 135500;23535.25;23542;23523.25;23525.25;4134
20260327 135600;23525.75;23526.25;23499;23507.5;9593
20260327 135700;23507.5;23509.5;23482.75;23495.5;7306
20260327 135800;23495.75;23497.5;23482.5;23484.25;3660
20260327 135900;23484;23492.5;23472;23475.5;5391
20260327 140000;23474.75;23503.75;23473;23479.25;7377
20260327 140100;23483.5;23512.25;23444;23506.25;13536
20260327 140200;23506;23516.25;23476.5;23489.5;7311
20260327 140300;23489.5;23515.25;23483.75;23514.25;5297
20260327 140400;23515.25;23520;23492;23498.5;5821
20260327 140500;23498.75;23514.5;23497.5;23509;3248
20260327 140600;23510;23518.5;23494.75;23511.25;4821
20260327 140700;23511.5;23514.25;23495;23501.5;3102
20260327 140800;23501.75;23512.75;23485;23507.5;5176
20260327 140900;23507.75;23512;23480.5;23485.75;4365
20260327 141000;23486;23495.25;23480.75;23484;3327
20260327 141100;23484.25;23508.25;23482.5;23495.75;4489
20260327 141200;23496;23524.5;23492.25;23518.75;4988
20260327 141300;23519;23541.5;23518.5;23530.5;8084
20260327 141400;23531;23536.25;23502.25;23502.25;5532
20260327 141500;23502.75;23531.25;23500.5;23523.25;4623
20260327 141600;23523.5;23540.75;23515;23538.75;4819
20260327 141700;23538;23556.75;23531.75;23548.25;6802
20260327 141800;23548.75;23558;23540.25;23557.75;3903
20260327 141900;23557;23558.75;23528.75;23538.5;4707
20260327 142000;23538.25;23549.5;23533.75;23543.5;2890
20260327 142100;23543.25;23557.5;23541.75;23555.5;3468
20260327 142200;23555.75;23557.5;23527.5;23535;4606
20260327 142300;23535.25;23538.5;23491.25;23498.75;8812
20260327 142400;23499;23513.25;23491.75;23491.75;5337
20260327 142500;23491.5;23512;23488.75;23506;4547
20260327 142600;23506.25;23528;23504;23510;5362
20260327 142700;23509.75;23514.25;23484.5;23490.75;5630
20260327 142800;23489.75;23496.75;23481.25;23486;3552
20260327 142900;23486.25;23495;23480;23483.75;3317
20260327 143000;23484;23488.25;23475.25;23477.25;3685
20260327 143100;23477.25;23491;23474.25;23483;4075
20260327 143200;23483;23507.5;23480.5;23504.75;4712
20260327 143300;23504.25;23504.25;23478;23485.5;3900
20260327 143400;23485.25;23499.75;23481.5;23491;2860
20260327 143500;23492;23503;23487.25;23496.75;2319
20260327 143600;23496.75;23502;23475.5;23488;3177
20260327 143700;23487.75;23495.75;23479;23485.75;2457
20260327 143800;23486;23488.25;23478.5;23479.5;1942
20260327 143900;23480;23481.75;23447.75;23460;8037
20260327 144000;23460;23470.5;23453;23457.25;3895
20260327 144100;23457.25;23480.75;23453.25;23473.75;4610
20260327 144200;23473;23474;23456;23461.25;3291
20260327 144300;23460.75;23474.75;23457;23469.25;3008
20260327 144400;23468.25;23470;23453;23455.5;3269
20260327 144500;23455.25;23468.5;23454.25;23468.25;2252
20260327 144600;23468;23484.25;23458.5;23460.25;5380
20260327 144700;23460.25;23466;23438.75;23461;6469
20260327 144800;23461;23490.5;23460;23486.75;5699
20260327 144900;23487;23497;23478.75;23494.75;5064
20260327 145000;23494.5;23522.5;23489.25;23519.5;6067
20260327 145100;23519.5;23535.75;23510;23532.75;5924
20260327 145200;23532.75;23537.75;23512.75;23512.75;4348
20260327 145300;23512.75;23530.5;23509.5;23524.5;3655
20260327 145400;23524.25;23525.75;23500.5;23506;3895
20260327 145500;23505.75;23512.75;23485.25;23490.25;5195
20260327 145600;23490.5;23507;23489;23501;3188
20260327 145700;23500.5;23511.25;23498.25;23506.75;2733
20260327 145800;23506;23507.5;23497.25;23507;1870
20260327 145900;23507.25;23517.5;23501;23505.75;3183
20260327 150000;23506.5;23516.75;23506.25;23511.5;1951
20260327 150100;23511.5;23529.25;23503.5;23512.75;4554
20260327 150200;23512.75;23517.5;23505.25;23511;2024
20260327 150300;23511;23528.75;23509.5;23522.25;2800
20260327 150400;23522.25;23536.25;23513.75;23534.5;2894
20260327 150500;23534.5;23542;23529.75;23533;3451
20260327 150600;23533.5;23540.5;23523.5;23537;3500
20260327 150700;23537.25;23554.25;23518.75;23520.75;6644
20260327 150800;23520.75;23528;23509.5;23509.75;3715
20260327 150900;23509.5;23526.5;23504.75;23523.75;3907
20260327 151000;23522.75;23524;23508.5;23515.5;2533
20260327 151100;23516;23522.5;23507;23511.5;2507
20260327 151200;23512;23524;23500.25;23505.75;3358
20260327 151300;23506;23507.5;23494.5;23502.5;3464
20260327 151400;23503;23506;23495;23503.25;2166
20260327 151500;23503.25;23520.25;23494;23495;4206
20260327 151600;23495.75;23498.75;23478.5;23486.25;4678
20260327 151700;23486.5;23495;23479;23486;3967
20260327 151800;23485.75;23494;23461.5;23466.75;6536
20260327 151900;23467.25;23479.75;23467;23474.75;3614
20260327 152000;23475;23480.5;23471.5;23476;1874
20260327 152100;23476.5;23479.75;23460.75;23463.75;3550
20260327 152200;23464;23472.5;23458.25;23472.5;2773
20260327 152300;23472.25;23488;23468.5;23479;3960
20260327 152400;23479;23567.75;23479;23558.25;14353
20260327 152500;23557.5;23559.75;23514.25;23518.75;8785
20260327 152600;23519;23528.75;23510;23523.25;3609
20260327 152700;23524.25;23542.5;23521.5;23539.5;4241
20260327 152800;23539;23556.25;23527.5;23554.25;3588
20260327 152900;23554;23558.75;23543.75;23555;3942
20260327 153000;23555;23557.75;23535.75;23557.25;3307
20260327 153100;23556.5;23580;23544.75;23576.5;5300
20260327 153200;23576.5;23600.5;23567.5;23590.5;7423
20260327 153300;23591;23605.75;23579.5;23597.25;4897
20260327 153400;23597.25;23609;23592.5;23605;4973
20260327 153500;23604.75;23608.75;23590.25;23597;3242
20260327 153600;23597.25;23604.25;23590.75;23597.5;3082
20260327 153700;23597.75;23599.25;23578;23597;4285
20260327 153800;23596.25;23611;23578.75;23589.75;5534
20260327 153900;23589.75;23590.75;23567.5;23575.5;3839
20260327 154000;23575.25;23577.75;23559.25;23563.5;3211
20260327 154100;23564.25;23564.5;23532.25;23540.75;6084
20260327 154200;23540.75;23546.5;23519.25;23527.5;4810
20260327 154300;23527.25;23541;23521.25;23536.25;3302
20260327 154400;23536.25;23547.5;23534;23543.75;2188
20260327 154500;23544;23553;23542;23542.25;2021
20260327 154600;23543;23557.75;23540.75;23550.75;2678
20260327 154700;23550.75;23553;23538.25;23553;2324
20260327 154800;23552.25;23564.75;23547.75;23554.25;2870
20260327 154900;23554.5;23563.75;23552;23558;1706
20260327 155000;23557.5;23563.25;23554;23559;1523
20260327 155100;23559;23573.5;23554;23569.25;3070
20260327 155200;23568.5;23577.5;23560;23569.25;2258
20260327 155300;23569;23573.75;23553.25;23555.25;2421
20260327 155400;23555.75;23564.25;23553.25;23556.5;2237
20260327 155500;23557;23567.75;23552.5;23561;1682
20260327 155600;23561.75;23567.75;23557;23562;1741
20260327 155700;23562.25;23568.5;23553.75;23556.25;2039
20260327 155800;23556.5;23560.25;23550;23557.75;2740
20260327 155900;23558;23566.75;23550.75;23551.75;2243
20260327 160000;23551.5;23554.5;23544.25;23549.75;2689
20260327 160100;23550.25;23556.75;23537;23539.75;3282
20260327 160200;23540.25;23541.25;23525;23529.75;3203
20260327 160300;23529.25;23546.25;23528.5;23543.5;2831
20260327 160400;23544.25;23555;23539.25;23540.25;2387
20260327 160500;23540;23546.25;23535.25;23539.5;1871
20260327 160600;23539.25;23542;23535;23536.75;967
20260327 160700;23535.75;23537.75;23527.25;23534.25;1935
20260327 160800;23534.75;23538.5;23522.75;23526.25;1925
20260327 160900;23526.5;23527.75;23507;23510.75;3990
20260327 161000;23511;23519.25;23504;23504.75;2246
20260327 161100;23505;23508;23498.25;23502.25;2874
20260327 161200;23502.5;23503;23490.25;23493.75;3106
20260327 161300;23494.5;23506.5;23492.75;23499.25;2540
20260327 161400;23499.25;23514.5;23498.5;23507.5;2583
20260327 161500;23508.25;23516.5;23504.25;23516.5;1285
20260327 161600;23516;23518.75;23497.25;23498.75;2937
20260327 161700;23499.25;23505;23493;23496;1942
20260327 161800;23495.75;23500.75;23489.75;23500.25;2013
20260327 161900;23500.5;23506;23495.25;23499;1758
20260327 162000;23499;23500.75;23494.25;23498.25;882
20260327 162100;23498.25;23510.25;23494.75;23508.5;2532
20260327 162200;23508.25;23516;23498.25;23501;2484
20260327 162300;23501;23504.75;23496.5;23499;1375
20260327 162400;23499.5;23510.25;23498.75;23504.5;1596
20260327 162500;23504.25;23504.75;23492;23493.25;1527
20260327 162600;23493.25;23494.5;23478.5;23485.25;3580
20260327 162700;23485.5;23489;23475;23481;2294
20260327 162800;23480.5;23487.5;23478.5;23486.5;1620
20260327 162900;23487;23487.5;23474;23479.75;2366
20260327 163000;23479.5;23484;23473.25;23482.5;1711
20260327 163100;23482.25;23490.5;23481.25;23487.25;2548
20260327 163200;23487.5;23489.75;23479.75;23482.5;1390
20260327 163300;23482.5;23484;23475.5;23477.75;1812
20260327 163400;23477.25;23483.5;23474.75;23481.25;1853
20260327 163500;23481.25;23482;23474.25;23477.75;1171
20260327 163600;23477.75;23481.25;23473.75;23477.75;1403
20260327 163700;23478.5;23481.5;23470.5;23473.75;2192
20260327 163800;23474.25;23474.25;23451.75;23459;4721
20260327 163900;23459.25;23467.5;23451;23453.25;2862
20260327 164000;23453.5;23460.25;23453;23454.25;1665
20260327 164100;23454.5;23455.5;23444;23451.75;3658
20260327 164200;23451.75;23471.5;23451.25;23468;3292
20260327 164300;23468;23480.25;23463.25;23465.25;3534
20260327 164400;23464.75;23482.25;23460.75;23474.5;2661
20260327 164500;23474;23478.75;23468.25;23474.75;1830
20260327 164600;23474.5;23481.75;23467.25;23477.75;2100
20260327 164700;23478;23499.25;23477.5;23494.25;4396
20260327 164800;23494.25;23502.75;23490;23499.75;2535
20260327 164900;23499.75;23509.5;23493;23505.5;2520
20260327 165000;23505.75;23512.75;23504.5;23508.75;1896
20260327 165100;23508.5;23514.5;23491;23499.5;2981
20260327 165200;23498.75;23507.5;23487.75;23491.75;2390
20260327 165300;23492.25;23492.75;23476.5;23478.5;2810
20260327 165400;23478.5;23483.25;23474.5;23482.25;1670
20260327 165500;23482;23489.5;23478.25;23481.25;2064
20260327 165600;23481.5;23482.75;23473.25;23476;2067
20260327 165700;23475.25;23479;23470.75;23477;1531
20260327 165800;23478;23479.75;23471.5;23475;1020
20260327 165900;23475.5;23479.5;23471.25;23474.75;1037
20260327 170000;23474.5;23477.5;23471.75;23474.5;950
20260327 170100;23474;23480.75;23456.5;23458.5;4104
20260327 170200;23458.75;23464.25;23445.5;23454.75;4327
20260327 170300;23454.5;23456.25;23449.25;23452.25;1622
20260327 170400;23452;23459;23451.25;23454.75;2005
20260327 170500;23454.5;23466;23453.25;23460.75;2204
20260327 170600;23461;23465.75;23448.25;23452.5;2176
20260327 170700;23451.75;23509;23448.25;23508.5;5462
20260327 170800;23508;23528.25;23472;23485.5;9794
20260327 170900;23484.75;23492.75;23471.25;23478;2694
20260327 171000;23477.25;23494.25;23476.25;23486;2291
20260327 171100;23485.5;23489;23471.5;23473.25;2076
20260327 171200;23472.5;23478;23464;23469.25;2106
20260327 171300;23468.75;23472.75;23461;23463.75;1780
20260327 171400;23463.75;23469;23454;23458.25;1761
20260327 171500;23457.75;23469.75;23455.25;23465.75;1911
20260327 171600;23466.5;23468;23456.5;23459.75;1211
20260327 171700;23459.25;23460;23450.25;23456;1452
20260327 171800;23455.75;23458;23434.5;23440.75;3980
20260327 171900;23440.25;23445.5;23435.25;23437;2317
20260327 172000;23437.25;23438;23430.75;23435.75;2323
20260327 172100;23435.5;23436.5;23412.75;23423;4883
20260327 172200;23423.25;23428;23414.25;23415.75;2508
20260327 172300;23415.75;23425;23413;23423.25;2137
20260327 172400;23423.25;23424.25;23416.5;23421.5;1106
20260327 172500;23421.25;23429.25;23420.25;23422.5;2064
20260327 172600;23422.5;23422.5;23408;23410;2911
20260327 172700;23410.25;23411.75;23401;23402.5;3262
20260327 172800;23402.5;23404.5;23385.75;23389;4646
20260327 172900;23389;23394.25;23381.5;23387;3084
20260327 173000;23386.75;23387;23378;23380;2447
20260327 173100;23379.5;23393;23378.75;23386.5;3527
20260327 173200;23386.25;23394;23384.75;23387.25;1890
20260327 173300;23387.25;23395.5;23385.25;23393.25;1851
20260327 173400;23393.75;23401;23391;23397.25;2573
20260327 173500;23396.75;23406.25;23396.5;23402;2057
20260327 173600;23401.5;23409;23398.5;23405.75;1985
20260327 173700;23406;23406.75;23396.75;23400.5;1656
20260327 173800;23400.5;23401.25;23390.75;23397;2226
20260327 173900;23397.25;23399.75;23387.75;23393.75;1692
20260327 174000;23393.25;23394.5;23388.25;23389.75;1025
20260327 174100;23389.5;23391;23382;23382.75;1836
20260327 174200;23383;23383.75;23373;23375.75;2911
20260327 174300;23375.75;23377.25;23368.75;23375.25;2331
20260327 174400;23375.75;23379.25;23363.5;23367.75;2875
20260327 174500;23367.75;23369;23362.75;23368.5;2052
20260327 174600;23368.25;23382.75;23365.5;23368.5;3254
20260327 174700;23368.25;23370;23363.5;23368.75;1742
20260327 174800;23368.5;23375.25;23363;23371;1729
20260327 174900;23371;23373;23360;23366.25;1644
20260327 175000;23367;23374;23362.75;23364;2247
20260327 175100;23363.75;23372;23360.75;23365.25;2036
20260327 175200;23365.75;23372.25;23365.75;23370.5;1093
20260327 175300;23370.5;23376;23365;23369.5;1639
20260327 175400;23369.75;23374;23365;23366.25;1389
20260327 175500;23366;23368;23356;23367.25;2345
20260327 175600;23366.5;23371.75;23363.25;23364.5;1635
20260327 175700;23364.75;23369.25;23352.5;23355.5;2837
20260327 175800;23355.25;23363.25;23345.75;23361;4072
20260327 175900;23360.75;23366.25;23355.5;23362;2092
20260327 180000;23362.25;23368;23359.75;23360.5;1547
20260327 180100;23360.25;23365.25;23356.75;23361.25;1512
20260327 180200;23361.75;23365.75;23358.75;23362;1008
20260327 180300;23361.75;23363;23352.25;23355;1584
20260327 180400;23355.25;23360.75;23352.75;23355.25;942
20260327 180500;23355;23357.5;23351.75;23355.25;1406
20260327 180600;23354.75;23364.25;23350.5;23352;1743
20260327 180700;23352.25;23354;23347;23347.5;1927
20260327 180800;23348.25;23352.25;23337;23342.75;3540
20260327 180900;23342.75;23349.75;23339.5;23341.75;1729
20260327 181000;23341.75;23344.5;23334.25;23337;2241
20260327 181100;23336.75;23340.5;23327;23338.5;3778
20260327 181200;23338.25;23345.5;23338.25;23341.5;2694
20260327 181300;23341.25;23342.25;23332;23336.75;1768
20260327 181400;23336.5;23342;23331.75;23334.75;1586
20260327 181500;23334.5;23351;23333.75;23346;2678
20260327 181600;23346.75;23354.75;23343;23350.25;3299
20260327 181700;23349.75;23352.5;23338;23348.5;2788
20260327 181800;23349.25;23360;23346;23353.75;2245
20260327 181900;23353.75;23372;23353.75;23363.75;4576
20260327 182000;23363.5;23371.5;23361.75;23368.5;1920
20260327 182100;23368.75;23377.25;23364.25;23369.5;2729
20260327 182200;23369.5;23375.75;23363.5;23369;2492
20260327 182300;23369;23373;23359;23365.25;1818
20260327 182400;23365.5;23366;23356.5;23357.75;1984
20260327 182500;23357.5;23358.25;23345.25;23351.5;3208
20260327 182600;23352.25;23356;23347.5;23353.75;1849
20260327 182700;23353.5;23359.25;23349;23357;1455
20260327 182800;23356.75;23367.75;23353;23359.5;2375
20260327 182900;23360.25;23366.75;23356;23364.75;1294
20260327 183000;23364.75;23370.25;23359.75;23362.25;1531
20260327 183100;23362.25;23369.75;23356.75;23368.25;1830
20260327 183200;23367.75;23369;23360;23362.25;1150
20260327 183300;23362.25;23367.5;23357.75;23363.75;1653
20260327 183400;23364.25;23364.25;23354.75;23361.5;2133
20260327 183500;23361.25;23372.25;23359.25;23367.5;1867
20260327 183600;23367.75;23368.75;23352.25;23359;1765
20260327 183700;23359;23363.5;23355.75;23357.75;1051
20260327 183800;23358;23371;23358;23363;1874
20260327 183900;23362.75;23363.25;23354;23355;1205
20260327 184000;23354.25;23361;23351;23360.75;1746
20260327 184100;23360.75;23364.5;23354.25;23358.25;1248
20260327 184200;23358.5;23368;23356.25;23365;1365
20260327 184300;23365.25;23368.25;23347.75;23368.25;3093
20260327 184400;23368.25;23396.75;23364.5;23370.75;7115
20260327 184500;23371.25;23372.5;23362.25;23366.25;2006
20260327 184600;23366.25;23367.5;23358.75;23364.5;1702
20260327 184700;23364.5;23369;23348.75;23356.75;3247
20260327 184800;23356.5;23358.25;23347.75;23351.5;1807
20260327 184900;23351;23356;23346.5;23351;1433
20260327 185000;23351;23357.75;23348;23349.25;1178
20260327 185100;23349.5;23355.5;23346;23352.5;1219
20260327 185200;23352.25;23355.25;23348;23349.75;674
20260327 185300;23349.75;23351.75;23346.5;23348.5;997
20260327 185400;23349;23349.5;23327.75;23335.75;4352
20260327 185500;23336;23342.75;23333.25;23335.25;2142
20260327 185600;23335;23339.25;23328.75;23337;2142
20260327 185700;23336.75;23341.5;23333.25;23337.75;1439
20260327 185800;23337.5;23344;23335.5;23342;1118
20260327 185900;23342;23342.75;23334;23336.75;1014
20260327 190000;23336.75;23342.25;23336;23340;694
20260327 190100;23339.5;23353.25;23338.25;23340;3001
20260327 190200;23340.5;23343;23331.5;23334.5;2676
20260327 190300;23334.25;23338.75;23328.75;23330.25;1535
20260327 190400;23330.25;23333.5;23322.25;23328.5;3044
20260327 190500;23328.5;23329;23317.25;23322;2562
20260327 190600;23322;23327;23319.25;23321.5;1458
20260327 190700;23321;23325.25;23316.75;23322.5;1479
20260327 190800;23322.25;23332.25;23318;23331.75;2557
20260327 190900;23332;23333.25;23316;23317;2209
20260327 191000;23317;23321.5;23311;23319.25;2557
20260327 191100;23318.75;23319.25;23309.5;23313.25;1662
20260327 191200;23313.5;23320.75;23310.75;23317;1369
20260327 191300;23316.75;23336;23316.75;23330.5;3010
20260327 191400;23330.75;23338.5;23324.25;23331.5;3298
20260327 191500;23330.5;23336.5;23328;23334.25;1279
20260327 191600;23335;23339.75;23331.75;23335;1854
20260327 191700;23335.25;23342.25;23334.5;23339.5;1439
20260327 191800;23340;23351.5;23336.25;23349.25;2426
20260327 191900;23349.25;23360.5;23346.5;23349.75;3205
20260327 192000;23349.5;23355;23346;23354.5;1681
20260327 192100;23353.75;23354;23339.75;23346;2380
20260327 192200;23346.5;23347.5;23326.5;23331.25;2679
20260327 192300;23331.25;23347.25;23330.75;23341;2196
20260327 192400;23341;23350.5;23335;23338.25;2364
20260327 192500;23338.5;23350.75;23338.5;23347.75;1792
20260327 192600;23347.25;23348;23332.25;23334.5;1791
20260327 192700;23334.5;23336.75;23330.25;23334.75;1180
20260327 192800;23335.5;23335.5;23324.5;23330;1599
20260327 192900;23330;23336;23322.75;23334.75;2071
20260327 193000;23334.5;23334.75;23328.25;23330.5;910
20260327 193100;23331.25;23345.5;23331;23337.5;2605
20260327 193200;23337;23343.25;23331.75;23340.25;1520
20260327 193300;23340;23342.5;23325.75;23331.75;2432
20260327 193400;23331.25;23337;23326.25;23336.75;1586
20260327 193500;23336.75;23349;23335.75;23347.5;2055
20260327 193600;23347.75;23349.25;23334.25;23342.75;1956
20260327 193700;23342.5;23345;23329.75;23336;1852
20260327 193800;23335.75;23341;23334.25;23335.25;934
20260327 193900;23335;23338.25;23332.25;23338.25;975
20260327 194000;23338.25;23338.5;23328;23329.25;1086
20260327 194100;23329.5;23332;23312.75;23315;3263
20260327 194200;23315;23318.75;23302;23306.5;3980
20260327 194300;23307.25;23313.75;23303.75;23311.25;2146
20260327 194400;23311.5;23322;23309.25;23310.5;2572
20260327 194500;23311;23315.5;23308.5;23313.25;1224
20260327 194600;23312.75;23316.25;23289;23290;4208
20260327 194700;23289.25;23297.25;23280;23282.5;4222
20260327 194800;23282.75;23307.25;23282.25;23298;4087
20260327 194900;23298.25;23305.75;23296.5;23300.75;2263
20260327 195000;23300.5;23306;23295.5;23301.25;1796
20260327 195100;23302;23302;23278;23285;4360
20260327 195200;23285;23290;23272.5;23278.5;2985
20260327 195300;23278.75;23283.5;23269;23280.75;3944
20260327 195400;23281;23323.75;23279.25;23323.25;6557
20260327 195500;23323.25;23323.25;23301.25;23309;5235
20260327 195600;23308.5;23347;23308;23334.25;6423
20260327 195700;23334;23334.25;23313;23323;3376
20260327 195800;23323.25;23326.75;23315.5;23321;2160
20260327 195900;23321.25;23336.5;23321.25;23335;2968
20260327 200000;23335.25;23351.25;23308.25;23309.25;10179
20260327 200100;23309;23317.25;23287.5;23291.75;6160
20260327 200200;23291.5;23331;23282.75;23300.25;5868
20260327 200300;23300;23304;23287.25;23292.25;2353
20260327 200400;23292.75;23299.5;23288.5;23298;1251
20260327 200500;23298;23298.25;23287.25;23290;1228
20260327 200600;23289.75;23297.75;23285.25;23289.75;1280
20260327 200700;23290;23297;23289;23291.25;963
20260327 200800;23291.75;23300;23291;23295.5;1033
20260327 200900;23295.25;23295.5;23285.75;23286.25;1174
20260327 201000;23287;23293;23286;23289;914
20260327 201100;23289.25;23295.75;23288.75;23292;1031
20260327 201200;23291.5;23291.5;23280;23286;1312
20260327 201300;23287;23289;23283.25;23284;547
20260327 201400;23283.5;23285.5;23279.5;23282.25;1100
20260327 201500;23282.25;23282.25;23275;23280;1443
20260327 201600;23279.75;23283.25;23275.75;23280.75;754
20260327 201700;23280.25;23285;23277.25;23280.5;682
20260327 201800;23280.75;23280.75;23256;23262.5;2353
20260327 201900;23262.5;23271.5;23261.75;23268.5;1263
20260327 202000;23267.5;23271.75;23262.5;23262.5;640
20260327 202100;23262.5;23265.5;23231;23247.5;3319
20260327 202200;23247.5;23247.75;23234.5;23243;1326
20260327 202300;23243;23243;23235.25;23239.25;891
20260327 202400;23239.75;23249;23239.75;23243;1117
20260327 202500;23242;23257.75;23240.75;23255.5;1222
20260327 202600;23256;23258.5;23250.25;23256.5;751
20260327 202700;23256.25;23262;23250.75;23254.25;914
20260327 202800;23255;23256;23249;23253.25;586
20260327 202900;23253.5;23255;23242.75;23254.25;1066
20260327 203000;23254.75;23259.25;23250.75;23257.25;620
20260327 203100;23257.5;23263;23255.5;23257.5;689
20260327 203200;23257.75;23260;23255;23257.5;359
20260327 203300;23257;23257;23250.5;23251.75;610
20260327 203400;23251.5;23252.25;23242.25;23251.25;692
20260327 203500;23251;23254.5;23248;23249.25;583
20260327 203600;23249.75;23255;23249.25;23250.5;394
20260327 203700;23250;23257.25;23249.5;23256.5;376
20260327 203800;23256.25;23260.5;23256;23259.5;474
20260327 203900;23259;23266.5;23258.5;23265.25;602
20260327 204000;23265;23267.75;23259.75;23262.25;659
20260327 204100;23261.75;23274.5;23256.5;23268.5;1379
20260327 204200;23268.25;23271;23262.25;23266.5;569
20260327 204300;23267;23273.75;23257.25;23269.75;1024
20260327 204400;23269.75;23271.75;23261;23264.75;716
20260327 204500;23264.5;23266.5;23252.5;23258.5;870
20260327 204600;23259.5;23261.75;23253.75;23259;610
20260327 204700;23258.75;23266;23256;23257.25;510
20260327 204800;23256;23263.75;23256;23262.75;396
20260327 204900;23262.75;23264.75;23260.5;23262.75;282
20260327 205000;23262.75;23264.25;23259.5;23262.5;496
20260327 205100;23262;23264.75;23261.5;23262.75;345
20260327 205200;23262.75;23268.25;23262.75;23263.5;251
20260327 205300;23263.75;23269.5;23263.5;23269;466
20260327 205400;23268.5;23269;23257.75;23259;647
20260327 205500;23259.5;23276;23257.25;23275.25;503
20260327 205600;23275.5;23278.5;23266.5;23269.5;412
20260327 205700;23268.5;23271;23265.25;23266.75;239
20260327 205800;23266.5;23267.5;23260.75;23263.5;308
20260327 205900;23263.5;23265.75;23261.25;23263.25;297
20260327 210000;23262.75;23263.75;23249.25;23255;977
